1.000000000000000000e+12 1.311833707036454480e-17
1.001222596278786133e+12 1.311902290540064651e-17
1.002446687299233276e+12 1.311902290540064651e-17
1.003672274888806763e+12 1.311902290540064651e-17
1.004899360877206543e+12 1.311902290540064651e-17
1.006127947096369507e+12 1.322543291738920546e-17
1.007358035380472534e+12 1.331638880595288555e-17
1.008589627565933838e+12 1.339249037726301244e-17
1.009822725491418213e+12 1.345470673185538482e-17
1.011057330997837891e+12 1.354094082152817056e-17
1.012293445928355225e+12 1.356772670148502763e-17
1.013531072128386719e+12 1.358608506399243368e-17
1.014770211445605225e+12 1.359755043497999751e-17
1.016010865729941650e+12 1.360400853628204791e-17
1.017253036833589233e+12 1.360930822931756302e-17
1.018496726611005859e+12 1.361064747878203571e-17
1.019741936918916504e+12 1.361135905212055291e-17
1.020988669616315796e+12 1.361135905212055291e-17
1.022236926564471313e+12 1.361135905212055291e-17
1.023486709626926880e+12 1.361135905212055291e-17
1.024738020669503784e+12 1.372176246328622036e-17
1.025990861560305054e+12 1.381613178225701498e-17
1.027245234169717407e+12 1.389508932497967171e-17
1.028501140370413818e+12 1.395964056079786772e-17
1.029758582037358032e+12 1.401054761074854477e-17
1.031017561047805176e+12 1.407690199084351118e-17
1.032278079281305298e+12 1.409594931361283443e-17
1.033540138619707153e+12 1.410784496181032774e-17
1.034803740947159790e+12 1.411454542542343659e-17
1.036068888150115723e+12 1.411796145292339527e-17
1.037335582117333984e+12 1.412143351691815522e-17
1.038603824739883179e+12 1.412217179447680654e-17
1.039873617911143188e+12 1.412217179447680654e-17
1.041144963526809326e+12 1.412217179447680654e-17
1.042417863484894165e+12 1.412217179447680654e-17
1.043692319685731079e+12 1.412217179447680654e-17
1.044968334031976440e+12 1.433462932077801708e-17
1.046245908428613281e+12 1.441655001499593819e-17
1.047525044782953369e+12 1.448352375643348459e-17
1.048805745004640137e+12 1.453634126732277892e-17
1.050088011005652466e+12 1.460518582218529831e-17
1.051371844700306030e+12 1.462494796080372448e-17
1.052657248005256958e+12 1.463729003383319977e-17
1.053944222839505493e+12 1.464424195523095317e-17
1.055232771124397217e+12 1.464778618083137481e-17
1.056522894783627197e+12 1.465138854588747719e-17
1.057814595743241821e+12 1.465215452983333699e-17
1.059107875931643188e+12 1.465215452983333699e-17
1.060402737279590332e+12 1.465215452983333699e-17
1.061699181720203003e+12 1.465215452983333699e-17
1.062997211188964478e+12 1.465215452983333699e-17
1.064296827623724121e+12 1.487258525052524924e-17
1.065598032964700806e+12 1.495758029861988311e-17
1.066900829154485229e+12 1.502706745847498636e-17
1.068205218138043457e+12 1.508186712687540732e-17
1.069511201862718872e+12 1.512337914393633443e-17
1.070818782278236450e+12 1.517379908919356340e-17
1.072127961336704102e+12 1.518660434067174216e-17
1.073438740992616943e+12 1.519381715666644706e-17
1.074751123202859497e+12 1.519749439143895576e-17
1.076065109926708496e+12 1.520123194754881274e-17
1.077380703125836426e+12 1.520202667765870179e-17
1.078697904764314209e+12 1.520202667765870179e-17
1.080016716808613159e+12 1.520202667765870179e-17
1.081337141227610229e+12 1.520202667765870179e-17
1.082659179992588379e+12 1.520202667765870179e-17
1.083982835077241089e+12 1.532533219001923964e-17
1.085308108457674561e+12 1.551891459169779998e-17
1.086635002112411377e+12 1.559100949458195893e-17
1.087963518022392822e+12 1.564786570772479995e-17
1.089293658170982056e+12 1.569093560502343491e-17
1.090625424543967285e+12 1.574324773095180148e-17
1.091958819129564209e+12 1.575653354323210973e-17
1.093293843918419678e+12 1.576401704478468094e-17
1.094630500903614136e+12 1.576783228035279328e-17
1.095968792080664917e+12 1.577015820906880892e-17
1.097308719447528442e+12 1.577253465609440097e-17
1.098650285004604492e+12 1.577253465609440097e-17
1.099993490754738281e+12 1.577253465609440097e-17
1.101338338703224121e+12 1.577253465609440097e-17
1.102684830857807129e+12 1.577253465609440097e-17
1.104032969228687988e+12 1.590046762899545884e-17
1.105382755828524170e+12 1.610131487153926128e-17
1.106734192672434570e+12 1.617611538191721598e-17
1.108087281778001221e+12 1.623510531866871952e-17
1.109442025165273193e+12 1.627979156098241363e-17
1.110798424856769287e+12 1.631199527180447629e-17
1.112156482877480469e+12 1.634785128589298803e-17
1.113516201254874512e+12 1.635561563140359971e-17
1.114877582018896729e+12 1.635957404671855297e-17
1.116240627201975098e+12 1.636198726385458548e-17
1.117605338839022461e+12 1.636445289517232269e-17
1.118971718967438477e+12 1.636445289517232269e-17
1.120339769627114990e+12 1.636445289517232269e-17
1.121709492860437256e+12 1.636445289517232269e-17
1.123080890712287354e+12 1.636445289517232269e-17
1.124453965230048096e+12 1.649718698987724492e-17
1.125828718463604736e+12 1.670557171125513770e-17
1.127205152465348877e+12 1.678317936628995491e-17
1.128583269290181641e+12 1.684438310191694947e-17
1.129963070995515869e+12 1.689074634811353658e-17
1.131344559641280762e+12 1.692415861318621016e-17
1.132727737289923340e+12 1.696136024668100899e-17
1.134112606006411621e+12 1.696941597577849727e-17
1.135499167858239746e+12 1.697352294414937455e-17
1.136887424915427979e+12 1.697602672550154718e-17
1.138277379250528320e+12 1.697769728320498936e-17
1.139669032938626221e+12 1.697858488805663424e-17
1.141062388057344971e+12 1.697858488805663424e-17
1.142457446686846680e+12 1.697858488805663424e-17
1.143854210909837402e+12 1.697858488805663424e-17
1.145252682811569824e+12 1.711630028306087150e-17
1.146652864479844971e+12 1.723401501579537397e-17
1.148054758005017578e+12 1.741302550029637479e-17
1.149458365479997314e+12 1.747652611516359163e-17
1.150863689000252930e+12 1.752462930054211936e-17
1.152270730663814453e+12 1.755929547499186142e-17
1.153679492571278320e+12 1.759789322685756202e-17
1.155089976825807861e+12 1.760625127470633891e-17
1.156502185533138428e+12 1.761051237109398791e-17
1.157916120801579102e+12 1.761311011539386335e-17
1.159331784742017578e+12 1.761484336648144841e-17
1.160749179467921631e+12 1.761576428173704443e-17
1.162168307095343262e+12 1.761576428173704443e-17
1.163589169742921143e+12 1.761576428173704443e-17
1.165011769531884766e+12 1.761576428173704443e-17
1.166436108586056396e+12 1.775864791734954389e-17
1.167862189031855713e+12 1.788078029752201365e-17
1.169290012998301025e+12 1.806650876192115516e-17
1.170719582617014404e+12 1.813239245426780942e-17
1.172150900022224121e+12 1.818230087598938958e-17
1.173583967350767090e+12 1.821826801704870606e-17
1.175018786742093262e+12 1.824291898296751486e-17
1.176455360338267822e+12 1.826698599353993546e-17
1.177893690283975586e+12 1.827140700212466217e-17
1.179333778726522461e+12 1.827410223565281237e-17
1.180775627815840088e+12 1.827590053290792787e-17
1.182219239704489258e+12 1.827685600865416937e-17
1.183664616547661377e+12 1.827685600865416937e-17
1.185111760503183350e+12 1.827685600865416937e-17
1.186560673731520264e+12 1.827685600865416937e-17
1.188011358395778320e+12 1.842510184075752213e-17
1.189463816661708740e+12 1.855181765567794648e-17
1.190918050697710205e+12 1.865783907746347891e-17
1.192374062674832520e+12 1.881287241806696332e-17
1.193831854766779785e+12 1.886465382379173474e-17
1.195291429149913818e+12 1.890197075467650771e-17
1.196752788003257568e+12 1.892754683229463707e-17
1.198215933508497314e+12 1.895251703964731484e-17
1.199680867849987061e+12 1.895710396168054247e-17
1.201147593214751465e+12 1.895990034305326105e-17
1.202616111792488770e+12 1.896176612755553115e-17
1.204086425775574463e+12 1.896275746079288316e-17
1.205558537359064453e+12 1.896275746079288316e-17
1.207032448740698730e+12 1.896275746079288316e-17
1.208508162120903076e+12 1.896275746079288316e-17
1.209985679702794922e+12 1.911656672412669899e-17
1.211465003692183838e+12 1.924803798284017787e-17
1.212946136297577637e+12 1.935803822062809536e-17
1.214429079730183105e+12 1.951888971690340100e-17
1.215913836203911133e+12 1.957261439675385391e-17
1.217400407935378418e+12 1.961133177293792202e-17
1.218888797143913086e+12 1.963786768023189744e-17
1.220379006051555420e+12 1.965444018344367905e-17
1.221871036883062500e+12 1.966853404185978701e-17
1.223364891865912354e+12 1.967143536699544633e-17
1.224860573230305176e+12 1.967337117143434513e-17
1.226358083209168457e+12 1.967439970783763910e-17
1.227857424038159424e+12 1.967439970783763910e-17
1.229358597955668213e+12 1.967439970783763910e-17
1.230861607202822754e+12 1.967439970783763910e-17
1.232366454023489502e+12 1.983398118916250895e-17
1.233873140664279541e+12 1.997038635594110356e-17
1.235381669374549805e+12 2.008451472839280689e-17
1.236892042406407715e+12 2.017781965189522540e-17
1.238404262014714111e+12 2.030714360848084979e-17
1.239918330457086182e+12 2.034731398645773776e-17
1.241434249993901611e+12 2.037484574431475111e-17
1.242952022888302002e+12 2.039204018731820774e-17
1.244471651406194824e+12 2.040666296591343330e-17
1.245993137816259033e+12 2.040967317318520984e-17
1.247516484389946289e+12 2.041168162529803428e-17
1.249041693401485840e+12 2.041274876104315875e-17
1.250568767127887207e+12 2.041274876104315875e-17
1.252097707848943848e+12 2.041274876104315875e-17
1.253628517847236572e+12 2.041274876104315875e-17
1.255161199408136963e+12 2.057831908255604333e-17
1.256695754819810059e+12 2.071984331915323000e-17
1.258232186373218994e+12 2.083825474862293046e-17
1.259770496362127930e+12 2.093506125809241526e-17
1.261310687083104736e+12 2.106923853789602049e-17
1.262852760835525879e+12 2.111091644652118976e-17
1.264396719921578125e+12 2.113948142763525892e-17
1.265942566646263672e+12 2.115732115084551202e-17
1.267490303317402344e+12 2.116736973451692924e-17
1.269039932245635742e+12 2.117561587473824509e-17
1.270591455744430176e+12 2.117769970087710981e-17
1.272144876130080811e+12 2.117880688453621173e-17
1.273700195721714355e+12 2.117880688453621173e-17
1.275257416841292969e+12 2.117880688453621173e-17
1.276816541813617432e+12 2.117880688453621173e-17
1.278377572966331299e+12 2.135059079792194928e-17
1.279940512629923584e+12 2.149742621491847963e-17
1.281505363137732666e+12 2.162028143775092841e-17
1.283072126825949463e+12 2.172072094216167298e-17
1.284640806033620850e+12 2.185993368271507552e-17
1.286211403102654541e+12 2.190317569722555653e-17
1.287783920377820312e+12 2.193281267682871105e-17
1.289358360206754639e+12 2.195132189658967503e-17
1.290934724939965332e+12 2.196174758768749170e-17
1.292513016930832764e+12 2.197030319248792898e-17
1.294093238535614990e+12 2.197246522132062399e-17
1.295675392113450928e+12 2.197361395582847088e-17
1.297259480026363770e+12 2.197361395582847088e-17
1.298845504639263916e+12 2.197361395582847088e-17
1.300433468319954102e+12 2.197361395582847088e-17
1.302023373439130859e+12 2.215184464734659851e-17
1.303615222370390381e+12 2.230419056492898516e-17
1.305209017490229248e+12 2.243165634964930320e-17
1.306804761178050781e+12 2.253586518954613066e-17
1.308402455816166992e+12 2.261804742123680081e-17
1.310002103789802734e+12 2.272516718252602820e-17
1.311603707487098145e+12 2.275591639102331834e-17
1.313207269299114014e+12 2.277512023247993816e-17
1.314812791619833984e+12 2.278593718324846581e-17
1.316420276846168701e+12 2.279145187647337668e-17
1.318029727377959473e+12 2.279705703269316426e-17
1.319641145617981201e+12 2.279824887738728644e-17
1.321254533971947021e+12 2.279824887738728644e-17
1.322869894848510498e+12 2.279824887738728644e-17
1.324487230659270264e+12 2.279824887738728644e-17
1.326106543818774170e+12 2.279824887738728644e-17
1.327727836744520996e+12 2.314123150293383900e-17
1.329351111856965576e+12 2.327348087662570764e-17
1.330976371579522217e+12 2.338160050919808985e-17
1.332603618338567627e+12 2.346686690985250274e-17
1.334232854563445312e+12 2.357800670608571406e-17
1.335864082686468750e+12 2.360990988366556755e-17
1.337497305142925293e+12 2.362983441486967148e-17
1.339132524371079346e+12 2.364105730866452501e-17
1.340769742812177246e+12 2.364677895958989048e-17
1.342408962910448242e+12 2.365259446844302194e-17
1.344050187113111816e+12 2.365383104118041427e-17
1.345693417870378174e+12 2.365383104118041427e-17
1.347338657635453369e+12 2.365383104118041427e-17
1.348985908864543213e+12 2.365383104118041427e-17
1.350635174016855957e+12 2.365383104118041427e-17
1.352286455554606689e+12 2.400968526131682685e-17
1.353939755943020508e+12 2.414689774449627586e-17
1.355595077650337158e+12 2.425907493559793389e-17
1.357252423147813477e+12 2.434754124919140789e-17
1.358911794909727295e+12 2.441455652914484202e-17
1.360573195413382568e+12 2.449595239920557098e-17
1.362236627139111084e+12 2.451662466650168710e-17
1.363902092570277588e+12 2.452826873772155117e-17
1.365569594193282715e+12 2.453420511314201390e-17
1.367239134497566895e+12 2.454023886882957612e-17
1.368910715975614502e+12 2.454152184818284673e-17
1.370584341122956543e+12 2.454152184818284673e-17
1.372260012438176025e+12 2.454152184818284673e-17
1.373937732422910156e+12 2.454152184818284673e-17
1.375617503581854004e+12 2.454152184818284673e-17
1.377299328422766357e+12 2.491073071346313477e-17
1.378983209456470947e+12 2.505309256376675717e-17
1.380669149196860840e+12 2.516947958714137352e-17
1.382357150160903809e+12 2.526126590133727232e-17
1.384047214868643799e+12 2.533079615858296027e-17
1.385739345843206543e+12 2.541524668670119860e-17
1.387433545610802002e+12 2.543669475144030158e-17
1.389129816700728760e+12 2.544877580620672201e-17
1.390828161645378174e+12 2.545493496439241331e-17
1.392528582980236816e+12 2.545868984731768225e-17
1.394231083243891846e+12 2.546252628490829047e-17
1.395935664978033691e+12 2.546252628490829047e-17
1.397642330727460693e+12 2.546252628490829047e-17
1.399351083040082275e+12 2.546252628490829047e-17
1.401061924466922119e+12 2.546252628490829047e-17
1.402774857562124268e+12 2.566905597441135976e-17
1.404489884882954590e+12 2.599329543902695624e-17
1.406207008989805420e+12 2.611405028301059678e-17
1.407926232446199219e+12 2.620928119217203823e-17
1.409647557818793457e+12 2.628142080982357924e-17
1.411370987677382568e+12 2.633340914595073894e-17
1.413096524594903564e+12 2.639129360910821309e-17
1.414824171147438965e+12 2.640382804672142712e-17
1.416553929914220703e+12 2.641021834835660191e-17
1.418285803477633545e+12 2.641411414608963600e-17
1.420019794423220459e+12 2.641809455910540336e-17
1.421755905339685059e+12 2.641809455910540336e-17
1.423494138818895508e+12 2.641809455910540336e-17
1.425234497455889404e+12 2.641809455910540336e-17
1.426976983848876709e+12 2.641809455910540336e-17
1.428721600599243896e+12 2.663237498067491542e-17
1.430468350311557861e+12 2.696878263874321146e-17
1.432217235593570068e+12 2.709406922072390939e-17
1.433968259056220215e+12 2.719287399504309075e-17
1.435721423313639648e+12 2.726772089826280528e-17
1.437476730983156494e+12 2.732166027428583307e-17
1.439234184685298340e+12 2.738171704964608501e-17
1.440993787043796387e+12 2.739472188484609365e-17
1.442755540685590088e+12 2.740135200437823193e-17
1.444519448240830322e+12 2.740539400522853351e-17
1.446285512342883789e+12 2.740809088435175671e-17
1.448053735628336426e+12 2.740952379683908539e-17
1.449824120736998047e+12 2.740952379683908539e-17
1.451596670311905518e+12 2.740952379683908539e-17
1.453371386999327148e+12 2.740952379683908539e-17
1.455148273448766846e+12 2.763184582317091498e-17
1.456927332312967529e+12 2.782187960922540806e-17
1.458708566247914795e+12 2.811086671664124560e-17
1.460491977912843018e+12 2.821337947761588503e-17
1.462277569970236328e+12 2.829103526654232386e-17
1.464065345085834473e+12 2.834699890189770536e-17
1.465855305928636230e+12 2.840930951289636537e-17
1.467647455170903320e+12 2.842280239895940634e-17
1.469441795488165283e+12 2.842968133637427495e-17
1.471238329559221924e+12 2.843387502711321635e-17
1.473037060066148682e+12 2.843667311583759096e-17
1.474837989694299561e+12 2.843815980326057822e-17
1.476641121132312256e+12 2.843815980326057822e-17
1.478446457072111084e+12 2.843815980326057822e-17
1.480254000208912109e+12 2.843815980326057822e-17
1.482063753241226074e+12 2.866882522304208366e-17
1.483875718870862549e+12 2.886599067603909304e-17
1.485689899802935059e+12 2.916582301178808911e-17
1.487506298745864258e+12 2.927218291428322872e-17
1.489324918411381836e+12 2.935275300194717348e-17
1.491145761514535156e+12 2.941081686388086453e-17
1.492968830773690674e+12 2.945061236164594171e-17
1.494794128910538086e+12 2.948946514610075927e-17
1.496621658650095459e+12 2.949660223913930966e-17
1.498451422720711914e+12 2.950095331244812334e-17
1.500283423854072021e+12 2.950385640900963957e-17
1.502117664785200684e+12 2.950539888945642743e-17
1.503954148252465820e+12 2.950539888945642743e-17
1.505792876997584473e+12 2.950539888945642743e-17
1.507633853765624512e+12 2.950539888945642743e-17
1.509477081305010254e+12 2.974472081702633758e-17
1.511322562367526611e+12 2.994928557712836199e-17
1.513170299708322754e+12 3.012044216659474583e-17
1.515020296085915771e+12 3.037072156659137824e-17
1.516872554262195801e+12 3.045431532200766606e-17
1.518727077002429688e+12 3.051455822869600712e-17
1.520583867075264648e+12 3.055584718844888216e-17
1.522442927252733154e+12 3.059615805635441681e-17
1.524304260310256592e+12 3.060356299318825137e-17
1.526167869026649902e+12 3.060807735538545253e-17
1.528033756184124756e+12 3.061108940056188591e-17
1.529901924568295166e+12 3.061268976785627070e-17
1.531772376968180176e+12 3.061268976785627070e-17
1.533645116176208740e+12 3.061268976785627070e-17
1.535520144988224365e+12 3.061268976785627070e-17
1.537397466203488281e+12 3.086099306823839236e-17
1.539277082624683838e+12 3.107323481971925256e-17
1.541158997057921387e+12 3.125081464484512355e-17
1.543043212312742188e+12 3.151048663423550833e-17
1.544929731202122070e+12 3.159721753086485470e-17
1.546818556542475586e+12 3.165972125840547354e-17
1.548709691153661865e+12 3.170255972740865564e-17
1.550603137858986328e+12 3.172931368977662687e-17
1.552498899485207031e+12 3.175206623070936398e-17
1.554396978862537354e+12 3.175675000976825827e-17
1.556297378824651123e+12 3.175987509222853400e-17
1.558200102208686768e+12 3.176153551877220447e-17
1.560105151855251221e+12 3.176153551877220447e-17
1.562012530608424561e+12 3.176153551877220447e-17
1.563922241315763672e+12 3.176153551877220447e-17
1.565834286828307373e+12 3.201915724866005149e-17
1.567748670000579346e+12 3.223936409684441994e-17
1.569665393690593750e+12 3.242360821148849932e-17
1.571584460759859131e+12 3.269302527927302319e-17
1.573505874073382568e+12 3.278301104905534119e-17
1.575429636499672607e+12 3.284786044247328678e-17
1.577355750910746826e+12 3.289230657135422469e-17
1.579284220182132080e+12 3.292006456754672403e-17
1.581215047192872314e+12 3.294367097529650501e-17
1.583148234825531250e+12 3.294853052916351717e-17
1.585083785966195801e+12 3.295177289101783353e-17
1.587021703504482178e+12 3.295349563073926851e-17
1.588961990333539795e+12 3.295349563073926851e-17
1.590904649350053955e+12 3.295349563073926851e-17
1.592849683454252930e+12 3.295349563073926851e-17
1.594797095549909668e+12 3.322078549603009892e-17
1.596746888544348145e+12 3.344925635837910205e-17
1.598699065348445801e+12 3.364041486276957408e-17
1.600653628876639648e+12 3.379669527968814329e-17
1.602610582046929932e+12 3.401330551947079765e-17
1.604569927780883545e+12 3.408058860789047582e-17
1.606531669003640869e+12 3.412670272957755616e-17
1.608495808643916748e+12 3.415550243939344302e-17
1.610462349634007812e+12 3.417172445642737510e-17
1.612431294909795654e+12 3.418503668345445319e-17
1.614402647410750488e+12 3.418840072601266411e-17
1.616376410079937500e+12 3.419018811742671720e-17
1.618352585864018799e+12 3.419018811742671720e-17
1.620331177713260010e+12 3.419018811742671720e-17
1.622312188581533691e+12 3.419018811742671720e-17
1.624295621426322754e+12 3.446750894792612644e-17
1.626281479208727295e+12 3.470455395979966708e-17
1.628269764893466797e+12 3.490288634003004689e-17
1.630260481448885254e+12 3.506503171341894263e-17
1.632253631846957031e+12 3.528977099235060251e-17
1.634249219063288330e+12 3.535957910849001002e-17
1.636247246077124023e+12 3.540742382011085151e-17
1.638247715871352051e+12 3.543730433741214081e-17
1.640250631432506348e+12 3.545413514104673038e-17
1.642255995750772217e+12 3.546794695486514073e-17
1.644263811819991455e+12 3.547143724461131096e-17
1.646274082637665283e+12 3.547329171399357450e-17
1.648286811204960205e+12 3.547329171399357450e-17
1.650302000526711426e+12 3.547329171399357450e-17
1.652319653611428955e+12 3.547329171399357450e-17
1.654339773471299561e+12 3.576101995593496525e-17
1.656362363122193359e+12 3.600696089158168593e-17
1.658387425583667969e+12 3.621273637184753046e-17
1.660414963878972168e+12 3.638096680423193897e-17
1.662444981035051758e+12 3.651363839318086874e-17
1.664477480082551758e+12 3.668656809642334086e-17
1.666512464055823975e+12 3.673620834427658312e-17
1.668549935992929443e+12 3.676721023005601198e-17
1.670589898935643066e+12 3.678467266708795038e-17
1.672632355929459473e+12 3.679900281639854048e-17
1.674677310023596436e+12 3.680262409118962971e-17
1.676724764270998779e+12 3.680454815586999683e-17
1.678774721728344971e+12 3.680454815586999683e-17
1.680827185456050293e+12 3.680454815586999683e-17
1.682882158518271484e+12 3.680454815586999683e-17
1.684939643982911377e+12 3.680454815586999683e-17
1.686999644921624268e+12 3.735824509226387733e-17
1.689062164409818848e+12 3.757174300031828454e-17
1.691127205526664795e+12 3.774628685432245810e-17
1.693194771355095947e+12 3.788393739782870011e-17
1.695264864981814697e+12 3.806335687888174615e-17
1.697337489497298340e+12 3.811486004659773476e-17
1.699412647995802002e+12 3.814702538403783324e-17
1.701490343575363770e+12 3.816514315866791047e-17
1.703570579337809570e+12 3.817437995479844864e-17
1.705653358388757324e+12 3.818376827127779792e-17
1.707738683837622803e+12 3.818576454305754914e-17
1.709826558797621826e+12 3.818576454305754914e-17
1.711916986385777344e+12 3.818576454305754914e-17
1.714009969722923340e+12 3.818576454305754914e-17
1.716105511933708984e+12 3.818576454305754914e-17
1.718203616146603760e+12 3.876024084831758599e-17
1.720304285493901123e+12 3.898175099464174330e-17
1.722407523111726074e+12 3.916284520297745818e-17
1.724513332140035645e+12 3.930566155331798216e-17
1.726621715722627197e+12 3.941384824394893352e-17
1.728732677007140869e+12 3.954525036327181652e-17
1.730846219145065918e+12 3.957862281487030090e-17
1.732962345291743652e+12 3.959742052088038251e-17
1.735081058606374023e+12 3.960700395933693820e-17
1.737202362252018555e+12 3.961674460446095519e-17
1.739326259395606201e+12 3.961881579315813971e-17
1.741452753207938232e+12 3.961881579315813971e-17
1.743581846863692139e+12 3.961881579315813971e-17
1.745713543541426758e+12 3.961881579315813971e-17
1.747847846423587158e+12 3.961881579315813971e-17
1.749984758696509033e+12 4.021485128407956725e-17
1.752124283550423828e+12 4.044467435528288408e-17
1.754266424179463379e+12 4.063256474237125480e-17
1.756411183781664795e+12 4.078074076409296803e-17
1.758558565558974609e+12 4.089298752983589223e-17
1.760708572717254395e+12 4.102932096253208209e-17
1.762861208466285400e+12 4.106394582937102076e-17
1.765016476019772949e+12 4.108344898350868451e-17
1.767174378595350830e+12 4.109339207322859709e-17
1.769334919414587646e+12 4.109945380060888279e-17
1.771498101702990234e+12 4.110564718646101960e-17
1.773663928690009033e+12 4.110564718646101960e-17
1.775832403609042725e+12 4.110564718646101960e-17
1.778003529697443115e+12 4.110564718646101960e-17
1.780177310196519775e+12 4.110564718646101960e-17
1.782353748351545410e+12 4.143906015794901951e-17
1.784532847411760498e+12 4.196249891211205171e-17
1.786714610630377930e+12 4.215744052777528077e-17
1.788899041264587646e+12 4.231117736085442235e-17
1.791086142575561768e+12 4.242763656989637239e-17
1.793275917828459961e+12 4.256908638034469417e-17
1.795468370292433838e+12 4.260501066358400866e-17
1.797663503240631592e+12 4.262524574019990459e-17
1.799861319950203125e+12 4.263556197832534549e-17
1.802061823702305420e+12 4.264185119273133667e-17
1.804265017782106689e+12 4.264827700654305138e-17
1.806470905478790771e+12 4.264827700654305138e-17
1.808679490085564697e+12 4.264827700654305138e-17
1.810890774899660156e+12 4.264827700654305138e-17
1.813104763222340820e+12 4.264827700654305138e-17
1.815321458358905762e+12 4.299420243866417714e-17
1.817540863618696045e+12 4.353728502004869328e-17
1.819762982315098145e+12 4.373954248572477830e-17
1.821987817765549072e+12 4.389904881860225408e-17
1.824215373291542969e+12 4.401987855726696602e-17
1.826445652218633545e+12 4.410695605049962521e-17
1.828678657876441162e+12 4.420390921969784803e-17
1.830914393598656738e+12 4.422490368668310136e-17
1.833152862723046387e+12 4.423560707688259052e-17
1.835394068591457764e+12 4.424213231554197653e-17
1.837638014549823730e+12 4.424648604543127931e-17
1.839884703948168457e+12 4.424879927996639356e-17
1.842134140140611084e+12 4.424879927996639356e-17
1.844386326485371826e+12 4.424879927996639356e-17
1.846641266344776855e+12 4.424879927996639356e-17
1.848898963085262939e+12 4.460770674554618040e-17
1.851159420077382324e+12 4.491448941414937762e-17
1.853422640695809082e+12 4.538101822381868784e-17
1.855688628319341797e+12 4.554651057668199366e-17
1.857957386330910889e+12 4.567187486402249836e-17
1.860228918117582275e+12 4.576222023762957897e-17
1.862503227070562988e+12 4.586281190567636013e-17
1.864780316585206787e+12 4.588459426174850715e-17
1.867060190061017334e+12 4.589569933322606956e-17
1.869342850901655762e+12 4.590246945375517956e-17
1.871628302514943604e+12 4.590698657223012175e-17
1.873916548312869141e+12 4.590938661879274693e-17
1.876207591711592285e+12 4.590938661879274693e-17
1.878501436131449463e+12 4.590938661879274693e-17
1.880798084996958008e+12 4.590938661879274693e-17
1.883097541736823242e+12 4.628176331298100566e-17
1.885399809783942139e+12 4.660005904913729741e-17
1.887704892575407959e+12 4.708409594596695623e-17
1.890012793552517090e+12 4.725579896466322209e-17
1.892323516160772705e+12 4.738586797510777158e-17
1.894637063849890381e+12 4.747960386746281294e-17
1.896953440073803467e+12 4.754384806980302213e-17
1.899272648290668213e+12 4.760657039484419765e-17
1.901594691962868896e+12 4.761809222206185975e-17
1.903919574557021973e+12 4.762511641448932039e-17
1.906247299543983643e+12 4.762980305326469479e-17
1.908577870398852295e+12 4.763229316977270362e-17
1.910911290600975586e+12 4.763229316977270362e-17
1.913247563633954590e+12 4.763229316977270362e-17
1.915586692985650146e+12 4.763229316977270362e-17
1.917928682148186768e+12 4.801864457138139966e-17
1.920273534617958252e+12 4.834888544227727286e-17
1.922621253895633789e+12 4.862519354703957087e-17
1.924971843486161865e+12 4.902923423802153396e-17
1.927325306898775879e+12 4.916418453237508089e-17
1.929681647647000732e+12 4.926143818427548732e-17
1.932040869248656006e+12 4.932809336975501966e-17
1.934402975225862061e+12 4.939316956429141060e-17
1.936767969105045898e+12 4.940512378743187622e-17
1.939135854416946045e+12 4.941241158667354090e-17
1.941506634696616943e+12 4.941727410757766433e-17
1.943880313483435547e+12 4.941985767421342124e-17
1.946256894321105957e+12 4.941985767421342124e-17
1.948636380757665039e+12 4.941985767421342124e-17
1.951018776345486572e+12 4.941985767421342124e-17
1.953404084641288574e+12 4.982070823187355378e-17
1.955792309206136719e+12 5.016334251949250674e-17
1.958183453605450684e+12 5.045002002970420753e-17
1.960577521409009033e+12 5.086922372774473553e-17
1.962974516190955811e+12 5.100923849285955020e-17
1.965374441529802979e+12 5.111014192024830257e-17
1.967777301008438232e+12 5.117929856924493301e-17
1.970183098214131348e+12 5.122248905732268624e-17
1.972591836738535400e+12 5.125921981646699774e-17
1.975003520177695312e+12 5.126678111526900318e-17
1.977418152132054443e+12 5.127182611887954324e-17
1.979835736206455322e+12 5.127450664267830143e-17
1.982256276010149170e+12 5.127450664267830143e-17
1.984679775156799561e+12 5.127450664267830143e-17
1.987106237264488281e+12 5.127450664267830143e-17
1.989535665955720947e+12 5.169040048674719316e-17
1.991968064857430176e+12 5.204589329638542063e-17
1.994403437600986084e+12 5.234332935940601517e-17
1.996841787822195312e+12 5.277826510813905194e-17
1.999283119161311279e+12 5.292353440557975886e-17
2.001727435263037842e+12 5.302822457874901736e-17
2.004174739776534668e+12 5.309997656722577657e-17
2.006625036355422852e+12 5.314478792589949469e-17
2.009078328657790039e+12 5.318289713224630063e-17
2.011534620346196777e+12 5.319074219461387073e-17
2.013993915087681885e+12 5.319597652921770330e-17
2.016456216553765381e+12 5.319875764882818312e-17
2.018921528420459473e+12 5.319875764882818312e-17
2.021389854368267822e+12 5.319875764882818312e-17
2.023861198082194336e+12 5.319875764882818312e-17
2.026335563251749268e+12 5.363025933001344269e-17
2.028812953570952637e+12 5.399909322163208894e-17
2.031293372738341797e+12 5.430769158890499055e-17
2.033776824456974609e+12 5.455998421722189233e-17
2.036263312434437256e+12 5.490967081131125091e-17
2.038752840382848389e+12 5.501828984083126830e-17
2.041245412018865234e+12 5.509273456776735692e-17
2.043741031063688721e+12 5.513922762574275017e-17
2.046239701243069824e+12 5.516541577775046919e-17
2.048741426287313965e+12 5.518690648536203661e-17
2.051246209931287842e+12 5.519233725625142313e-17
2.053754055914423828e+12 5.519522274687509208e-17
2.056264967980727295e+12 5.519522274687509208e-17
2.058778949878778564e+12 5.519522274687509208e-17
2.061296005361743408e+12 5.519522274687509208e-17
2.063816138187375488e+12 5.564291800257803945e-17
2.066339352118021973e+12 5.602559364584912271e-17
2.068865650920630859e+12 5.634577322096980067e-17
2.071395038366754883e+12 5.660753399194999702e-17
2.073927518232558105e+12 5.697034376994832412e-17
2.076463094298821533e+12 5.708303909957392609e-17
2.079001770350948242e+12 5.716027761917792572e-17
2.081543550178968994e+12 5.720851548796565848e-17
2.084088437577549316e+12 5.723568643983143337e-17
2.086636436345992676e+12 5.725798365965448280e-17
2.089187550288249023e+12 5.726361823877201646e-17
2.091741783212917480e+12 5.726661201728764055e-17
2.094299138933255127e+12 5.726661201728764055e-17
2.096859621267180176e+12 5.726661201728764055e-17
2.099423234037278320e+12 5.726661201728764055e-17
2.101989981070809570e+12 5.773110856670636995e-17
2.104559866199712402e+12 5.812814542064154796e-17
2.107132893260610840e+12 5.846034082799381009e-17
2.109709066094819092e+12 5.873192506603218714e-17
2.112288388548348145e+12 5.894610458089966062e-17
2.114870864471910400e+12 5.922527512705861213e-17
2.117456497720927002e+12 5.930541228594347735e-17
2.120045292155531982e+12 5.935546044552925904e-17
2.122637251640579590e+12 5.938365108017482438e-17
2.125232380045647949e+12 5.940678507933497704e-17
2.127830681245047852e+12 5.941263111528058541e-17
2.130432159117824951e+12 5.941573724556121328e-17
2.133036817547768799e+12 5.941573724556121328e-17
2.135644660423416504e+12 5.941573724556121328e-17
2.138255691638059814e+12 5.941573724556121328e-17
2.140869915089749756e+12 5.989766561463256644e-17
2.143487334681303467e+12 6.030960263271730336e-17
2.146107954320310059e+12 6.065426480744948643e-17
2.148731777919135498e+12 6.093604117170260484e-17
2.151358809394928955e+12 6.115825850446371255e-17
2.153989052669628906e+12 6.144790587896305720e-17
2.156622511669968994e+12 6.153105045846902889e-17
2.159259190327483154e+12 6.158297684619867675e-17
2.161899092578512451e+12 6.161222543070338441e-17
2.164542222364210205e+12 6.162713693157439276e-17
2.167188583630547852e+12 6.164229304061702371e-17
2.169838180328322510e+12 6.164551573904640469e-17
2.172491016413160156e+12 6.164551573904640469e-17
2.175147095845522949e+12 6.164551573904640469e-17
2.177806422590716064e+12 6.164551573904640469e-17
2.180469000618892090e+12 6.164551573904640469e-17
2.183134833905057373e+12 6.257292647813701066e-17
2.185803926429078369e+12 6.293052327827929623e-17
2.188476282175686523e+12 6.322287426309778301e-17
2.191151905134486084e+12 6.345343106032472998e-17
2.193830799299958740e+12 6.362808317007954077e-17
2.196512968671468994e+12 6.384021330579357451e-17
2.199198417253272949e+12 6.389408840859386091e-17
2.201887149054519043e+12 6.392443464613996271e-17
2.204579168089259766e+12 6.393990575201612323e-17
2.207274478376455078e+12 6.395563064582108948e-17
2.209973083939978027e+12 6.395897428701719224e-17
2.212674988808620605e+12 6.395897428701719224e-17
2.215380197016101074e+12 6.395897428701719224e-17
2.218088712601069336e+12 6.395897428701719224e-17
2.220800539607113281e+12 6.395897428701719224e-17
2.223515682082763184e+12 6.492118928195847663e-17
2.226234144081500000e+12 6.529220612351169468e-17
2.228955929661760742e+12 6.559552857765324384e-17
2.231681042886943359e+12 6.583473780623619716e-17
2.234409487825414551e+12 6.601594433298938646e-17
2.237141268550514648e+12 6.623603537664402205e-17
2.239876389140562988e+12 6.629193232670442724e-17
2.242614853678867188e+12 6.632341741047166991e-17
2.245356666253725586e+12 6.633946912244231685e-17
2.248101830958435547e+12 6.634925492390782741e-17
2.250850351891297363e+12 6.635925326935394685e-17
2.253602233155624023e+12 6.635925326935394685e-17
2.256357478859744141e+12 6.635925326935394685e-17
2.259116093117009277e+12 6.635925326935394685e-17
2.261878080045799805e+12 6.635925326935394685e-17
2.264643443769532227e+12 6.689750135283254870e-17
2.267412188416662109e+12 6.774251918459023460e-17
2.270184318120694824e+12 6.805722484991775557e-17
2.272959837020187988e+12 6.830541122189846467e-17
2.275738749258759277e+12 6.849341814253658060e-17
2.278521058985092285e+12 6.872176885439530070e-17
2.281306770352943359e+12 6.877976352844054938e-17
2.284095887521146484e+12 6.881243019752348280e-17
2.286888414653620605e+12 6.882908430481553181e-17
2.289684355919375000e+12 6.883923735190756344e-17
2.292483715492517090e+12 6.884961091941906952e-17
2.295286497552255859e+12 6.884961091941906952e-17
2.298092706282911621e+12 6.884961091941906952e-17
2.300902345873918457e+12 6.884961091941906952e-17
2.303715420519834473e+12 6.884961091941906952e-17
2.306531934420344238e+12 6.940805860078770647e-17
2.309351891780267578e+12 7.028478861310921934e-17
2.312175296809565918e+12 7.061130468350544440e-17
2.315002153723346680e+12 7.086880509685422093e-17
2.317832466741871094e+12 7.106386761938669883e-17
2.320666240090559082e+12 7.120444191569383824e-17
2.323503477999998535e+12 7.136095909400045083e-17
2.326344184705948242e+12 7.139485169142410632e-17
2.329188364449345215e+12 7.141213080097970381e-17
2.332036021476312988e+12 7.142266487584481664e-17
2.334887160038165039e+12 7.142969335694573003e-17
2.337741784391413574e+12 7.143342774691142539e-17
2.340599898797773438e+12 7.143342774691142539e-17
2.343461507524170898e+12 7.143342774691142539e-17
2.346326614842748047e+12 7.143342774691142539e-17
2.349195225030872070e+12 7.201283308507907104e-17
2.352067342371136719e+12 7.250809031122470040e-17
2.354942971151374512e+12 7.326123508712042353e-17
2.357822115664657715e+12 7.352839908305464701e-17
2.360704780209309082e+12 7.373078199304324690e-17
2.363590969088905273e+12 7.387663181999552157e-17
2.366480686612285645e+12 7.403902284005228058e-17
2.369373937093557129e+12 7.407418737296520384e-17
2.372270724852101074e+12 7.409211494012918047e-17
2.375171054212578125e+12 7.410304434213608449e-17
2.378074929504939453e+12 7.411033659099831392e-17
2.380982355064426270e+12 7.411421112670347251e-17
2.383893335231583984e+12 7.411421112670347251e-17
2.386807874352260742e+12 7.411421112670347251e-17
2.389725976777621582e+12 7.411421112670347251e-17
2.392647646864148438e+12 7.471536062932905306e-17
2.395572888973651367e+12 7.522920407459435887e-17
2.398501707473271484e+12 7.601061318081104831e-17
2.401434106735490234e+12 7.628780341827630207e-17
2.404370091138134766e+12 7.649778143826541764e-17
2.407309665064385254e+12 7.664910477817053754e-17
2.410252832902778809e+12 7.675281795594495117e-17
2.413199599047219238e+12 7.685407427807920564e-17
2.416149967896982910e+12 7.687267463843831591e-17
2.419103943856723145e+12 7.688401420358838524e-17
2.422061531336479004e+12 7.689158011899817816e-17
2.425022734751682617e+12 7.689560005989037474e-17
2.427987558523161621e+12 7.689560005989037474e-17
2.430956007077150879e+12 7.689560005989037474e-17
2.433928084845296387e+12 7.689560005989037474e-17
2.436903796264661133e+12 7.751930975101926643e-17
2.439883145777734375e+12 7.805243692676385574e-17
2.442866137832435059e+12 7.886317107884263370e-17
2.445852776882121582e+12 7.915076382680016958e-17
2.448843067385596680e+12 7.936862198923607925e-17
2.451837013807113281e+12 7.952562425436414271e-17
2.454834620616383789e+12 7.963322962339988394e-17
2.457835892288585449e+12 7.973828593489540610e-17
2.460840833304364258e+12 7.975758433731242111e-17
2.463849448149847168e+12 7.976934945837863495e-17
2.466861741316644043e+12 7.977719931060796942e-17
2.469877717301857910e+12 7.978137011351352111e-17
2.472897380608088379e+12 7.978137011351352111e-17
2.475920735743439941e+12 7.978137011351352111e-17
2.478947787221529297e+12 7.978137011351352111e-17
2.481978539561491211e+12 8.042848664128083549e-17
2.485012997287986328e+12 8.098162123536064269e-17
2.488051164931205566e+12 8.144442152702061419e-17
2.491093047026879883e+12 8.212116660400564856e-17
2.494138648116285156e+12 8.234720063815078771e-17
2.497187972746248535e+12 8.251009494956895194e-17
2.500241025469157715e+12 8.262173857763811460e-17
2.503297810842965332e+12 8.269146351163993495e-17
2.506358333431195312e+12 8.275076012696329221e-17
2.509422597802952637e+12 8.276296677438504013e-17
2.512490608532928223e+12 8.277111121913294174e-17
2.515562370201406250e+12 8.277543854566423800e-17
2.518637887394268555e+12 8.277543854566423800e-17
2.521717164703006348e+12 8.277543854566423800e-17
2.524800206724723633e+12 8.277543854566423800e-17
2.527887018062144043e+12 8.344684033156830346e-17
2.530977603323618164e+12 8.402073319069806053e-17
2.534071967123132812e+12 8.450090164414412362e-17
2.537170114080313965e+12 8.520304389178104926e-17
2.540272048820436035e+12 8.543756062514862321e-17
2.543377775974428223e+12 8.560656810202006408e-17
2.546487300178882324e+12 8.572240153858684235e-17
2.549600626076057129e+12 8.579474313890477658e-17
2.552717758313888184e+12 8.585626506226458005e-17
2.555838701545994141e+12 8.586892980582650883e-17
2.558963460431682129e+12 8.587737989868350562e-17
2.562092039635955078e+12 8.588186962292425140e-17
2.565224443829521973e+12 8.588186962292425140e-17
2.568360677688798828e+12 8.588186962292425140e-17
2.571500745895921875e+12 8.588186962292425140e-17
2.574644653138750000e+12 8.657846805423068267e-17
2.577792404110874023e+12 8.717389820321285466e-17
2.580944003511623535e+12 8.767208661804255912e-17
2.584099456046072266e+12 8.807937738139018466e-17
2.587258766425047363e+12 8.864389692676586382e-17
2.590421939365135742e+12 8.881924698650568041e-17
2.593588979588689453e+12 8.893942746844556493e-17
2.596759891823835449e+12 8.901448393442116916e-17
2.599934680804479980e+12 8.907831467810276117e-17
2.603113351270318848e+12 8.909145470942730689e-17
2.606295907966840332e+12 8.910022192088275620e-17
2.609482355645335938e+12 8.910488013736170403e-17
2.612672699062906738e+12 8.910488013736170403e-17
2.615866942982466309e+12 8.910488013736170403e-17
2.619065092172756348e+12 8.910488013736170403e-17
2.622267151408345703e+12 8.982762080425638302e-17
2.625473125469640625e+12 9.044539650346011998e-17
2.628683019142893066e+12 9.096228114027726165e-17
2.631896837220205566e+12 9.138485688075064173e-17
2.635114584499539551e+12 9.197056195036257275e-17
2.638336265784723633e+12 9.215249262005802152e-17
2.641561885885458984e+12 9.227718328509735544e-17
2.644791449617326172e+12 9.235505650133792642e-17
2.648024961801793457e+12 9.239892015997954188e-17
2.651262427266225098e+12 9.243491586759433414e-17
2.654503850843886719e+12 9.244401209860683590e-17
2.657749237373951660e+12 9.244884513057077974e-17
2.660998591701511719e+12 9.244884513057077974e-17
2.664251918677581055e+12 9.244884513057077974e-17
2.667509223159104980e+12 9.244884513057077974e-17
2.670770510008967285e+12 9.319870910974126962e-17
2.674035784095996094e+12 9.383966895226700314e-17
2.677305050294972656e+12 9.437595145066455168e-17
2.680578313486638672e+12 9.481438578924101856e-17
2.683855578557702148e+12 9.516014832176426911e-17
2.687136850400846191e+12 9.561082968176989982e-17
2.690422133914735840e+12 9.574019978993545442e-17
2.693711434004023438e+12 9.582099546461618667e-17
2.697004755579360352e+12 9.586650525687860668e-17
2.700302103557400391e+12 9.590385182637641293e-17
2.703603482860808105e+12 9.591328942452873192e-17
2.706908898418267090e+12 9.591830383252589312e-17
2.710218355164486328e+12 9.591830383252589312e-17
2.713531858040208496e+12 9.591830383252589312e-17
2.716849411992215820e+12 9.591830383252589312e-17
2.720171021973340332e+12 9.669630901891360819e-17
2.723496692942466309e+12 9.736132306893230458e-17
2.726826429864544434e+12 9.791773139992566348e-17
2.730160237710592285e+12 9.837261948466912506e-17
2.733498121457707031e+12 9.873135793728718852e-17
2.736840086089070312e+12 9.919895265477253100e-17
2.740186136593955566e+12 9.933317781815174329e-17
2.743536277967736816e+12 9.941700562650818426e-17
2.746890515211894531e+12 9.946422332917842451e-17
2.750248853334025879e+12 9.948829583820464964e-17
2.753611297347848145e+12 9.951276323252581812e-17
2.756977852273208984e+12 9.951796582331138247e-17
2.760348523136094238e+12 9.951796582331138247e-17
2.763723314968633301e+12 9.951796582331138247e-17
2.767102232809107910e+12 9.951796582331138247e-17
2.770485281701960938e+12 9.951796582331138247e-17
2.773872466697802246e+12 1.010151392856550685e-16
2.777263792853414062e+12 1.015924287398585241e-16
2.780659265231764160e+12 1.020643880537968966e-16
2.784058888902008789e+12 1.024365893922347292e-16
2.787462668939501465e+12 1.027185405200852094e-16
2.790870610425802246e+12 1.030609946198359101e-16
2.794282718448682617e+12 1.031479683530414756e-16
2.797698998102134766e+12 1.031969580612915055e-16
2.801119454486377930e+12 1.032219339734462451e-16
2.804544092707868652e+12 1.032473195903154829e-16
2.807972917879304688e+12 1.032527174260913805e-16
2.811405935119636230e+12 1.032527174260913805e-16
2.814843149554070801e+12 1.032527174260913805e-16
2.818284566314082031e+12 1.032527174260913805e-16
2.821730190537418457e+12 1.032527174260913805e-16
2.825180027368107910e+12 1.048060774366815986e-16
2.828634081956468750e+12 1.054050316495697613e-16
2.832092359459116699e+12 1.058947028488907918e-16
2.835554865038969727e+12 1.062808723139255497e-16
2.839021603865260742e+12 1.065734046209423658e-16
2.842492581113540039e+12 1.069287104805470988e-16
2.845967801965686523e+12 1.070189482001776343e-16
2.849447271609914551e+12 1.070697764145696705e-16
2.852930995240782227e+12 1.070956896331411894e-16
2.856418978059197754e+12 1.071114874254724473e-16
2.859911225272426758e+12 1.071276283399974926e-16
2.863407742094103516e+12 1.071276283399974926e-16
2.866908533744235352e+12 1.071276283399974926e-16
2.870413605449210938e+12 1.071276283399974926e-16
2.873922962441810547e+12 1.071276283399974926e-16
2.877436609961209961e+12 1.079965537392566354e-16
2.880954553252991211e+12 1.093607155066256013e-16
2.884476797569150391e+12 1.098687632903288639e-16
2.888003348168103516e+12 1.102694250836236515e-16
2.891534210314695801e+12 1.105729356646983937e-16
2.895069389280209473e+12 1.109415755903449425e-16
2.898608890342371094e+12 1.110351997886402533e-16
2.902152718785360352e+12 1.110879355053972715e-16
2.905700879899815918e+12 1.111148212060105419e-16
2.909253378982847656e+12 1.111312118644614317e-16
2.912810221338038086e+12 1.111479585219384282e-16
2.916371412275456055e+12 1.111479585219384282e-16
2.919936957111662109e+12 1.111479585219384282e-16
2.923506861169716797e+12 1.111479585219384282e-16
2.927081129779188965e+12 1.111479585219384282e-16
2.930659768276161621e+12 1.120494933148957893e-16
2.934242782003244629e+12 1.134648499123136121e-16
2.937830176309577148e+12 1.139919639244991343e-16
2.941421956550838379e+12 1.144076619201750775e-16
2.945018128089257324e+12 1.147225627725415826e-16
2.948618696293617188e+12 1.149495000906548505e-16
2.952223666539265137e+12 1.152021749367444549e-16
2.955833044208120605e+12 1.152568897414084037e-16
2.959446834688682617e+12 1.152847844197738203e-16
2.963065043376038086e+12 1.153017901936705717e-16
2.966687675671870605e+12 1.153191653266729666e-16
2.970314736984468262e+12 1.153191653266729666e-16
2.973946232728729492e+12 1.153191653266729666e-16
2.977582168326172852e+12 1.153191653266729666e-16
2.981222549204948730e+12 1.153191653266729666e-16
2.984867380799839844e+12 1.162545332922148342e-16
2.988516668552275879e+12 1.170540560330732186e-16
2.992170417910338379e+12 1.182699017465696136e-16
2.995828634328770020e+12 1.187012002294820206e-16
2.999491323268981445e+12 1.190279188119775606e-16
3.003158490199061035e+12 1.192633727281296237e-16
3.006830140593783203e+12 1.195255300609100290e-16
3.010506279934615234e+12 1.195822982255147760e-16
3.014186913709725586e+12 1.196112397469690275e-16
3.017872047413993164e+12 1.196288837206198983e-16
3.021561686549014160e+12 1.196406560249691316e-16
3.025255836623111816e+12 1.196469109148384871e-16
3.028954503151343262e+12 1.196469109148384871e-16
3.032657691655508789e+12 1.196469109148384871e-16
3.036365407664158691e+12 1.196469109148384871e-16
3.040077656712604004e+12 1.206173817583340578e-16
3.043794444342921875e+12 1.214469093210673013e-16
3.047515776103965332e+12 1.227083837980703942e-16
3.051241657551372070e+12 1.231558682297911910e-16
3.054972094247571777e+12 1.234948480431061069e-16
3.058707091761794434e+12 1.237391381717294798e-16
3.062446655670078613e+12 1.239065684277252762e-16
3.066190791555282227e+12 1.240700324377955138e-16
3.069939505007085938e+12 1.241000600887012695e-16
3.073692801622006348e+12 1.241183662127319741e-16
3.077450687003400879e+12 1.241305803130139937e-16
3.081213166761479492e+12 1.241370699389912643e-16
3.084980246513309082e+12 1.241370699389912643e-16
3.088751931882824707e+12 1.241370699389912643e-16
3.092528228500838379e+12 1.241370699389912643e-16
3.096309142005044922e+12 1.251439610158408150e-16
3.100094678040031250e+12 1.260046194338808076e-16
3.103884842257287598e+12 1.273134350496006300e-16
3.107679640315212402e+12 1.277777128631471581e-16
3.111479077879121582e+12 1.281294140518500626e-16
3.115283160621256836e+12 1.283828720020006678e-16
3.119091894220797852e+12 1.285565856502639715e-16
3.122905284363864258e+12 1.287261842056754144e-16
3.126723336743528809e+12 1.287573387467504174e-16
3.130546057059825684e+12 1.287763318706157713e-16
3.134373451019755371e+12 1.287890043467320077e-16
3.138205524337298340e+12 1.287957375180914113e-16
3.142042282733418945e+12 1.287957375180914113e-16
3.145883731936078125e+12 1.287957375180914113e-16
3.149729877680236816e+12 1.287957375180914113e-16
3.153580725707870117e+12 1.298404156219564067e-16
3.157436281767972168e+12 1.307333731869859194e-16
3.161296551616566406e+12 1.314804987979289725e-16
3.165161541016712402e+12 1.325730080037499621e-16
3.169031255738516113e+12 1.329379079809062022e-16
3.172905701559138672e+12 1.332008778064024648e-16
3.176784884262804688e+12 1.333811106526910463e-16
3.180668809640808594e+12 1.334936716965210636e-16
3.184557483491525879e+12 1.335893976948591970e-16
3.188450911620423828e+12 1.336091036005746372e-16
3.192349099840062988e+12 1.336222516546440111e-16
3.196252053970113770e+12 1.336292375112579851e-16
3.200159779837360352e+12 1.336292375112579851e-16
3.204072283275710449e+12 1.336292375112579851e-16
3.207989570126205566e+12 1.336292375112579851e-16
3.211911646237026367e+12 1.347131207294008145e-16
3.215838517463505371e+12 1.356395895772385408e-16
3.219770189668133789e+12 1.364147536287773608e-16
3.223706668720568359e+12 1.375482629743594211e-16
3.227647960497643555e+12 1.379268570695903693e-16
3.231594070883380859e+12 1.381996957360453986e-16
3.235545005768989746e+12 1.383866924355335920e-16
3.239500771052887695e+12 1.385034777170213763e-16
3.243461372640702148e+12 1.386027961604297139e-16
3.247426816445279297e+12 1.386232415975689155e-16
3.251397108386694824e+12 1.386368830772785890e-16
3.255372254392265625e+12 1.386441311020244521e-16
3.259352260396548340e+12 1.386441311020244521e-16
3.263337132341362305e+12 1.386441311020244521e-16
3.267326876175788086e+12 1.386441311020244521e-16
3.271321497856178223e+12 1.397686907402758894e-16
3.275321003346169922e+12 1.407299284962777392e-16
3.279325398616691895e+12 1.415341832266698878e-16
3.283334689645969238e+12 1.421916965555965198e-16
3.287348882419540039e+12 1.431030335141695336e-16
3.291367982930257812e+12 1.433861113835505609e-16
3.295391997178303711e+12 1.435801257729337397e-16
3.299420931171196777e+12 1.437012938210266070e-16
3.303454790923795410e+12 1.438043395282775695e-16
3.307493582458316895e+12 1.438255522502833186e-16
3.311537311804339844e+12 1.438397056731159202e-16
3.315585984998812500e+12 1.438472257047482830e-16
3.319639608086067871e+12 1.438472257047482830e-16
3.323698187117825195e+12 1.438472257047482830e-16
3.327761728153203125e+12 1.438472257047482830e-16
3.331830237258729980e+12 1.450139882847161911e-16
3.335903720508350586e+12 1.460112997709252383e-16
3.339982183983432617e+12 1.468457369072631176e-16
3.344065633772782227e+12 1.475279256698036084e-16
3.348154075972649902e+12 1.484734636607082841e-16
3.352247516686736816e+12 1.487671649940803061e-16
3.356345962026207520e+12 1.489684604361429166e-16
3.360449418109700195e+12 1.490941757291284911e-16
3.364557891063330078e+12 1.491649874017903241e-16
3.368671387020705078e+12 1.492230973803872607e-16
3.372789912122929688e+12 1.492377819587571491e-16
3.376913472518618652e+12 1.492455842052635755e-16
3.381042074363902832e+12 1.492455842052635755e-16
3.385175723822439453e+12 1.492455842052635755e-16
3.389314427065421875e+12 1.492455842052635755e-16
3.393458190271588379e+12 1.504561335364934050e-16
3.397607019627230957e+12 1.514908725428570016e-16
3.401760921326204102e+12 1.523566247830213832e-16
3.405919901569937988e+12 1.530644150091088390e-16
3.410083966567440918e+12 1.536225997121177553e-16
3.414253122535314453e+12 1.543501610220450376e-16
3.418427375697760742e+12 1.545590107631596658e-16
3.422606732286589355e+12 1.546894439519350863e-16
3.426791198541230469e+12 1.547629130744933209e-16
3.430980780708745117e+12 1.548232038285302248e-16
3.435175485043826172e+12 1.548384394958633046e-16
3.439375317808817383e+12 1.548465345483209248e-16
3.443580285273720215e+12 1.548465345483209248e-16
3.447790393716196777e+12 1.548465345483209248e-16
3.452005649421589844e+12 1.548465345483209248e-16
3.456226058682920898e+12 1.561025138782213809e-16
3.460451627800909668e+12 1.571760850002788988e-16
3.464682363083979004e+12 1.580743275505075666e-16
3.468918270848261719e+12 1.588086800225115777e-16
3.473159357417613770e+12 1.593878125131582610e-16
3.477405629123624023e+12 1.601426780464575678e-16
3.481657092305620117e+12 1.603593655875002370e-16
3.485913753310682129e+12 1.604946937272204716e-16
3.490175618493649902e+12 1.605709200295598468e-16
3.494442694217130371e+12 1.606097816904906116e-16
3.498714986851511230e+12 1.606492808378762735e-16
3.502992502774969727e+12 1.606576796848285769e-16
3.507275248373477539e+12 1.606576796848285769e-16
3.511563230040817871e+12 1.606576796848285769e-16
3.515856454178588379e+12 1.606576796848285769e-16
3.520154927196212891e+12 1.606576796848285769e-16
3.524458655510953613e+12 1.630746544748166464e-16
3.528767645547917480e+12 1.640066066449756998e-16
3.533081903740064941e+12 1.647685182019060830e-16
3.537401436528223633e+12 1.653693846174754556e-16
3.541726250361096680e+12 1.661525790583951397e-16
3.546056351695267090e+12 1.663773985395806263e-16
3.550391746995216309e+12 1.665178053300001818e-16
3.554732442733325195e+12 1.665968922847100502e-16
3.559078445389891113e+12 1.666372123622115796e-16
3.563429761453133301e+12 1.666781938500247608e-16
3.567786397419201660e+12 1.666869078923979204e-16
3.572148359792189941e+12 1.666869078923979204e-16
3.576515655084144531e+12 1.666869078923979204e-16
3.580888289815069824e+12 1.666869078923979204e-16
3.585266270512946777e+12 1.666869078923979204e-16
3.589649603713733887e+12 1.691945879173263086e-16
3.594038295961380371e+12 1.701615147760495986e-16
3.598432353807836914e+12 1.709520196667050135e-16
3.602831783813066406e+12 1.715754356469689655e-16
3.607236592545048828e+12 1.720476876799497505e-16
3.611646786579794922e+12 1.726212787346932379e-16
3.616062372501357910e+12 1.727669547695273110e-16
3.620483356901836426e+12 1.728490097323593092e-16
3.624909746381391602e+12 1.728908429584951594e-16
3.629341547548253418e+12 1.729163462597240908e-16
3.633778767018729980e+12 1.729424034832025994e-16
3.638221411417219727e+12 1.729424034832025994e-16
3.642669487376218262e+12 1.729424034832025994e-16
3.647123001536331543e+12 1.729424034832025994e-16
3.651581960546285645e+12 1.729424034832025994e-16
3.656046371062932129e+12 1.743451606367404657e-16
3.660516239751263184e+12 1.765474068587880730e-16
3.664991573284419434e+12 1.773675781456861793e-16
3.669472378343699219e+12 1.780143899400850832e-16
3.673958661618570801e+12 1.785043648437304703e-16
3.678450429806680176e+12 1.790994818620858401e-16
3.682947689613861328e+12 1.792506248877298975e-16
3.687450447754146973e+12 1.793357592433269818e-16
3.691958710949779785e+12 1.793791624041682611e-16
3.696472485931218750e+12 1.794056228038904605e-16
3.700991779437153320e+12 1.794326579136867480e-16
3.705516598214511719e+12 1.794326579136867480e-16
3.710046949018468750e+12 1.794326579136867480e-16
3.714582838612460449e+12 1.794326579136867480e-16
3.719124273768191406e+12 1.794326579136867480e-16
3.723671261265643066e+12 1.808880583209742706e-16
3.728223807893089844e+12 1.831729513549765434e-16
3.732781920447101562e+12 1.840239023709713395e-16
3.737345605732560547e+12 1.846949879873464233e-16
3.741914870562667480e+12 1.852033508729162240e-16
3.746489721758951660e+12 1.855697090742756512e-16
3.751070166151284180e+12 1.859776168741552304e-16
3.755656210577887207e+12 1.860659461872495903e-16
3.760247861885339355e+12 1.861109781999587488e-16
3.764845126928593750e+12 1.861384316165644241e-16
3.769448012570982910e+12 1.861664813112028053e-16
3.774056525684229980e+12 1.861664813112028053e-16
3.778670673148459473e+12 1.861664813112028053e-16
3.783290461852209961e+12 1.861664813112028053e-16
3.787915898692437500e+12 1.861664813112028053e-16
3.792546990574533203e+12 1.876765005901567175e-16
3.797183744412331543e+12 1.889672169682387739e-16
3.801826167128117188e+12 1.909300278996025435e-16
3.806474265652639648e+12 1.916262982960384260e-16
3.811128046925122559e+12 1.921537392353643166e-16
3.815787517893270508e+12 1.925338462796427229e-16
3.820452685513285645e+12 1.929570622130515944e-16
3.825123556749872559e+12 1.930487063853366440e-16
3.829800138576251953e+12 1.930954283781438688e-16
3.834482437974170410e+12 1.931239120779835312e-16
3.839170461933908203e+12 1.931429167982433272e-16
3.843864217454293457e+12 1.931530144332258900e-16
3.848563711542713379e+12 1.931530144332258900e-16
3.853268951215116211e+12 1.931530144332258900e-16
3.857979943496034180e+12 1.931530144332258900e-16
3.862696695418583984e+12 1.947197023435736069e-16
3.867419214024482422e+12 1.960588572625954497e-16
3.872147506364054199e+12 1.980953293787635639e-16
3.876881579496246582e+12 1.988177297001586624e-16
3.881621440488633301e+12 1.993649646623750195e-16
3.886367096417430176e+12 1.997593365218664521e-16
3.891118554367507812e+12 2.000296289883049063e-16
3.895875821432393066e+12 2.002935185116949360e-16
3.900638904714289062e+12 2.003419939068760877e-16
3.905407811324081543e+12 2.003715465548473910e-16
3.910182548381348633e+12 2.003912644921515955e-16
3.914963123014375000e+12 2.004017410753785827e-16
3.919749542360156738e+12 2.004017410753785827e-16
3.924541813564419922e+12 2.004017410753785827e-16
3.929339943781625000e+12 2.004017410753785827e-16
3.934143940174977539e+12 2.020272243010828536e-16
3.938953809916444336e+12 2.034166355827505075e-16
3.943769560186759277e+12 2.055295332712959747e-16
3.948591198175433594e+12 2.062790441323394788e-16
3.953418731080770020e+12 2.068468159557680267e-16
3.958252166109873535e+12 2.072559879663893800e-16
3.963091510478656250e+12 2.075364240809008402e-16
3.967936771411855957e+12 2.078102169600546661e-16
3.972787956143043457e+12 2.078605115600231206e-16
3.977645071914629883e+12 2.078911732720559963e-16
3.982508125977884766e+12 2.079116311923104169e-16
3.987377125592941406e+12 2.079225009451091084e-16
3.992252078028808105e+12 2.079225009451091084e-16
3.997132990563381836e+12 2.079225009451091084e-16
4.002019870483458496e+12 2.079225009451091084e-16
4.006912725084739746e+12 2.096089859812128567e-16
4.011811561671849121e+12 2.110505396672011291e-16
4.016716387558340820e+12 2.122566682902512531e-16
4.021627210066708496e+12 2.140203698750800864e-16
4.026544036528401855e+12 2.146094492755879963e-16
4.031466874283829102e+12 2.150339768635650562e-16
4.036395730682378418e+12 2.153249373011922506e-16
4.041330613082418945e+12 2.156090051933629953e-16
4.046271528851318359e+12 2.156611872699924382e-16
4.051218485365449707e+12 2.156929996675042127e-16
4.056171490010207520e+12 2.157142253410966882e-16
4.061130550180012207e+12 2.157255030184982341e-16
4.066095673278327148e+12 2.157255030184982341e-16
4.071066866717665527e+12 2.157255030184982341e-16
4.076044137919604004e+12 2.157255030184982341e-16
4.081027494314792480e+12 2.174752791663077327e-16
4.086016943342966309e+12 2.189709320784477858e-16
4.091012492452954102e+12 2.202223247979937822e-16
4.096014149102693848e+12 2.220522153092769852e-16
4.101021920759243164e+12 2.226634019264770021e-16
4.106035814898783203e+12 2.231038613623018553e-16
4.111055839006641602e+12 2.234057410842189018e-16
4.116082000577293457e+12 2.235942744027001309e-16
4.121114307114377930e+12 2.237546099816670653e-16
4.126152766130708496e+12 2.237876162480608014e-16
4.131197385148282227e+12 2.238096384875578572e-16
4.136248171698295898e+12 2.238213393983264313e-16
4.141305133321150391e+12 2.238213393983264313e-16
4.146368277566466309e+12 2.238213393983264313e-16
4.151437611993095703e+12 2.238213393983264313e-16
4.156513144169132324e+12 2.256367818729993421e-16
4.161594881671918457e+12 2.271885642695455790e-16
4.166682832088065918e+12 2.284869197754222986e-16
4.171777003013459473e+12 2.295483820442025272e-16
4.176877402053269043e+12 2.310196066614270789e-16
4.181984036821964844e+12 2.314765958421104838e-16
4.187096914943327637e+12 2.317898046317587446e-16
4.192216044050453125e+12 2.319854133070113981e-16
4.197341431785776855e+12 2.321517660262562818e-16
4.202473085801074219e+12 2.321860109655398248e-16
4.207611013757472656e+12 2.322088596647980019e-16
4.212755223325472168e+12 2.322209996922112964e-16
4.217905722184947266e+12 2.322209996922112964e-16
4.223062518025161133e+12 2.322209996922112964e-16
4.228225618544780762e+12 2.322209996922112964e-16
4.233395031451880859e+12 2.341045728469674656e-16
4.238570764463965332e+12 2.357145911785503533e-16
4.243752825307972168e+12 2.370616719097312237e-16
4.248941221720280762e+12 2.381629691759093224e-16
4.254135961446737305e+12 2.396894065223308222e-16
4.259337052242652344e+12 2.401635457830112988e-16
4.264544501872820312e+12 2.404885088023552796e-16
4.269758318111527832e+12 2.406914583613104885e-16
4.274978508742566895e+12 2.408057737909952611e-16
4.280205081559246094e+12 2.408995841321802373e-16
4.285438044364401855e+12 2.409232903069250976e-16
4.290677404970411621e+12 2.409358859303351980e-16
4.295923171199199219e+12 2.409358859303351980e-16
4.301175350882258301e+12 2.409358859303351980e-16
4.306433951860654297e+12 2.409358859303351980e-16
4.311698981985037109e+12 2.428901466016666597e-16
4.316970449115658203e+12 2.445605863706718229e-16
4.322248361122376465e+12 2.459582209076729049e-16
4.327532725884673828e+12 2.471008481155953552e-16
4.332823551291666992e+12 2.480019583671874265e-16
4.338120845242112793e+12 2.491765031934844434e-16
4.343424615644429199e+12 2.495136615601438372e-16
4.348734870416705078e+12 2.497242274945376029e-16
4.354051617486704590e+12 2.498428330012020029e-16
4.359374864791885742e+12 2.499401638958790131e-16
4.364704620279415039e+12 2.499647597258071388e-16
4.370040891906168945e+12 2.499778280430100553e-16
4.375383687638755859e+12 2.499778280430100553e-16
4.380733015453525879e+12 2.499778280430100553e-16
4.386088883336574707e+12 2.499778280430100553e-16
4.391451299283766602e+12 2.520054290214320111e-16
4.396820271300741699e+12 2.537385577486873854e-16
4.402195807402925781e+12 2.551886432957546710e-16
4.407577915615543945e+12 2.563741514926610147e-16
4.412966603973636719e+12 2.573090789844727348e-16
4.418361880522061523e+12 2.585277026174078959e-16
4.423763753315517578e+12 2.588775140034477777e-16
4.429172230418550781e+12 2.590959821437845760e-16
4.434587319905563477e+12 2.592190387272214196e-16
4.440009029860833008e+12 2.592817753820775027e-16
4.445437368378517578e+12 2.593455411686468238e-16
4.450872343562673828e+12 2.593590999190917654e-16
4.456313963527265625e+12 2.593590999190917654e-16
4.461762236396176758e+12 2.593590999190917654e-16
4.467217170303222656e+12 2.593590999190917654e-16
4.472678773392166016e+12 2.593590999190917654e-16
4.478147053816720703e+12 2.632609638529429326e-16
4.483622019740574219e+12 2.647654688133922100e-16
4.489103679337392578e+12 2.659954672548677461e-16
4.494592040790835938e+12 2.669654810943518293e-16
4.500087112294568359e+12 2.682298377417094483e-16
4.505588902052273438e+12 2.685927769949025041e-16
4.511097418277663086e+12 2.688194438984528735e-16
4.516612669194489258e+12 2.689471186005220879e-16
4.522134663036566406e+12 2.690122096626486170e-16
4.527663408047763672e+12 2.690783684781712761e-16
4.533198912482039062e+12 2.690924360670409254e-16
4.538741184603437500e+12 2.690924360670409254e-16
4.544290232686107422e+12 2.690924360670409254e-16
4.549846065014314453e+12 2.690924360670409254e-16
4.555408689882450195e+12 2.690924360670409254e-16
4.560978115595049805e+12 2.731407307730669275e-16
4.566554350466802734e+12 2.747016974212722701e-16
4.572137402822557617e+12 2.759778557557149830e-16
4.577727280997346680e+12 2.769842726779164702e-16
4.583323993336392578e+12 2.777466567883377007e-16
4.588927548195116211e+12 2.786726384156819991e-16
4.594537953939158203e+12 2.789078117690409227e-16
4.600155218944386719e+12 2.790402779004187880e-16
4.605779351596906250e+12 2.791078117269908729e-16
4.611410360293078125e+12 2.791764533780525072e-16
4.617048253439529297e+12 2.791910489012467880e-16
4.622693039453161133e+12 2.791910489012467880e-16
4.628344726761166016e+12 2.791910489012467880e-16
4.634003323801044922e+12 2.791910489012467880e-16
4.639668839020606445e+12 2.791910489012467880e-16
4.645341280877992188e+12 2.814556019152102570e-16
4.651020657841685547e+12 2.850108169480115631e-16
4.656706978390520508e+12 2.863348674830789056e-16
4.662400251013698242e+12 2.873790536380230882e-16
4.668100484210799805e+12 2.881700488163532579e-16
4.673807686491794922e+12 2.891307810672483253e-16
4.679521866377062500e+12 2.893747801040014335e-16
4.685243032397392578e+12 2.895122174794395138e-16
4.690971193094010742e+12 2.895822857435369480e-16
4.696706357018581055e+12 2.896250023162454990e-16
4.702448532733222656e+12 2.896686466770798559e-16
4.708197728810525391e+12 2.896686466770798559e-16
4.713953953833558594e+12 2.896686466770798559e-16
4.719717216395884766e+12 2.896686466770798559e-16
4.725487525101573242e+12 2.896686466770798559e-16
4.731264888565212891e+12 2.920181847781932099e-16
4.737049315411923828e+12 2.957068213990680943e-16
4.742840814277373047e+12 2.970805614531794437e-16
4.748639393807784180e+12 2.981639342603377648e-16
4.754445062659950195e+12 2.989846142346303236e-16
4.760257829501250977e+12 2.995760477318584971e-16
4.766077703009663086e+12 3.002345571789903280e-16
4.771904691873767578e+12 3.003771523614027416e-16
4.777738804792775391e+12 3.004498501764508872e-16
4.783580050476526367e+12 3.004941698344623869e-16
4.789428437645514648e+12 3.005394520990183026e-16
4.795283975030893555e+12 3.005394520990183026e-16
4.801146671374488281e+12 3.005394520990183026e-16
4.807016535428816406e+12 3.005394520990183026e-16
4.812893575957095703e+12 3.005394520990183026e-16
4.818777801733254883e+12 3.029771646429703919e-16
4.824669221541951172e+12 3.068042299527550251e-16
4.830567844178583008e+12 3.082295242948429245e-16
4.836473678449298828e+12 3.093535543671941609e-16
4.842386733171018555e+12 3.102050331608155401e-16
4.848307017171436523e+12 3.108186622202563981e-16
4.854234539289043945e+12 3.115018844837403235e-16
4.860169308373131836e+12 3.116498310374519569e-16
4.866111333283821289e+12 3.117252570863322915e-16
4.872060622892052734e+12 3.117712399908985757e-16
4.878017186079621094e+12 3.118019204236700825e-16
4.883981031739176758e+12 3.118182216271078867e-16
4.889952168774243164e+12 3.118182216271078867e-16
4.895930606099228516e+12 3.118182216271078867e-16
4.901916352639441406e+12 3.118182216271078867e-16
4.907909417331098633e+12 3.143474176610542779e-16
4.913909809121347656e+12 3.165092938634934861e-16
4.919917536968269531e+12 3.197968900499679858e-16
4.925932609840901367e+12 3.209631031902664331e-16
4.931955036719246094e+12 3.218465366341150374e-16
4.937984826594278320e+12 3.224831942200565586e-16
4.944021988467974609e+12 3.229195431760972451e-16
4.950066531353312500e+12 3.233455554862388539e-16
4.956118464274289062e+12 3.234238121552450470e-16
4.962177796265933594e+12 3.234715207253743961e-16
4.968244536374325195e+12 3.235033525461843733e-16
4.974318693656594727e+12 3.235202655079631473e-16
4.980400277180955078e+12 3.235202655079631473e-16
4.986489296026703125e+12 3.235202655079631473e-16
4.992585759284232422e+12 3.235202655079631473e-16
4.998689676055053711e+12 3.261443782623568168e-16
5.004801055451805664e+12 3.283873862538682531e-16
5.010919906598265625e+12 3.317983607170705072e-16
5.017046238629367188e+12 3.330083399890304599e-16
5.023180060691214844e+12 3.339249272905073478e-16
5.029321381941087891e+12 3.345854776270678464e-16
5.035470211547469727e+12 3.350382020681725068e-16
5.041626558690044922e+12 3.354802019454326999e-16
5.047790432559728516e+12 3.355613954632539507e-16
5.053961842358668945e+12 3.356108944604412102e-16
5.060140797300263672e+12 3.356439208790588186e-16
5.066327306609176758e+12 3.356614685574999404e-16
5.072521379521350586e+12 3.356614685574999404e-16
5.078723025284015625e+12 3.356614685574999404e-16
5.084932253155713867e+12 3.356614685574999404e-16
5.091149072406301758e+12 3.383840601064938032e-16
5.097373492316971680e+12 3.407112446345937528e-16
5.103605522180260742e+12 3.426583686978480885e-16
5.109845171300071289e+12 3.455056154430049259e-16
5.116092448991675781e+12 3.464566008138651671e-16
5.122347364581738281e+12 3.471419405581248119e-16
5.128609927408327148e+12 3.476116550303062512e-16
5.134880146820921875e+12 3.480702424627517724e-16
5.141158032180436523e+12 3.481544830446715055e-16
5.147443592859233398e+12 3.482058396608077589e-16
5.153736838241124023e+12 3.482401055085961732e-16
5.160037777721402344e+12 3.482583117236105134e-16
5.166346420706838867e+12 3.482583117236105134e-16
5.172662776615714844e+12 3.482583117236105134e-16
5.178986854877822266e+12 3.482583117236105134e-16
5.185318664934477539e+12 3.510830778203577108e-16
5.191658216238546875e+12 3.534975978971134316e-16
5.198005518254450195e+12 3.555177944418628241e-16
5.204360580458176758e+12 3.584718938468084082e-16
5.210723412337306641e+12 3.594585681921031108e-16
5.217094023391014648e+12 3.601696276512619695e-16
5.223472423130088867e+12 3.606569697634711810e-16
5.229858621076950195e+12 3.609613301394081986e-16
5.236252626765656250e+12 3.612201692532771842e-16
5.242654449741924805e+12 3.612734532018588371e-16
5.249064099563139648e+12 3.613090049926314274e-16
5.255481585798376953e+12 3.613278944580532786e-16
5.261906918028402344e+12 3.613278944580532786e-16
5.268340105845702148e+12 3.613278944580532786e-16
5.274781158854490234e+12 3.613278944580532786e-16
5.281230086670716797e+12 3.642586695514677600e-16
5.287686898922093750e+12 3.667638027416648991e-16
5.294151605248102539e+12 3.688598140623797740e-16
5.300624215300007812e+12 3.705733947587335035e-16
5.307104738740877930e+12 3.729484788085638045e-16
5.313593185245590820e+12 3.736862232027772514e-16
5.320089564500854492e+12 3.741918544924190700e-16
5.326593886205223633e+12 3.745076370311027314e-16
5.333106160069102539e+12 3.747761899668669975e-16
5.339626395814773438e+12 3.748314735776274331e-16
5.346154603176406250e+12 3.748683595707873042e-16
5.352690791900064453e+12 3.748879579279220715e-16
5.359234971743734375e+12 3.748879579279220715e-16
5.365787152477329102e+12 3.748879579279220715e-16
5.372347343882706055e+12 3.748879579279220715e-16
5.378915555753683594e+12 3.779287203677112836e-16
5.385491797896053711e+12 3.805278672379496587e-16
5.392076080127593750e+12 3.827025385430676076e-16
5.398668412278089844e+12 3.844804272083318540e-16
5.405268804189341797e+12 3.869446443999868579e-16
5.411877265715181641e+12 3.877100751725937231e-16
5.418493806721494141e+12 3.882346820035238759e-16
5.425118437086216797e+12 3.885623153606273431e-16
5.431751166699372070e+12 3.887468614527163273e-16
5.438392005463071289e+12 3.888983049797271406e-16
5.445040963291530273e+12 3.889365752457761139e-16
5.451698050111087891e+12 3.889569090982067318e-16
5.458363275860220703e+12 3.889569090982067318e-16
5.465036650489549805e+12 3.889569090982067318e-16
5.471718183961868164e+12 3.889569090982067318e-16
5.478407886252147461e+12 3.921117865352401219e-16
5.485105767347551758e+12 3.948084752699968927e-16
5.491811837247458008e+12 3.970647585441207816e-16
5.498526105963471680e+12 3.989093685544932224e-16
5.505248583519429688e+12 4.014660639135825483e-16
5.511979279951433594e+12 4.022602200905037561e-16
5.518718205307849609e+12 4.028045145847260016e-16
5.525465369649328125e+12 4.031444435026906941e-16
5.532220783048822266e+12 4.033359153172612275e-16
5.538984455591601562e+12 4.034930422799265621e-16
5.545756397375262695e+12 4.035327487684332830e-16
5.552536618509748047e+12 4.035538457181331333e-16
5.559325129117361328e+12 4.035538457181331333e-16
5.566121939332782227e+12 4.035538457181331333e-16
5.572927059303081055e+12 4.035538457181331333e-16
5.579740499187731445e+12 4.068271207074784367e-16
5.586562269158629883e+12 4.096250118984048848e-16
5.593392379400112305e+12 4.119659699094434052e-16
5.600230840108956055e+12 4.138798052113071100e-16
5.607077661494416992e+12 4.153891134077256215e-16
5.613932853778225586e+12 4.173564088971054970e-16
5.620796427194609375e+12 4.179211299014343330e-16
5.627668391990311523e+12 4.182738158131809880e-16
5.634548758424601562e+12 4.184724732616260962e-16
5.641437536769291016e+12 4.185737527172196841e-16
5.648334737308749023e+12 4.186766935604006686e-16
5.655240370339921875e+12 4.186985822452013675e-16
5.662154446172339844e+12 4.186985822452013675e-16
5.669076975128142578e+12 4.186985822452013675e-16
5.676007967542087891e+12 4.186985822452013675e-16
5.682947433761564453e+12 4.186985822452013675e-16
5.689895384146617188e+12 4.249975896743865616e-16
5.696851829069958984e+12 4.274264001310757799e-16
5.703816778916975586e+12 4.294120586399550222e-16
5.710790244085757812e+12 4.309780087819663376e-16
5.717772234987105469e+12 4.330191337545084799e-16
5.724762762044546875e+12 4.336050478435089523e-16
5.731761835694356445e+12 4.339709694988048188e-16
5.738769466385564453e+12 4.341770822465805241e-16
5.745785664579978516e+12 4.342821625596974765e-16
5.752810440752197266e+12 4.343889666096460086e-16
5.759843805389623047e+12 4.344116767421116339e-16
5.766885768992481445e+12 4.344116767421116339e-16
5.773936342073837891e+12 4.344116767421116339e-16
5.780995535159604492e+12 4.344116767421116339e-16
5.788063358788568359e+12 4.344116767421116339e-16
5.795139823512404297e+12 4.409470759413401554e-16
5.802224939895674805e+12 4.434670358067911488e-16
5.809318718515871094e+12 4.455272129338642019e-16
5.816421169963412109e+12 4.471519307039551415e-16
5.823532304841661133e+12 4.483826920162022655e-16
5.830652133766951172e+12 4.498775583797696022e-16
5.837780667368591797e+12 4.502572124951022118e-16
5.844917916288886719e+12 4.504710603277817717e-16
5.852063891183152344e+12 4.505800841385836145e-16
5.859218602719731445e+12 4.506908963753296543e-16
5.866382061580009766e+12 4.507144587830897243e-16
5.873554278458437500e+12 4.507144587830897243e-16
5.880735264062528320e+12 4.507144587830897243e-16
5.887925029112897461e+12 4.507144587830897243e-16
5.895123584343263672e+12 4.507144587830897243e-16
5.902330940500464844e+12 4.543702593185688136e-16
5.909547108344484375e+12 4.601096511281298251e-16
5.916772098648458984e+12 4.622471434390864376e-16
5.924005922198691406e+12 4.639328342932402958e-16
5.931248589794678711e+12 4.652097841277861379e-16
5.938500112249118164e+12 4.667607504578377893e-16
5.945760500387924805e+12 4.671546523906775442e-16
5.953029765050251953e+12 4.673765255937438008e-16
5.960307917088506836e+12 4.674896408954514904e-16
5.967594967368358398e+12 4.675586007601218194e-16
5.974890926768764648e+12 4.676290584074920170e-16
5.982195806181986328e+12 4.676290584074920170e-16
5.989509616513593750e+12 4.676290584074920170e-16
5.996832368682498047e+12 4.676290584074920170e-16
6.004164073620953125e+12 4.676290584074920170e-16
6.011504742274583984e+12 4.714220553456142619e-16
6.018854385602394531e+12 4.773768374375470221e-16
6.026213014576787109e+12 4.795945464487569948e-16
6.033580640183580078e+12 4.813434986102261825e-16
6.040957273422026367e+12 4.826683703491415629e-16
6.048342925304817383e+12 4.836231560761857223e-16
6.055737606858117188e+12 4.846862264369141644e-16
6.063141329121568359e+12 4.849164261898038500e-16
6.070554103148306641e+12 4.850337865295893870e-16
6.077975940004984375e+12 4.851053343487359213e-16
6.085406850771788086e+12 4.851784361599941387e-16
6.092846846542440430e+12 4.851784361599941387e-16
6.100295938424236328e+12 4.851784361599941387e-16
6.107754137538048828e+12 4.851784361599941387e-16
6.115221455018342773e+12 4.851784361599941387e-16
6.122697902013201172e+12 4.891137782644066947e-16
6.130183489684335938e+12 4.952920338947911164e-16
6.137678229207098633e+12 4.975929700119371649e-16
6.145182131770515625e+12 4.994075575773677400e-16
6.152695208577281250e+12 5.007821496538066481e-16
6.160217470843791992e+12 5.017727669766323636e-16
6.167748929800160156e+12 5.028757326839019936e-16
6.175289596690219727e+12 5.031145714688394519e-16
6.182839482771559570e+12 5.032363361562570334e-16
6.190398599315529297e+12 5.033105690517112760e-16
6.197966957607255859e+12 5.033600982708831014e-16
6.205544568945664062e+12 5.033864142581394628e-16
6.213131444643500000e+12 5.033864142581394628e-16
6.220727596027331055e+12 5.033864142581394628e-16
6.228333034437574219e+12 5.033864142581394628e-16
6.235947771228520508e+12 5.074694435174325067e-16
6.243571817768329102e+12 5.109594868636397302e-16
6.251205185439065430e+12 5.162668458986650988e-16
6.258847885636712891e+12 5.181495320607892998e-16
6.266499929771180664e+12 5.195757104002529732e-16
6.274161329266332031e+12 5.206035040218862152e-16
6.281832095559998047e+12 5.217478622848512419e-16
6.289512240103988281e+12 5.219956643110232756e-16
6.297201774364120117e+12 5.221219986342622003e-16
6.304900709820222656e+12 5.221990173726845203e-16
6.312609057966164062e+12 5.222504053449884791e-16
6.320326830309867188e+12 5.222777089295573607e-16
6.328054038373315430e+12 5.222777089295573607e-16
6.335790693692586914e+12 5.222777089295573607e-16
6.343536807817865234e+12 5.222777089295573607e-16
6.351292392313445312e+12 5.265139678086902710e-16
6.359057458757770508e+12 5.301349869528168757e-16
6.366832018743435547e+12 5.356415227646040485e-16
6.374616083877207031e+12 5.375948631558752634e-16
6.382409665780044922e+12 5.390745637090929945e-16
6.390212776087117188e+12 5.401409287971340124e-16
6.398025426447812500e+12 5.408717883725158813e-16
6.405847628525766602e+12 5.415853346564871095e-16
6.413679393998875000e+12 5.417164101067405821e-16
6.421520734559303711e+12 5.417963192364041600e-16
6.429371661913523438e+12 5.418496357179007819e-16
6.437232187782313477e+12 5.418779639627446566e-16
6.445102323900777344e+12 5.418779639627446566e-16
6.452982082018375977e+12 5.418779639627446566e-16
6.460871473898924805e+12 5.418779639627446566e-16
6.468770511320628906e+12 5.462732029266064275e-16
6.476679206076091797e+12 5.500301131828587715e-16
6.484597569972331055e+12 5.531734695755762078e-16
6.492525614830804688e+12 5.577699467220164996e-16
6.500463352487420898e+12 5.593051780928815195e-16
6.508410794792557617e+12 5.604115621733603917e-16
6.516367953611082031e+12 5.611698497507917726e-16
6.524334840822369141e+12 5.619101742964133431e-16
6.532311468320313477e+12 5.620461688006674823e-16
6.540297848013352539e+12 5.621290767933766546e-16
6.548293991824488281e+12 5.621843941579608902e-16
6.556299911691290039e+12 5.622137855169566513e-16
6.564315619565928711e+12 5.622137855169566513e-16
6.572341127415189453e+12 5.622137855169566513e-16
6.580376447220479492e+12 5.622137855169566513e-16
6.588421590977862305e+12 5.667739708362737263e-16
6.596476570698067383e+12 5.706718719828136398e-16
6.604541398406502930e+12 5.739331935613011746e-16
6.612616086143283203e+12 5.787021692133910166e-16
6.620700645963244141e+12 5.802950153855187825e-16
6.628795089935955078e+12 5.814429203078242777e-16
6.636899430145748047e+12 5.822296652167711450e-16
6.645013678691720703e+12 5.827210119940239702e-16
6.653137847687772461e+12 5.831388711323397705e-16
6.661271949262607422e+12 5.832248905306739746e-16
6.669415995559757812e+12 5.832822838683183548e-16
6.677569998737605469e+12 5.833127782384559466e-16
6.685733970969397461e+12 5.833127782384559466e-16
6.693907924443257812e+12 5.833127782384559466e-16
6.702091871362218750e+12 5.833127782384559466e-16
6.710285823944230469e+12 5.880441000871921427e-16
6.718489794422174805e+12 5.920882832887770262e-16
6.726703795043897461e+12 5.954719970995782730e-16
6.734927838072215820e+12 5.982383307595496336e-16
6.743161935784935547e+12 6.020725680185752392e-16
6.751406100474878906e+12 6.032635519941245210e-16
6.759660344449893555e+12 6.040798221931570487e-16
6.767924680032875977e+12 6.045896084365774769e-16
6.776199119561789062e+12 6.050231491663894245e-16
6.784483675389679688e+12 6.051123967364728182e-16
6.792778359884696289e+12 6.051719439551572566e-16
6.801083185430111328e+12 6.052035827306976374e-16
6.809398164424333008e+12 6.052035827306976374e-16
6.817723309280930664e+12 6.052035827306976374e-16
6.826058632428652344e+12 6.052035827306976374e-16
6.834404146311434570e+12 6.101123568999541727e-16
6.842759863388434570e+12 6.143082843188257379e-16
6.851125796134041992e+12 6.178189829852608189e-16
6.859501957037890625e+12 6.206891327651149423e-16
6.867888358604890625e+12 6.246672628743421606e-16
6.876285013355240234e+12 6.259029425917584633e-16
6.884691933824441406e+12 6.267498461182401190e-16
6.893109132563324219e+12 6.272787638317818358e-16
6.901536622138062500e+12 6.275766873946746826e-16
6.909974415130195312e+12 6.278211715483804250e-16
6.918422524136640625e+12 6.278829534798485871e-16
6.926880961769721680e+12 6.279157796085133060e-16
6.935349740657173828e+12 6.279157796085133060e-16
6.943828873442181641e+12 6.279157796085133060e-16
6.952318372783380859e+12 6.279157796085133060e-16
6.960818251354882812e+12 6.330083427084435844e-16
6.969328521846295898e+12 6.373614661768768334e-16
6.977849196962743164e+12 6.410037859519828173e-16
6.986380289424879883e+12 6.439816228529140519e-16
6.994921811968916992e+12 6.481090458830584590e-16
7.003473777346628906e+12 6.493910987027278914e-16
7.012036198325388672e+12 6.502697851769090127e-16
7.020609087688176758e+12 6.508185523343381814e-16
7.029192458233595703e+12 6.511276564965810766e-16
7.037786322775903320e+12 6.513813157532680986e-16
7.046390694145022461e+12 6.514454162627504594e-16
7.055005585186556641e+12 6.514794743040214350e-16
7.063631008761820312e+12 6.514794743040214350e-16
7.072266977747852539e+12 6.514794743040214350e-16
7.080913505037428711e+12 6.514794743040214350e-16
7.089570603539093750e+12 6.567622338557566047e-16
7.098238286177172852e+12 6.612780547593825580e-16
7.106916565891789062e+12 6.650566268640158211e-16
7.115605455638892578e+12 6.681459706314466265e-16
7.124304968390267578e+12 6.705824545656258655e-16
7.133015117133558594e+12 6.737583711050273082e-16
7.141735914872291992e+12 6.746700332905851282e-16
7.150467374625888672e+12 6.752393948100854976e-16
7.159209509429686523e+12 6.755600991618601947e-16
7.167962332334966797e+12 6.758232778486080926e-16
7.176725856408958008e+12 6.758897839486645249e-16
7.185500094734872070e+12 6.759251201342702511e-16
7.194285060411913086e+12 6.759251201342702511e-16
7.203080766555298828e+12 6.759251201342702511e-16
7.211887226296285156e+12 6.759251201342702511e-16
7.220704452782180664e+12 6.759251201342702511e-16
7.229532459176367188e+12 6.860886570364518397e-16
7.238371258658318359e+12 6.900081272548018027e-16
7.247220864423627930e+12 6.932128206806739198e-16
7.256081289684012695e+12 6.957404205381977536e-16
7.264952547667349609e+12 6.990353742412182228e-16
7.273834651617686523e+12 6.999812496643613377e-16
7.282727614795259766e+12 7.005719784197162662e-16
7.291631450476520508e+12 7.009047182977590084e-16
7.300546171954154297e+12 7.010743556003933335e-16
7.309471792537091797e+12 7.012467756323314706e-16
7.318408325550541016e+12 7.012834379290038601e-16
7.327355784335996094e+12 7.012834379290038601e-16
7.336314182251267578e+12 7.012834379290038601e-16
7.345283532670494141e+12 7.012834379290038601e-16
7.354263848984166016e+12 7.012834379290038601e-16
7.363255144599144531e+12 7.118241301441516533e-16
7.372257432938686523e+12 7.158891926686108641e-16
7.381270727442449219e+12 7.192130966767594915e-16
7.390295041566533203e+12 7.218348740211201010e-16
7.399330388783485352e+12 7.238212556596925904e-16
7.408376782582320312e+12 7.262343138449104999e-16
7.417434236468550781e+12 7.268472117146320492e-16
7.426502763964199219e+12 7.271924387931771617e-16
7.435582378607816406e+12 7.273684423150429903e-16
7.444673093954508789e+12 7.275473329976350996e-16
7.453774923575958984e+12 7.275853711722219642e-16
7.462887881060430664e+12 7.275853711722219642e-16
7.472011980012813477e+12 7.275853711722219642e-16
7.481147234054624023e+12 7.275853711722219642e-16
7.490293656824029297e+12 7.275853711722219642e-16
7.499451261975879883e+12 7.385155467170406923e-16
7.508620063181708008e+12 7.427309441481974301e-16
7.517800074129772461e+12 7.461779267609057720e-16
7.526991308525063477e+12 7.488969734410200981e-16
7.536193780089321289e+12 7.509571914846718131e-16
7.545407502561069336e+12 7.534602911801841996e-16
7.554632489695625977e+12 7.540961808782560667e-16
7.563868755265124023e+12 7.544543637821565005e-16
7.573116313058537109e+12 7.546369724373763010e-16
7.582375176881698242e+12 7.547482983849845908e-16
7.591645360557314453e+12 7.548620422909104748e-16
7.600926877924995117e+12 7.548620422909104748e-16
7.610219742841272461e+12 7.548620422909104748e-16
7.619523969179615234e+12 7.548620422909104748e-16
7.628839570830455078e+12 7.548620422909104748e-16
7.638166561701209961e+12 7.609714327231061898e-16
7.647504955716293945e+12 7.705646736270587777e-16
7.656854766817150391e+12 7.741386441744407336e-16
7.666216008962268555e+12 7.769580355175720996e-16
7.675588696127196289e+12 7.790944431878245800e-16
7.684972842304573242e+12 7.806345680399364302e-16
7.694368461504148438e+12 7.823501347701768705e-16
7.703775567752792969e+12 7.827217590424416881e-16
7.713194175094532227e+12 7.829112207112065349e-16
7.722624297590556641e+12 7.830267245452679581e-16
7.732065949319253906e+12 7.831447370797921134e-16
7.741519144376221680e+12 7.831447370797921134e-16
7.750983896874287109e+12 7.831447370797921134e-16
7.760460220943536133e+12 7.831447370797921134e-16
7.769948130731331055e+12 7.831447370797921134e-16
7.779447640402323242e+12 7.894776528163448491e-16
7.788958764138490234e+12 7.994218381590017252e-16
7.798481516139146484e+12 8.031267194784502287e-16
7.808015910620959961e+12 8.060495384247953823e-16
7.817561961817987305e+12 8.082644787008411717e-16
7.827119683981687500e+12 8.098613632396654297e-16
7.836689091380936523e+12 8.116405267601816055e-16
7.846270198302062500e+12 8.120260387788084376e-16
7.855863019048857422e+12 8.122226106438603190e-16
7.865467567942600586e+12 8.123424491538350110e-16
7.875083859322079102e+12 8.124224070726178967e-16
7.884711907543616211e+12 8.124648905118266613e-16
7.894351726981079102e+12 8.124648905118266613e-16
7.904003332025916992e+12 8.124648905118266613e-16
7.913666737087165039e+12 8.124648905118266613e-16
7.923341956591480469e+12 8.190282193265478119e-16
7.933029004983160156e+12 8.246388818090051088e-16
7.942727896724154297e+12 8.331737341130022400e-16
7.952438646294099609e+12 8.362030847389224369e-16
7.962161268190334961e+12 8.384988789940413413e-16
7.971895776927918945e+12 8.401542163287437848e-16
7.981642187039662109e+12 8.419989001129152583e-16
7.991400513076140625e+12 8.423987456594121546e-16
8.001170769605715820e+12 8.426026856033158256e-16
8.010952971214568359e+12 8.427270214627237713e-16
8.020747132506706055e+12 8.428099800755306570e-16
8.030553268103993164e+12 8.428540578509114995e-16
8.040371392646169922e+12 8.428540578509114995e-16
8.050201520790879883e+12 8.428540578509114995e-16
8.060043667213676758e+12 8.428540578509114995e-16
8.069897846608064453e+12 8.496547463165402641e-16
8.079764073685513672e+12 8.554681669288919299e-16
8.089642363175471680e+12 8.643114018641444662e-16
8.099532729825401367e+12 8.674503533315648650e-16
8.109435188400791016e+12 8.698293450917117810e-16
8.119349753685186523e+12 8.715447995831131244e-16
8.129276440480208008e+12 8.727214568170232036e-16
8.139215263605560547e+12 8.738715447872436777e-16
8.149166237899084961e+12 8.740830742454979654e-16
8.159129378216750000e+12 8.742120762327388170e-16
8.169104699432692383e+12 8.742981481508628694e-16
8.179092216439231445e+12 8.743438800953263617e-16
8.189091944146900391e+12 8.743438800953263617e-16
8.199103897484452148e+12 8.743438800953263617e-16
8.209128091398897461e+12 8.743438800953263617e-16
8.219164540855521484e+12 8.813889539450017825e-16
8.229213260837902344e+12 8.874110336292002196e-16
8.239274266347939453e+12 8.924502425700004522e-16
8.249347572405875977e+12 8.998231114522995610e-16
8.259433194050311523e+12 9.022875967544934636e-16
8.269531146338240234e+12 9.040648504612271081e-16
8.279641444345060547e+12 9.052840796009362172e-16
8.289764103164598633e+12 9.064761231339980409e-16
8.299899137909145508e+12 9.066954892520055851e-16
8.310046563709452148e+12 9.068293275147157153e-16
8.320206395714782227e+12 9.069186295755733117e-16
8.330378649092917969e+12 9.069660777674650057e-16
8.340563339030175781e+12 9.069660777674650057e-16
8.350760480731454102e+12 9.069660777674650057e-16
8.360970089420233398e+12 9.069660777674650057e-16
8.371192180338599609e+12 9.142626005441238255e-16
8.381426768747284180e+12 9.204992716599556314e-16
8.391673869925673828e+12 9.257178468722639108e-16
8.401933499171832031e+12 9.333531324743114334e-16
8.412205671802526367e+12 9.359054256015169834e-16
8.422490403153257812e+12 9.377461097499435307e-16
8.432787708578263672e+12 9.390090616492797967e-16
8.443097603450565430e+12 9.397987966583605791e-16
8.453420103161972656e+12 9.404716633491742245e-16
8.463755223123113281e+12 9.406104917415232797e-16
8.474102978763459961e+12 9.407031451672541978e-16
8.484463385531348633e+12 9.407523740146207470e-16
8.494836458893996094e+12 9.407523740146207470e-16
8.505222214337538086e+12 9.407523740146207470e-16
8.515620667367035156e+12 9.407523740146207470e-16
8.526031833506511719e+12 9.483074385669342647e-16
8.536455728298971680e+12 9.547646725512450988e-16
8.546892367306411133e+12 9.601674818367885049e-16
8.557341766109864258e+12 9.680721735003801262e-16
8.567803940309414062e+12 9.707145478003143372e-16
8.578278905524204102e+12 9.726203150999356192e-16
8.588766677392486328e+12 9.739281167490675024e-16
8.599267271571629883e+12 9.747460602735298591e-16
8.609780703738140625e+12 9.754432709432693173e-16
8.620306989587694336e+12 9.755872613082783247e-16
8.630846144835161133e+12 9.756833918702971966e-16
8.641398185214610352e+12 9.757344681983179800e-16
8.651963126479362305e+12 9.757344681983179800e-16
8.662540984401993164e+12 9.757344681983179800e-16
8.673131774774354492e+12 9.757344681983179800e-16
8.683735513407615234e+12 9.835552239150612794e-16
8.694352216132271484e+12 9.902389671651931165e-16
8.704981898798169922e+12 9.958309042016689053e-16
8.715624577274542969e+12 1.000403889100262264e-15
8.726280267450014648e+12 1.006746656350025246e-15
8.736948985232643555e+12 1.008719100062993812e-15
8.747630746549935547e+12 1.010072875014932878e-15
8.758325567348862305e+12 1.010919754435014971e-15
8.769033463595899414e+12 1.011397711400109625e-15
8.779754451277044922e+12 1.011791281830411693e-15
8.790488546397830078e+12 1.011891003484207692e-15
8.801235764983367188e+12 1.011943996625905141e-15
8.811996123078357422e+12 1.011943996625905141e-15
8.822769636747111328e+12 1.011943996625905141e-15
8.833556322073583984e+12 1.011943996625905141e-15
8.844356195161400391e+12 1.020037587532278557e-15
8.855169272133863281e+12 1.026953803081823728e-15
8.865995569133994141e+12 1.032739712989966189e-15
8.876835102324554688e+12 1.037471101148051436e-15
8.887687887888052734e+12 1.044033276273695339e-15
8.898553942026796875e+12 1.046074003056766712e-15
8.909433280962896484e+12 1.047474846752048982e-15
8.920325920938296875e+12 1.048351347907762911e-15
8.931231878214792969e+12 1.048846177206200758e-15
8.942151169074076172e+12 1.049253989868101778e-15
8.953083809817728516e+12 1.049357408287626959e-15
8.964029816767273438e+12 1.049412390177981408e-15
8.974989206264181641e+12 1.049412390177981408e-15
8.985961994669904297e+12 1.049412390177981408e-15
8.996948198365902344e+12 1.049412390177981408e-15
9.007947833753656250e+12 1.057785961671023264e-15
9.018960917254703125e+12 1.064940599629707898e-15
9.029987465310658203e+12 1.070925312185929117e-15
9.041027494383230469e+12 1.075818944468726427e-15
9.052081020954267578e+12 1.079679646568183978e-15
9.063148061525757812e+12 1.084716257548138547e-15
9.074228632619865234e+12 1.086165250000201479e-15
9.085322750778960938e+12 1.087072070340310802e-15
9.096430432565636719e+12 1.087584186343393292e-15
9.107551694562726562e+12 1.088006649824286277e-15
9.118686553373351562e+12 1.088113890283244585e-15
9.129835025620923828e+12 1.088170935556842831e-15
9.140997127949179688e+12 1.088170935556842831e-15
9.152172877022203125e+12 1.088170935556842831e-15
9.163362289524458984e+12 1.088170935556842831e-15
9.174565382160800781e+12 1.088170935556842831e-15
9.185782171656511719e+12 1.104230610522933613e-15
9.197012674757318359e+12 1.110418928581512329e-15
9.208256908229423828e+12 1.115478623845185717e-15
9.219514888859535156e+12 1.119470049502050700e-15
9.230786633454867188e+12 1.124676961699441984e-15
9.242072158843197266e+12 1.126175160961710559e-15
9.253371481872873047e+12 1.127112965138683074e-15
9.264684619412835938e+12 1.127642756710990409e-15
9.276011588352656250e+12 1.127913962132669382e-15
9.287352405602554688e+12 1.128191400609984369e-15
9.298707088093419922e+12 1.128250586702330511e-15
9.310075652776843750e+12 1.128250586702330511e-15
9.321458116625148438e+12 1.128250586702330511e-15
9.332854496631394531e+12 1.128250586702330511e-15
9.344264809809427734e+12 1.128250586702330511e-15
9.355689073193892578e+12 1.144854727707974098e-15
9.367127303840259766e+12 1.151251377585524818e-15
9.378579518824849609e+12 1.156480898141660689e-15
9.390045735244867188e+12 1.160605941175952270e-15
9.401525970218408203e+12 1.163731971607555661e-15
9.413020240884509766e+12 1.167535152384329839e-15
9.424528564403154297e+12 1.168504594152368875e-15
9.436050957955306641e+12 1.169052449911351645e-15
9.447587438742939453e+12 1.169333071961375093e-15
9.459138023989052734e+12 1.169620489693257326e-15
9.470702730937707031e+12 1.169681862177134779e-15
9.482281576854042969e+12 1.169681862177134779e-15
9.493874579024304688e+12 1.169681862177134779e-15
9.505481754755882812e+12 1.169681862177134779e-15
9.517103121377318359e+12 1.169681862177134779e-15
9.528738696238335938e+12 1.186843366455334340e-15
9.540388496709882812e+12 1.193453052953354358e-15
9.552052540184134766e+12 1.198856091442433579e-15
9.563730844074533203e+12 1.203117545803963216e-15
9.575423425815810547e+12 1.206346676108553666e-15
9.587130302864015625e+12 1.210275382340821535e-15
9.598851492696533203e+12 1.211277096717114285e-15
9.610587012812125000e+12 1.211843389263124798e-15
9.622336880730941406e+12 1.212133639694239852e-15
9.634101113994548828e+12 1.212311991940085667e-15
9.645879730165968750e+12 1.212494902344046549e-15
9.657672746829687500e+12 1.212494902344046549e-15
9.669480181591697266e+12 1.212494902344046549e-15
9.681302052079507812e+12 1.212494902344046549e-15
9.693138375942183594e+12 1.212494902344046549e-15
9.704989170850369141e+12 1.222059572290922337e-15
9.716854454496312500e+12 1.237053881887448271e-15
9.728734244593886719e+12 1.242634073136684406e-15
9.740628558878625000e+12 1.247034700755976463e-15
9.752537415107750000e+12 1.250368921965016464e-15
9.764460831060179688e+12 1.254425478857482278e-15
9.776398824536587891e+12 1.255460060609362984e-15
9.788351413359396484e+12 1.256045126883323822e-15
9.800318615372820312e+12 1.256345176961945265e-15
9.812300448442892578e+12 1.256529792261406619e-15
9.824296930457492188e+12 1.256719225117874928e-15
9.836308079326359375e+12 1.256719225117874928e-15
9.848333912981136719e+12 1.256719225117874928e-15
9.860374449375392578e+12 1.256719225117874928e-15
9.872429706484634766e+12 1.256719225117874928e-15
9.884499702306363281e+12 1.266599210337638637e-15
9.896584454860064453e+12 1.282083156473727404e-15
9.908683982187267578e+12 1.287844028318298732e-15
9.920798302351560547e+12 1.292386472743950035e-15
9.932927433438601562e+12 1.295827706599283760e-15
9.945071393556175781e+12 1.298309441501108518e-15
9.957230200834201172e+12 1.301082408996743851e-15
9.969403873424757812e+12 1.301686588233989199e-15
9.981592429502121094e+12 1.301996620826985441e-15
9.993795887262792969e+12 1.302187615500552360e-15
1.000601426492550781e+13 1.302315507006411160e-15
1.001824758073128906e+13 1.302383708088088899e-15
1.003049585294344531e+13 1.302383708088088899e-15
1.004275909984763672e+13 1.302383708088088899e-15
1.005503733975185742e+13 1.302383708088088899e-15
1.006733059098649023e+13 1.312585900762164318e-15
1.007963887190434180e+13 1.321293411074084409e-15
1.009196220088064258e+13 1.334514460738858612e-15
1.010430059631308398e+13 1.339201309866406908e-15
1.011665407662187500e+13 1.342751405561803584e-15
1.012902266024972266e+13 1.345311418626722837e-15
1.014140636566188086e+13 1.348172322266953676e-15
1.015380521134619922e+13 1.348795922466711935e-15
1.016621921581311133e+13 1.349116115902092056e-15
1.017864839759568555e+13 1.349313631175270581e-15
1.019109277524966016e+13 1.349445891458105468e-15
1.020355236735344531e+13 1.349516491369532866e-15
1.021602719250816797e+13 1.349516491369532866e-15
1.022851726933770898e+13 1.349516491369532866e-15
1.024102261648870312e+13 1.349516491369532866e-15
1.025354325263058984e+13 1.360047634101128609e-15
1.026607919645562500e+13 1.369033660914600022e-15
1.027863046667893555e+13 1.382673047467184852e-15
1.029119708203851758e+13 1.387506749572380721e-15
1.030377906129526758e+13 1.391167448206195923e-15
1.031637642323304492e+13 1.393806928992630366e-15
1.032898918665864844e+13 1.395620586210030863e-15
1.034161737040187500e+13 1.397400331608213382e-15
1.035426099331556055e+13 1.397730812263991934e-15
1.036692007427557031e+13 1.397934984504349136e-15
1.037959463218085156e+13 1.398071698182419456e-15
1.039228468595346484e+13 1.398144699269776524e-15
1.040499025453859961e+13 1.398144699269776524e-15
1.041771135690460156e+13 1.398144699269776524e-15
1.043044801204302344e+13 1.398144699269776524e-15
1.044320023896861914e+13 1.409011456301587092e-15
1.045596805671939844e+13 1.418281317045587723e-15
1.046875148435665234e+13 1.426023290555461464e-15
1.048155054096496484e+13 1.437329306411629666e-15
1.049436524565225391e+13 1.441102268758043101e-15
1.050719561754981250e+13 1.443822332600470148e-15
1.052004167581230859e+13 1.445691503008667920e-15
1.053290343961782812e+13 1.447526098399540839e-15
1.054578092816791992e+13 1.447866971047278081e-15
1.055867416068759375e+13 1.448077897140487724e-15
1.057158315642536328e+13 1.448219143624565248e-15
1.058450793465328906e+13 1.448294499281742629e-15
1.059744851466697852e+13 1.448294499281742629e-15
1.061040491578563672e+13 1.448294499281742629e-15
1.062337715735209180e+13 1.448294499281742629e-15
1.063636525873281445e+13 1.459503340788172566e-15
1.064936923931794727e+13 1.469062225325432582e-15
1.066238911852135938e+13 1.477043267685111378e-15
1.067542491578063477e+13 1.488694405336404934e-15
1.068847665055712500e+13 1.492581158200688617e-15
1.070154434233599023e+13 1.495382801241998922e-15
1.071462801062619531e+13 1.497308133154483784e-15
1.072772767496056250e+13 1.498514831962041320e-15
1.074084335489580078e+13 1.499549571079838718e-15
1.075397507001252344e+13 1.499767290341530236e-15
1.076712283991527734e+13 1.499913143074110264e-15
1.078028668423259180e+13 1.499990871813203284e-15
1.079346662261698438e+13 1.499990871813203284e-15
1.080666267474500000e+13 1.499990871813203284e-15
1.081987486031723633e+13 1.499990871813203284e-15
1.083310319905839453e+13 1.511548142418009956e-15
1.084634771071727148e+13 1.521401038366264175e-15
1.085960841506681055e+13 1.529624970581457626e-15
1.087288533190414844e+13 1.541626187805700228e-15
1.088617848105060547e+13 1.545628144960740336e-15
1.089948788235173633e+13 1.548512276449080267e-15
1.091281355567737695e+13 1.550494354597544940e-15
1.092615552092163477e+13 1.551736671160289806e-15
1.093951379800294922e+13 1.552802311782675256e-15
1.095288840686411914e+13 1.553026908329618270e-15
1.096627936747231250e+13 1.553177433287940103e-15
1.097968669981910938e+13 1.553257547299236643e-15
1.099311042392054883e+13 1.553257547299236643e-15
1.100655055981711914e+13 1.553257547299236643e-15
1.102000712757382031e+13 1.553257547299236643e-15
1.103348014728019141e+13 1.565169356302869919e-15
1.104696963905031641e+13 1.575321079013560529e-15
1.106047562302288086e+13 1.583791566336984102e-15
1.107399811936119531e+13 1.590704257112658858e-15
1.108753714825321289e+13 1.600265918520723113e-15
1.110109272991156641e+13 1.603233329950886914e-15
1.111466488457361914e+13 1.605272663395841157e-15
1.112825363250145508e+13 1.606550878267658182e-15
1.114185899398193555e+13 1.607274938938158987e-15
1.115548098932674023e+13 1.607879126762085869e-15
1.116911963887236133e+13 1.608034271459205360e-15
1.118277496298016211e+13 1.608116775432698072e-15
1.119644698203640430e+13 1.608116775432698072e-15
1.121013571645227148e+13 1.608116775432698072e-15
1.122384118666389062e+13 1.608116775432698072e-15
1.123756341313239453e+13 1.620389052441191663e-15
1.125130241634391211e+13 1.630844176835462319e-15
1.126505821680962891e+13 1.639564636019528681e-15
1.127883083506581250e+13 1.646679131086186846e-15
1.129262029167382422e+13 1.656515471498621123e-15
1.130642660722016602e+13 1.659566792560494244e-15
1.132024980231652344e+13 1.661663756497111842e-15
1.133408989759976758e+13 1.662978084496377596e-15
1.134794691373200195e+13 1.663722638764088723e-15
1.136182087140058789e+13 1.664344438236056461e-15
1.137571179131820117e+13 1.664504143969479220e-15
1.138961969422281250e+13 1.664589034433661248e-15
1.140354460087775391e+13 1.664589034433661248e-15
1.141748653207176172e+13 1.664589034433661248e-15
1.143144550861896484e+13 1.664589034433661248e-15
1.144542155135894336e+13 1.677227423565324616e-15
1.145941468115677539e+13 1.687990289488981811e-15
1.147342491890302734e+13 1.696963927040362651e-15
1.148745228551380664e+13 1.704282527282840492e-15
1.150149680193081055e+13 1.710041536391212013e-15
1.151555848912132422e+13 1.717531775400928498e-15
1.152963736807826562e+13 1.719686636790567486e-15
1.154373345982023242e+13 1.721037162940101530e-15
1.155784678539150977e+13 1.721802254547558769e-15
1.157197736586210742e+13 1.722441688439487714e-15
1.158612522232780859e+13 1.722605947465579179e-15
1.160029037591017969e+13 1.722693212047788254e-15
1.161447284775660156e+13 1.722693212047788254e-15
1.162867265904033398e+13 1.722693212047788254e-15
1.164288983096050000e+13 1.722693212047788254e-15
1.165712438474214453e+13 1.735703122434952317e-15
1.167137634163628125e+13 1.746777799323476199e-15
1.168564572291987891e+13 1.756007545087807278e-15
1.169993254989592969e+13 1.763532286799875164e-15
1.171423684389348438e+13 1.769451242694459697e-15
1.172855862626764844e+13 1.777145524802767924e-15
1.174289791839964453e+13 1.779358463926301997e-15
1.175725474169684961e+13 1.780745190046793329e-15
1.177162911759278906e+13 1.781530810784829660e-15
1.178602106754720508e+13 1.781935172181805856e-15
1.180043061304608594e+13 1.782356651476063916e-15
1.181485777560167188e+13 1.782446268109173660e-15
1.182930257675250586e+13 1.782446268109173660e-15
1.184376503806348047e+13 1.782446268109173660e-15
1.185824518112583594e+13 1.782446268109173660e-15
1.187274302755721094e+13 1.782446268109173660e-15
1.188725859900168750e+13 1.807223009321170261e-15
1.190179191712979883e+13 1.816711509797736868e-15
1.191634300363857031e+13 1.824444171930739589e-15
1.193091188025155273e+13 1.830524132499056580e-15
1.194549856871887695e+13 1.835117619787217553e-15
1.196010309081724023e+13 1.840694197896968979e-15
1.197472546834996875e+13 1.842117074564899605e-15
1.198936572314706055e+13 1.842923062804930848e-15
1.200402387706518750e+13 1.843337884076780383e-15
1.201869995198774414e+13 1.843770913739620577e-15
1.203339396982489258e+13 1.843862849826230734e-15
1.204810595251357031e+13 1.843862849826230734e-15
1.206283592201753125e+13 1.843862849826230734e-15
1.207758390032739844e+13 1.843862849826230734e-15
1.209234990946066992e+13 1.843862849826230734e-15
1.210713397146175195e+13 1.869339960959865171e-15
1.212193610840202734e+13 1.879089555920616071e-15
1.213675634237984570e+13 1.887031636254697390e-15
1.215159469552056836e+13 1.893273419323909396e-15
1.216645118997663281e+13 1.897986983932069741e-15
1.218132584792753125e+13 1.903706509775962085e-15
1.219621869157988477e+13 1.905165392804478807e-15
1.221112974316747656e+13 1.905991534251642916e-15
1.222605902495125000e+13 1.906416699079455457e-15
1.224100655921936914e+13 1.906683290574946924e-15
1.225597236828727148e+13 1.906955199547665781e-15
1.227095647449764648e+13 1.906955199547665781e-15
1.228595890022050781e+13 1.906955199547665781e-15
1.230097966785324023e+13 1.906955199547665781e-15
1.231601879982058398e+13 1.906955199547665781e-15
1.233107631857470117e+13 1.921108770259450037e-15
1.234615224659521875e+13 1.943152775540872544e-15
1.236124660638923633e+13 1.951305421177171952e-15
1.237635942049136133e+13 1.957709531441429228e-15
1.239149071146377539e+13 1.962543260497348344e-15
1.240664050189622656e+13 1.968405253848408266e-15
1.242180881440607812e+13 1.969899897529742364e-15
1.243699567163836523e+13 1.970745962268662066e-15
1.245220109626579297e+13 1.971181313363096636e-15
1.246742511098877930e+13 1.971454607444265080e-15
1.248266773853552148e+13 1.971733075858445569e-15
1.249792900166198242e+13 1.971733075858445569e-15
1.251320892315194141e+13 1.971733075858445569e-15
1.252850752581706445e+13 1.971733075858445569e-15
1.254382483249687305e+13 1.971733075858445569e-15
1.255916086605883203e+13 1.986276351271108409e-15
1.257451564939834570e+13 2.008909821110971914e-15
1.258988920543884180e+13 2.017273862367815149e-15
1.260528155713174219e+13 2.023840495413391983e-15
1.262069272745653906e+13 2.028794157465625010e-15
1.263612273942083398e+13 2.032353745236656001e-15
1.265157161606033789e+13 2.036327866638177831e-15
1.266703938043892383e+13 2.037193550546421100e-15
1.268252605564868945e+13 2.037638886752328991e-15
1.269803166480993555e+13 2.037918757196884947e-15
1.271355623107123633e+13 2.038105029063130258e-15
1.272909977760948438e+13 2.038203609383928040e-15
1.274466232762988867e+13 2.038203609383928040e-15
1.276024390436602930e+13 2.038203609383928040e-15
1.277584453107991406e+13 2.038203609383928040e-15
1.279146423106196484e+13 2.053140127488726829e-15
1.280710302763108203e+13 2.065823284206571107e-15
1.282276094413469727e+13 2.084942437797814978e-15
1.283843800394876367e+13 2.091671496125534170e-15
1.285413423047781250e+13 2.096744606400714229e-15
1.286984964715501367e+13 2.100387930707550819e-15
1.288558427744216602e+13 2.104453543405381441e-15
1.290133814482974805e+13 2.105338463364306271e-15
1.291711127283698047e+13 2.105793536702391812e-15
1.293290368501181836e+13 2.106079823484910323e-15
1.294871540493100977e+13 2.106270198982894193e-15
1.296454645620014062e+13 2.106370845233290027e-15
1.298039686245364453e+13 2.106370845233290027e-15
1.299626664735484375e+13 2.106370845233290027e-15
1.301215583459601367e+13 2.106370845233290027e-15
1.302806444789837891e+13 2.121703655966761539e-15
1.304399251101216016e+13 2.134715623891422550e-15
1.305994004771664062e+13 2.154313317314548158e-15
1.307590708182015234e+13 2.161204356864812452e-15
1.309189363716013281e+13 2.166396163050527646e-15
1.310789973760319141e+13 2.170122269435272064e-15
1.312392540704508984e+13 2.172679072874827461e-15
1.313997066941080469e+13 2.175181636628028336e-15
1.315603554865458789e+13 2.175646149294870039e-15
1.317212006875995312e+13 2.175938656351702766e-15
1.318822425373974609e+13 2.176132978912550882e-15
1.320434812763616016e+13 2.176235592274432760e-15
1.322049171452080859e+13 2.176235592274432760e-15
1.323665503849470703e+13 2.176235592274432760e-15
1.325283812368833984e+13 2.176235592274432760e-15
1.326904099426172070e+13 2.191967246726517644e-15
1.328526367440436719e+13 2.205309332702082948e-15
1.330150618833538281e+13 2.225385498096719317e-15
1.331776856030349414e+13 2.232437630523202605e-15
1.333405081458705859e+13 2.237747069592255804e-15
1.335035297549411328e+13 2.241554829549452572e-15
1.336667506736243555e+13 2.244166683485773746e-15
1.338301711455953906e+13 2.246720758751180937e-15
1.339937914148272656e+13 2.247194360098378194e-15
1.341576117255914844e+13 2.247492852974855257e-15
1.343216323224580664e+13 2.247690938278459256e-15
1.344858534502959375e+13 2.247795403855526121e-15
1.346502753542736719e+13 2.247795403855526121e-15
1.348148982798593555e+13 2.247795403855526121e-15
1.349797224728211914e+13 2.247795403855526121e-15
1.351447481792280859e+13 2.263927859594583160e-15
1.353099756454495312e+13 2.277600809088044869e-15
1.354754051181562500e+13 2.288944413499090827e-15
1.356410368443207617e+13 2.305366421873044198e-15
1.358068710712173438e+13 2.310792091359773982e-15
1.359729080464225586e+13 2.314680112934105773e-15
1.361391480178158594e+13 2.317345883575063614e-15
1.363055912335795898e+13 2.319010428472567786e-15
1.364722379421994727e+13 2.320432176382113220e-15
1.366390883924652344e+13 2.320736379828723881e-15
1.368061428334706250e+13 2.320938014102176267e-15
1.369734015146138672e+13 2.321044199968562293e-15
1.371408646855983203e+13 2.321044199968562293e-15
1.373085325964324805e+13 2.321044199968562293e-15
1.374764054974304102e+13 2.321044199968562293e-15
1.376444836392124805e+13 2.337578824508516609e-15
1.378127672727052539e+13 2.351582790798152241e-15
1.379812566491420508e+13 2.363192381294876536e-15
1.381499520200635352e+13 2.379982005742029492e-15
1.383188536373177734e+13 2.385522026392387410e-15
1.384879617530607617e+13 2.389488634725427053e-15
1.386572766197566602e+13 2.392206849404700367e-15
1.388267984901786133e+13 2.393902684904374299e-15
1.389965276174085352e+13 2.395349462801101365e-15
1.391664642548377344e+13 2.395659058353157934e-15
1.393366086561675391e+13 2.395863996680385269e-15
1.395069610754092773e+13 2.395971752943821271e-15
1.396775217668847852e+13 2.395971752943821271e-15
1.398482909852270703e+13 2.395971752943821271e-15
1.400192689853802344e+13 2.395971752943821271e-15
1.401904560226000781e+13 2.412909284505446657e-15
1.403618523524546484e+13 2.427243843633745442e-15
1.405334582308243359e+13 2.439118099602587287e-15
1.407052739139022266e+13 2.448745132393414529e-15
1.408772996581949609e+13 2.461923557302367592e-15
1.410495357205225391e+13 2.465966779493701875e-15
1.412219823580189258e+13 2.468735664816257679e-15
1.413946398281326562e+13 2.470461548641776006e-15
1.415675083886268750e+13 2.471931975680416547e-15
1.417405882975797852e+13 2.472246599248560793e-15
1.419138798133853906e+13 2.472454563907969731e-15
1.420873831947533594e+13 2.472563721798044557e-15
1.422610987007096680e+13 2.472563721798044557e-15
1.424350265905972266e+13 2.472563721798044557e-15
1.426091671240757031e+13 2.472563721798044557e-15
1.427835205611223438e+13 2.489904161363468501e-15
1.429580871620323828e+13 2.504568233080516738e-15
1.431328671874190820e+13 2.516705252467826597e-15
1.433078608982143750e+13 2.526537440709876501e-15
1.434830685556693555e+13 2.539979010831561245e-15
1.436584904213543555e+13 2.544096560749948262e-15
1.438341267571594922e+13 2.546914246487793471e-15
1.440099778252952734e+13 2.548668767010124361e-15
1.441860438882925781e+13 2.549656000802910942e-15
1.443623252090032422e+13 2.550480527984196793e-15
1.445388220506007227e+13 2.550691206832851475e-15
1.447155346765799414e+13 2.550801577826078087e-15
1.448924633507580078e+13 2.550801577826078087e-15
1.450696083372748242e+13 2.550801577826078087e-15
1.452469699005929688e+13 2.550801577826078087e-15
1.454245483054983398e+13 2.568544196113134562e-15
1.456023438171008398e+13 2.583535931099939637e-15
1.457803567008341797e+13 2.595933175566948594e-15
1.459585872224567578e+13 2.605967589913238771e-15
1.461370356480517773e+13 2.613797801741096870e-15
1.463157022440279492e+13 2.623855504188660131e-15
1.464945872771195117e+13 2.626719868281817006e-15
1.466736910143867773e+13 2.628501436762719704e-15
1.468530137232168164e+13 2.629502590377375041e-15
1.470325556713233789e+13 2.630337709575516786e-15
1.472123171267474805e+13 2.630550754500250286e-15
1.473922983578581641e+13 2.630662129494817860e-15
1.475724996333522461e+13 2.630662129494817860e-15
1.477529212222550977e+13 2.630662129494817860e-15
1.479335633939212500e+13 2.630662129494817860e-15
1.481144264180342383e+13 2.648805441632838118e-15
1.482955105646074219e+13 2.664122295564223661e-15
1.484768161039844336e+13 2.676776485091190668e-15
1.486583433068391992e+13 2.687009595402842399e-15
1.488400924441766016e+13 2.694986483834341535e-15
1.490220637873330664e+13 2.705216189966217922e-15
1.492042576079765234e+13 2.708124846875311925e-15
1.493866741781070312e+13 2.709931689904181730e-15
1.495693137700574414e+13 2.710945567851360237e-15
1.497521766564933398e+13 2.711463003160745888e-15
1.499352631104136523e+13 2.712005060282362276e-15
1.501185734051512891e+13 2.712117208836659023e-15
1.503021078143731250e+13 2.712117208836659023e-15
1.504858666120806445e+13 2.712117208836659023e-15
1.506698500726105078e+13 2.712117208836659023e-15
1.508540584706345703e+13 2.712117208836659023e-15
1.510384920811605078e+13 2.746297564350256412e-15
1.512231511795324219e+13 2.759204660274013495e-15
1.514080360414308594e+13 2.769632305345434678e-15
1.515931469428733789e+13 2.777751689884953625e-15
1.517784841602152344e+13 2.788146231703288788e-15
1.519640479701493555e+13 2.791096521504860418e-15
1.521498386497068750e+13 2.792926673701121206e-15
1.523358564762579492e+13 2.793951957455785148e-15
1.525221017275115625e+13 2.794474300094844591e-15
1.527085746815161914e+13 2.795020982538697993e-15
1.528952756166605664e+13 2.795133652188881794e-15
1.530822048116735156e+13 2.795133652188881794e-15
1.532693625456246680e+13 2.795133652188881794e-15
1.534567490979248242e+13 2.795133652188881794e-15
1.536443647483265820e+13 2.795133652188881794e-15
1.538322097769243750e+13 2.830026786000559366e-15
1.540202844641550586e+13 2.843182078580374005e-15
1.542085890907985156e+13 2.853799435763983043e-15
1.543971239379778125e+13 2.862056573880375666e-15
1.545858892871596289e+13 2.868222728133435777e-15
1.547748854201549805e+13 2.875596915715898558e-15
1.549641126191192383e+13 2.877448212772967343e-15
1.551535711665527148e+13 2.878483456663418093e-15
1.553432613453013477e+13 2.879009830104571646e-15
1.555331834385566406e+13 2.879342373926359451e-15
1.557233377298563281e+13 2.879672963183914766e-15
1.559137245030850391e+13 2.879672963183914766e-15
1.561043440424742188e+13 2.879672963183914766e-15
1.562951966326028516e+13 2.879672963183914766e-15
1.564862825583980469e+13 2.879672963183914766e-15
1.566776021051350391e+13 2.899000639591111162e-15
1.568691555584378711e+13 2.928667684330470815e-15
1.570609432042799805e+13 2.939469218564849573e-15
1.572529653289841797e+13 2.947858768757775177e-15
1.574452222192234375e+13 2.954115176224888436e-15
1.576377141620213477e+13 2.961582489061647430e-15
1.578304414447522070e+13 2.963452561213181294e-15
1.580234043551416797e+13 2.964496188658831786e-15
1.582166031812674219e+13 2.965025639698349429e-15
1.584100382115590430e+13 2.965359942237303935e-15
1.586037097347988086e+13 2.965691065952724752e-15
1.587976180401222852e+13 2.965691065952724752e-15
1.589917634170182617e+13 2.965691065952724752e-15
1.591861461553295117e+13 2.965691065952724752e-15
1.593807665452533594e+13 2.965691065952724752e-15
1.595756248773416797e+13 2.985404523515411827e-15
1.597707214425016406e+13 3.015614580539404619e-15
1.599660565319962500e+13 3.026593806319598087e-15
1.601616304374443750e+13 3.035109803911912877e-15
1.603574434508214648e+13 3.041451136602512102e-15
1.605534958644601367e+13 3.045947227471984226e-15
1.607497879710501562e+13 3.050889822341238384e-15
1.609463200636392383e+13 3.051940122502387119e-15
1.611430924356333398e+13 3.052471619594134400e-15
1.613401053807972461e+13 3.052806936743521204e-15
1.615373591932548047e+13 3.053137726153519908e-15
1.617348541674893555e+13 3.053137726153519908e-15
1.619325905983445703e+13 3.053137726153519908e-15
1.621305687810243555e+13 3.053137726153519908e-15
1.623287890110934570e+13 3.053137726153519908e-15
1.625272515844783008e+13 3.073230808077801069e-15
1.627259567974668555e+13 3.090106219143050859e-15
1.629249049467092969e+13 3.115119591115800064e-15
1.631240963292187305e+13 3.123755424587642028e-15
1.633235312423712305e+13 3.130175826306767294e-15
1.635232099839063086e+13 3.134720235609059529e-15
1.637231328519278125e+13 3.139704270830900623e-15
1.639233001449038281e+13 3.140759395737386045e-15
1.641237121616672852e+13 3.141291827672285128e-15
1.643243692014167188e+13 3.141627354327377173e-15
1.645252715637163086e+13 3.141845103666760835e-15
1.647264195484963086e+13 3.141956874582499360e-15
1.649278134560540820e+13 3.141956874582499360e-15
1.651294535870538477e+13 3.141956874582499360e-15
1.653313402425272852e+13 3.141956874582499360e-15
1.655334737238745703e+13 3.162422346286703324e-15
1.657358543328639258e+13 3.179589602098160304e-15
1.659384823716326758e+13 3.204986819104890398e-15
1.661413581426877148e+13 3.213735207185131405e-15
1.663444819489054492e+13 3.220228276723743299e-15
1.665478540935327344e+13 3.224815695786473216e-15
1.667514748801873438e+13 3.227923933726463232e-15
1.669553446128579492e+13 3.230891933497513406e-15
1.671594635959050391e+13 3.231424108476453220e-15
1.673638321340613281e+13 3.231758977631300441e-15
1.675684505324318164e+13 3.231975544255958350e-15
1.677733190964946875e+13 3.232086227430768301e-15
1.679784381321017188e+13 3.232086227430768301e-15
1.681838079454783594e+13 3.232086227430768301e-15
1.683894288432244922e+13 3.232086227430768301e-15
1.685953011323151758e+13 3.252915617369561467e-15
1.688014251201004297e+13 3.270365795381935978e-15
1.690078011143059961e+13 3.296129179668617212e-15
1.692144294230341797e+13 3.304982149382652761e-15
1.694213103547637500e+13 3.311540924752181316e-15
1.696284442183505859e+13 3.316165611024615543e-15
1.698358313230281445e+13 3.319293204051708885e-15
1.700434719784082617e+13 3.322269043049942567e-15
1.702513664944809766e+13 3.322799688199729417e-15
1.704595151816153320e+13 3.323132970410877691e-15
1.706679183505600781e+13 3.323347678985292042e-15
1.708765763124436914e+13 3.323456882128965130e-15
1.710854893787749414e+13 3.323456882128965130e-15
1.712946578614437695e+13 3.323456882128965130e-15
1.715040820727211523e+13 3.323456882128965130e-15
1.717137623252598242e+13 3.344640464054834754e-15
1.719236989320950977e+13 3.362363559868331839e-15
1.721338922066446289e+13 3.376862529678898654e-15
1.723443424627093945e+13 3.397422487314296462e-15
1.725550500144741797e+13 3.404039431203388077e-15
1.727660151765076758e+13 3.408695198907855631e-15
1.729772382637631250e+13 3.411837302550879883e-15
1.731887195915791406e+13 3.413758127044245493e-15
1.734004594756795508e+13 3.415342997425185072e-15
1.736124582321742773e+13 3.415673700690718590e-15
1.738247161775598633e+13 3.415885833300355335e-15
1.740372336287196484e+13 3.415993141052339209e-15
1.742500109029242969e+13 3.415993141052339209e-15
1.744630483178326562e+13 3.415993141052339209e-15
1.746763461914917578e+13 3.415993141052339209e-15
1.748899048423373828e+13 3.437520080198285986e-15
1.751037245891949023e+13 3.455504966081587994e-15
1.753178057512792969e+13 3.470195114282568040e-15
1.755321486481957031e+13 3.490975687410443547e-15
1.757467535999403516e+13 3.497642674051140832e-15
1.759616209269003906e+13 3.502322886182116700e-15
1.761767509498547656e+13 3.505474315855587253e-15
1.763921439899746875e+13 3.507395092170606252e-15
1.766078003688239844e+13 3.508971669258749214e-15
1.768237204083594531e+13 3.509298739362655884e-15
1.770399044309318750e+13 3.509507536171495281e-15
1.772563527592858203e+13 3.509612510726881869e-15
1.774730657165604688e+13 3.509612510726881869e-15
1.776900436262903516e+13 3.509612510726881869e-15
1.779072868124051953e+13 3.509612510726881869e-15
1.781247955992310156e+13 3.531470688837206844e-15
1.783425703114901172e+13 3.549705073221704731e-15
1.785606112743021094e+13 3.564574398406816767e-15
1.787789188131839062e+13 3.576442473470524666e-15
1.789974932540502734e+13 3.592262433372270005e-15
1.792163349232147266e+13 3.596959995211316094e-15
1.794354441473895703e+13 3.600115222615980979e-15
1.796548212536864453e+13 3.602032014556637601e-15
1.798744665696172266e+13 3.603596229713578323e-15
1.800943804230939062e+13 3.603918551086673115e-15
1.803145631424294141e+13 3.604123211403183272e-15
1.805350150563383594e+13 3.604225393397245105e-15
1.807557364939368750e+13 3.604225393397245105e-15
1.809767277847435156e+13 3.604225393397245105e-15
1.811979892586800781e+13 3.604225393397245105e-15
1.814195212460712891e+13 3.626401360044515885e-15
1.816413240776458203e+13 3.644871748267817727e-15
1.818633980845369922e+13 3.659907187358028761e-15
1.820857435982825781e+13 3.671885897187727974e-15
1.823083609508257812e+13 3.687803217328586346e-15
1.825312504745158984e+13 3.692510571649541697e-15
1.827544125021082422e+13 3.695663722671331422e-15
1.829778473667650000e+13 3.697572362832436061e-15
1.832015554020559766e+13 3.698609741894572931e-15
1.834255369419583984e+13 3.699436326861460769e-15
1.836497923208578906e+13 3.699636010650191218e-15
1.838743218735492578e+13 3.699734920322936552e-15
1.840991259352362109e+13 3.699734920322936552e-15
1.843242048415323828e+13 3.699734920322936552e-15
1.845495589284618750e+13 3.699734920322936552e-15
1.847751885324594141e+13 3.722213845994790175e-15
1.850010939903711719e+13 3.740905502578344045e-15
1.852272756394551953e+13 3.756092902036554209e-15
1.854537338173817188e+13 3.768169091760610553e-15
1.856804688622337891e+13 3.777399792766127595e-15
1.859074811125080469e+13 3.788871230785817627e-15
1.861347709071147266e+13 3.792016085048736961e-15
1.863623385853784375e+13 3.793912176509627096e-15
1.865901844870388281e+13 3.794937498069538788e-15
1.868183089522507422e+13 3.795747835728137346e-15
1.870467123215848828e+13 3.795941665603465581e-15
1.872753949360283984e+13 3.796036804264921889e-15
1.875043571369854297e+13 3.796036804264921889e-15
1.877335992662773047e+13 3.796036804264921889e-15
1.879631216661433203e+13 3.796036804264921889e-15
1.881929246792414453e+13 3.818802434862670365e-15
1.884230086486481641e+13 3.837699347621294207e-15
1.886533739178596484e+13 3.853023436776003393e-15
1.888840208307921094e+13 3.865182989323212248e-15
1.891149497317819922e+13 3.874454852364381390e-15
1.893461609655868359e+13 3.885931024238932469e-15
1.895776548773858203e+13 3.889061016470872914e-15
1.898094318127799609e+13 3.890939935965734649e-15
1.900414921177926953e+13 3.891950233586767937e-15
1.902738361388709375e+13 3.892440503838054929e-15
1.905064642228847266e+13 3.892928361024579872e-15
1.907393767171282812e+13 3.893019212840340670e-15
1.909725739693206641e+13 3.893019212840340670e-15
1.912060563276057422e+13 3.893019212840340670e-15
1.914398241405532422e+13 3.893019212840340670e-15
1.916738777571589453e+13 3.893019212840340670e-15
1.919082175268454297e+13 3.935138672236739884e-15
1.921428437994621484e+13 3.950583039014550853e-15
1.923777569252867969e+13 3.962810858505310572e-15
1.926129572550248828e+13 3.972110579137534885e-15
1.928484451398108203e+13 3.983571329447727867e-15
1.930842209312084766e+13 3.986679552820638835e-15
1.933202849812113281e+13 3.988536455505050612e-15
1.935566376422431641e+13 3.989528633773147954e-15
1.937932792671589453e+13 3.990006270359727086e-15
1.940302102092447656e+13 3.990476631070325614e-15
1.942674308222186328e+13 3.990562665185223966e-15
1.945049414602312500e+13 3.990562665185223966e-15
1.947427424778660547e+13 3.990562665185223966e-15
1.949808342301400391e+13 3.990562665185223966e-15
1.952192170725044922e+13 3.990562665185223966e-15
1.954578913608449219e+13 4.033101143882740039e-15
1.956968574514819922e+13 4.048648213263143205e-15
1.959361157011723438e+13 4.060928211233357823e-15
1.961756664671084375e+13 4.070241678354815734e-15
1.964155101069194531e+13 4.077004120517183355e-15
1.966556469786720703e+13 4.084744976055529102e-15
1.968960774408705078e+13 4.086574801987865173e-15
1.971368018524573438e+13 4.087545642661585854e-15
1.973778205728139062e+13 4.088008777010574683e-15
1.976191339617612109e+13 4.088288610064398137e-15
1.978607423795598047e+13 4.088539954404768138e-15
1.981026461869108594e+13 4.088539954404768138e-15
1.983448457449566797e+13 4.088539954404768138e-15
1.985873414152809375e+13 4.088539954404768138e-15
1.988301335599091797e+13 4.088539954404768138e-15
1.990732225413101562e+13 4.112053286270667595e-15
1.993166087223951562e+13 4.147087651889765735e-15
1.995602924665193359e+13 4.159402736657119085e-15
1.998042741374824219e+13 4.168715029401930361e-15
2.000485540995284766e+13 4.175453444307828008e-15
2.002931327173470703e+13 4.183122759113251235e-15
2.005380103560737500e+13 4.184920241567266373e-15
2.007831873812903125e+13 4.185866411065759141e-15
2.010286641590253906e+13 4.186313117671470563e-15
2.012744410557556250e+13 4.186580346477501981e-15
2.015205184384051953e+13 4.186816098333614537e-15
2.017668966743469922e+13 4.186816098333614537e-15
2.020135761314032812e+13 4.186816098333614537e-15
2.022605571778458594e+13 4.186816098333614537e-15
2.025078401823966406e+13 4.186816098333614537e-15
2.027554255142286719e+13 4.210536031921109714e-15
2.030033135429660938e+13 4.245762195284827882e-15
2.032515046386849219e+13 4.258094264776591984e-15
2.034999991719139062e+13 4.267389652808363924e-15
2.037487975136344922e+13 4.274090971755115941e-15
2.039979000352817578e+13 4.278672385005556864e-15
2.042473071087450781e+13 4.283430217110534468e-15
2.044970191063683594e+13 4.284348275409428874e-15
2.047470364009506250e+13 4.284776578591350019e-15
2.049973593657469531e+13 4.285029736374797778e-15
2.052479883744685156e+13 4.285248321161386537e-15
2.054989238012833984e+13 4.285248321161386537e-15
2.057501660208174609e+13 4.285248321161386537e-15
2.060017154081541797e+13 4.285248321161386537e-15
2.062535723388356641e+13 4.285248321161386537e-15
2.065057371888635156e+13 4.309150871038709780e-15
2.067582103346986719e+13 4.344524824005012659e-15
2.070109921532623828e+13 4.356854762374944362e-15
2.072640830219367188e+13 4.366116709867442019e-15
2.075174833185653906e+13 4.372767255782905752e-15
2.077711934214537500e+13 4.377292647741506310e-15
2.080252137093697266e+13 4.381954358904923943e-15
2.082795445615445312e+13 4.382840769903912698e-15
2.085341863576727734e+13 4.383248651531114160e-15
2.087891394779132812e+13 4.383486241701511094e-15
2.090444043028899609e+13 4.383624819673248237e-15
2.092999812136917578e+13 4.383686068496292237e-15
2.095558705918735938e+13 4.383686068496292237e-15
2.098120728194570312e+13 4.383686068496292237e-15
2.100685882789305469e+13 4.383686068496292237e-15
2.103254173532501562e+13 4.407745601270663114e-15
2.105825604258404297e+13 4.427462388655791989e-15
2.108400178805943359e+13 4.455528363877399993e-15
2.110977901018742578e+13 4.464739537471894990e-15
2.113558774745128516e+13 4.471325037814109158e-15
2.116142803838128125e+13 4.475783242340708606e-15
2.118729992155480078e+13 4.478667581188072154e-15
2.121320343559642188e+13 4.481185674670736302e-15
2.123913861917791797e+13 4.481571082878177720e-15
2.126510551101833984e+13 4.481791586715065167e-15
2.129110414988410938e+13 4.481917407179983722e-15
2.131713457458901172e+13 4.481971058438855650e-15
2.134319682399428125e+13 4.481971058438855650e-15
2.136929093700869922e+13 4.481971058438855650e-15
2.139541695258858594e+13 4.481971058438855650e-15
2.142157490973789062e+13 4.506160267371448993e-15
2.144776484750828125e+13 4.525931999362367871e-15
2.147398680499912891e+13 4.553951439750439426e-15
2.150024082135761328e+13 4.563093720780155708e-15
2.152652693577881641e+13 4.569599324323873693e-15
2.155284518750569141e+13 4.573978776306140321e-15
2.157919561582918359e+13 4.576793209230585482e-15
2.160557826008829688e+13 4.579217102388956406e-15
2.163199315967010938e+13 4.579577961303007834e-15
2.165844035400983984e+13 4.579779846576371744e-15
2.168491988259096875e+13 4.579891873386603547e-15
2.171143178494520312e+13 4.579937371216027220e-15
2.173797610065259766e+13 4.579937371216027220e-15
2.176455286934159375e+13 4.579937371216027220e-15
2.179116213068909766e+13 4.579937371216027220e-15
2.181780392442050781e+13 4.604227255336431008e-15
2.184447829030978516e+13 4.624026744145991919e-15
2.187118526817954297e+13 4.639753954604201451e-15
2.189792489790106641e+13 4.661007206298832750e-15
2.192469721939437109e+13 4.667417504038117520e-15
2.195150227262831641e+13 4.671706261723854567e-15
2.197834009762060156e+13 4.674441784143251263e-15
2.200521073443784375e+13 4.676761626006141987e-15
2.203211422319567188e+13 4.677095846487170214e-15
2.205905060405875000e+13 4.677277577021887370e-15
2.208601991724082031e+13 4.677374781137141065e-15
2.211302220300483984e+13 4.677411579880942079e-15
2.214005750166295312e+13 4.677411579880942079e-15
2.216712585357658594e+13 4.677411579880942079e-15
2.219422729915655859e+13 4.677411579880942079e-15
2.222136187886304688e+13 4.701771428053262091e-15
2.224852963320569531e+13 4.721570025196570647e-15
2.227573060274372266e+13 4.737243268494936857e-15
2.230296482808587891e+13 4.758300457912337938e-15
2.233023234989058984e+13 4.764599508300326057e-15
2.235753320886600000e+13 4.768785279321015578e-15
2.238486744577000000e+13 4.771432661946114157e-15
2.241223510141030859e+13 4.772915461069879477e-15
2.243963621664457812e+13 4.773943941385097464e-15
2.246707083238036719e+13 4.774103987567334488e-15
2.249453898957525391e+13 4.774185355216079678e-15
2.252204072923692188e+13 4.774212924512972456e-15
2.254957609242316016e+13 4.774212924512972456e-15
2.257714512024195312e+13 4.774212924512972456e-15
2.260474785385158203e+13 4.774212924512972456e-15
2.263238433446060156e+13 4.798610304918491769e-15
2.266005460332796484e+13 4.818377903267060730e-15
2.268775870176308594e+13 4.833969964615464173e-15
2.271549667112586328e+13 4.845967339019280845e-15
2.274326855282675391e+13 4.860958017045342353e-15
2.277107438832687500e+13 4.865028188274662220e-15
2.279891421913801172e+13 4.867578005141272828e-15
2.282678808682269922e+13 4.868986935392841707e-15
2.285469603299428125e+13 4.869934310386665543e-15
2.288263809931700781e+13 4.870071160597391406e-15
2.291061432750605078e+13 4.870135702056921555e-15
2.293862475932755469e+13 4.870153532254444382e-15
2.296666943659878516e+13 4.870153532254444382e-15
2.299474840118808594e+13 4.870153532254444382e-15
2.302286169501499219e+13 4.870153532254444382e-15
2.305100936005032812e+13 4.894554287766749611e-15
2.307919143831619922e+13 4.914259329632988407e-15
2.310740797188607031e+13 4.929741817164447345e-15
2.313565900288489453e+13 4.941601449272306785e-15
2.316394457348908984e+13 4.956298712705473347e-15
2.319226472592663672e+13 4.960240384079737197e-15
2.322061950247717969e+13 4.962683043945904194e-15
2.324900894547202344e+13 4.964011737055776704e-15
2.327743309729421484e+13 4.964630325617709953e-15
2.330589200037866406e+13 4.964984318569390178e-15
2.333438569721212500e+13 4.965031077527631769e-15
2.336291423033328516e+13 4.965038685392492373e-15
2.339147764233289453e+13 4.965038685392492373e-15
2.342007597585372266e+13 4.965038685392492373e-15
2.344870927359068359e+13 4.965038685392492373e-15
2.347737757829091797e+13 4.989406935329972345e-15
2.350608093275379688e+13 5.009016427018993387e-15
2.353481937983101953e+13 5.024359796972440490e-15
2.356359296242671094e+13 5.036055769232804375e-15
2.359240172349741016e+13 5.044555775136833489e-15
2.362124570605217578e+13 5.054220606637027787e-15
2.365012495315269141e+13 5.056546387812519825e-15
2.367903950791325000e+13 5.057788441815430822e-15
2.370798941350084375e+13 5.058349141202216133e-15
2.373697471313529688e+13 5.058642141401003661e-15
2.376599545008922266e+13 5.058670204850173010e-15
2.379505166768813672e+13 5.058667139535029153e-15
2.382414340931058203e+13 5.058667139535029153e-15
2.385327071838807812e+13 5.058667139535029153e-15
2.388243363840525000e+13 5.058667139535029153e-15
2.391163221289992578e+13 5.082965288282335743e-15
2.394086648546312109e+13 5.102444821548445662e-15
2.397013649973916016e+13 5.117618410183161680e-15
2.399944229942573828e+13 5.129123941327202553e-15
2.402878392827396484e+13 5.137431145118230658e-15
2.405816143008843359e+13 5.146761300540550171e-15
2.408757484872728516e+13 5.148960389191584694e-15
2.411702422810232812e+13 5.150109399682835013e-15
2.414650961217900391e+13 5.150608468409217581e-15
2.417603104497651953e+13 5.150778573363919750e-15
2.420558857056792969e+13 5.150845644519090340e-15
2.423518223308013672e+13 5.150831493737066674e-15
2.426481207669399609e+13 5.150831493737066674e-15
2.429447814564441016e+13 5.150831493737066674e-15
2.432418048422033203e+13 5.150831493737066674e-15
2.435391913676485547e+13 5.150831493737066674e-15
2.438369414767532422e+13 5.194334027573695191e-15
2.441350556140333594e+13 5.209306090178595891e-15
2.444335342245482812e+13 5.220593581152830324e-15
2.447323777539017969e+13 5.228685126860549210e-15
2.450315866482422266e+13 5.237649029327564312e-15
2.453311613542633203e+13 5.239711561272008049e-15
2.456311023192053906e+13 5.240761155091812537e-15
2.459314099908550391e+13 5.241194920491899913e-15
2.462320848175463672e+13 5.241326299944805955e-15
2.465331272481621484e+13 5.241344217857028700e-15
2.468345377321332812e+13 5.241318614206301791e-15
2.471363167194403906e+13 5.241318614206301791e-15
2.474384646606145312e+13 5.241318614206301791e-15
2.477409820067371875e+13 5.241318614206301791e-15
2.480438692094414062e+13 5.241318614206301791e-15
2.483471267209126172e+13 5.284467887010855402e-15
2.486507549938888672e+13 5.299205644358711673e-15
2.489547544816616797e+13 5.310246731338796800e-15
2.492591256380771094e+13 5.318099262235686544e-15
2.495638689175357422e+13 5.323370598912304632e-15
2.498689847749937109e+13 5.328581051178895143e-15
2.501744736659637500e+13 5.329524922457667528e-15
2.504803360465150781e+13 5.329889806729237094e-15
2.507865723732745703e+13 5.329980661028313877e-15
2.510931831034276953e+13 5.329947485581988661e-15
2.514001686947185547e+13 5.329910112953636282e-15
2.517075296054508203e+13 5.329910112953636282e-15
2.520152662944889453e+13 5.329910112953636282e-15
2.523233792212579297e+13 5.329910112953636282e-15
2.526318688457446094e+13 5.329910112953636282e-15
2.529407356284981250e+13 5.353755522553845343e-15
2.532499800306310156e+13 5.387094757112348298e-15
2.535596025138191797e+13 5.397860371863798714e-15
2.538696035403029688e+13 5.405450093002092501e-15
2.541799835728883203e+13 5.410486800904733399e-15
2.544907430749464844e+13 5.415345169814265077e-15
2.548018825104153516e+13 5.416177118280648578e-15
2.551134023438003125e+13 5.416469665810356868e-15
2.554253030401743750e+13 5.416518301425909687e-15
2.557375850651790234e+13 5.416486894834492594e-15
2.560502488850255078e+13 5.416382882454468271e-15
2.563632949664946484e+13 5.416382882454468271e-15
2.566767237769379297e+13 5.416382882454468271e-15
2.569905357842786719e+13 5.416382882454468271e-15
2.573047314570118750e+13 5.416382882454468271e-15
2.576193112642051562e+13 5.439991099666730002e-15
2.579342756755003125e+13 5.472746550003859368e-15
2.582496251611125781e+13 5.483206987828187792e-15
2.585653601918324219e+13 5.490509735179507862e-15
2.588814812390259766e+13 5.495293102920874683e-15
2.591979887746355078e+13 5.498182106441908511e-15
2.595148832711801562e+13 5.500489950614301347e-15
2.598321652017571094e+13 5.500706856439318505e-15
2.601498350400417969e+13 5.500711704042208366e-15
2.604678932602885156e+13 5.500648157863895906e-15
2.607863403373318359e+13 5.500509687049586034e-15
2.611051767465865625e+13 5.500509687049586034e-15
2.614244029640486328e+13 5.500509687049586034e-15
2.617440194662964062e+13 5.500509687049586034e-15
2.620640267304904688e+13 5.500509687049586034e-15
2.623844252343748047e+13 5.523834945983322578e-15
2.627052154562778516e+13 5.555930199850172734e-15
2.630263978751124219e+13 5.566055195322738422e-15
2.633479729703769922e+13 5.573046511617093015e-15
2.636699412221564844e+13 5.577557746115300489e-15
2.639923031111225000e+13 5.580223625744122948e-15
2.643150591185342578e+13 5.582232066345968295e-15
2.646382097262397266e+13 5.582370205579727560e-15
2.649617554166757031e+13 5.582329838431408625e-15
2.652856966728688281e+13 5.582233290310775096e-15
2.656100339784361719e+13 5.582133779056573593e-15
2.659347678175865234e+13 5.582059811440483545e-15
2.662598986751202344e+13 5.582059811440483545e-15
2.665854270364302734e+13 5.582059811440483545e-15
2.669113533875037109e+13 5.582059811440483545e-15
2.672376782149210547e+13 5.605054854882162076e-15
2.675644020058580078e+13 5.622957491272482163e-15
2.678915252480860156e+13 5.646170425643217384e-15
2.682190484299727344e+13 5.652825642961616542e-15
2.685469720404826953e+13 5.657045946164140016e-15
2.688752965691787500e+13 5.659475222454355607e-15
2.692040225062217578e+13 5.660708603777665441e-15
2.695331503423720312e+13 5.661225714346746527e-15
2.698626805689901953e+13 5.661138866832106311e-15
2.701926136780371094e+13 5.661008606404332072e-15
2.705229501620753125e+13 5.660886127749886560e-15
2.708536905142697266e+13 5.660799766223171478e-15
2.711848352283880469e+13 5.660799766223171478e-15
2.715163847988014062e+13 5.660799766223171478e-15
2.718483397204859375e+13 5.660799766223171478e-15
2.721807004890224219e+13 5.683415916025072198e-15
2.725134676005976172e+13 5.700911577890792907e-15
2.728466415520052734e+13 5.723315667668815122e-15
2.731802228406460547e+13 5.729609996796266684e-15
2.735142119645289453e+13 5.733520647694224271e-15
2.738486094222719141e+13 5.735700045443794695e-15
2.741834157131023828e+13 5.736739396329312983e-15
2.745186313368580078e+13 5.737037321105154217e-15
2.748542567939879688e+13 5.736902907220040036e-15
2.751902925855528906e+13 5.736738392205948256e-15
2.755267392132259766e+13 5.736592771808151919e-15
2.758635971792941797e+13 5.736494049958372123e-15
2.762008669866582031e+13 5.736494049958372123e-15
2.765385491388335156e+13 5.736494049958372123e-15
2.768766441399515625e+13 5.736494049958372123e-15
2.772151524947599609e+13 5.758681288079668496e-15
2.775540747086230469e+13 5.775725990553817049e-15
2.778934112875237891e+13 5.788319495071829182e-15
2.782331627380631641e+13 5.803160894247829853e-15
2.785733295674615234e+13 5.806743336032015797e-15
2.789139122835598047e+13 5.808659858694143352e-15
2.792549113948194141e+13 5.809496413249113053e-15
2.795963274103235547e+13 5.809567720847848639e-15
2.799381608397775781e+13 5.809384852434700518e-15
2.802804121935105469e+13 5.809185724297941419e-15
2.806230819824750391e+13 5.809016928737727528e-15
2.809661707182482422e+13 5.808905966795721840e-15
2.813096789130332031e+13 5.808905966795721840e-15
2.816536070796588281e+13 5.808905966795721840e-15
2.819979557315810156e+13 5.808905966795721840e-15
2.823427253828837891e+13 5.830613027386487001e-15
2.826879165482793359e+13 5.847161942701212565e-15
2.830335297431089453e+13 5.859268328932490306e-15
2.833795654833446484e+13 5.873238972852065218e-15
2.837260242855886328e+13 5.876474905005030290e-15
2.840729066670748828e+13 5.878115912411971503e-15
2.844202131456700781e+13 5.878741304421486797e-15
2.847679442398735547e+13 5.878782747928411766e-15
2.851161004688187500e+13 5.878347243919039147e-15
2.854646823522739844e+13 5.878113342839711282e-15
2.858136904106427734e+13 5.877921488908921351e-15
2.861631251649648438e+13 5.877798498157752275e-15
2.865129871369174219e+13 5.877798498157752275e-15
2.868632768488149219e+13 5.877798498157752275e-15
2.872139948236106250e+13 5.877798498157752275e-15
2.875651415848973438e+13 5.898972971040576898e-15
2.879167176569076562e+13 5.914980540546449890e-15
2.882687235645151953e+13 5.926561416689700170e-15
2.886211598332357031e+13 5.934541907104024605e-15
2.889740269892267969e+13 5.942476578984232822e-15
2.893273255592895312e+13 5.943829868053005510e-15
2.896810560708695312e+13 5.944236198646157332e-15
2.900352190520566797e+13 5.944128889326162920e-15
2.903898150315865625e+13 5.943553198064832227e-15
2.907448445388416016e+13 5.943284576967209039e-15
2.911003081038510938e+13 5.943069939997383904e-15
2.914562062572922656e+13 5.942935226448724475e-15
2.918125395304916016e+13 5.942935226448724475e-15
2.921693084554247656e+13 5.942935226448724475e-15
2.925265135647178125e+13 5.942935226448724475e-15
2.928841553916483594e+13 5.963523672310550369e-15
2.932422344701456250e+13 5.978943729121711654e-15
2.936007513347917969e+13 5.989960467618925047e-15
2.939597065208224609e+13 5.997417403856725990e-15
2.943191005641279297e+13 6.004510886782368954e-15
2.946789340012533594e+13 6.005564774813755893e-15
2.950392073693998438e+13 6.005744681529300334e-15
2.953999212064257812e+13 6.005484853770444937e-15
2.957610760508465234e+13 6.005098703210666975e-15
2.961226724418359375e+13 6.004464319941113665e-15
2.964847109192276172e+13 6.004227340970673455e-15
2.968471920235144922e+13 6.004081308187549563e-15
2.972101162958504297e+13 6.004081308187549563e-15
2.975734842780514062e+13 6.004081308187549563e-15
2.979372965125952344e+13 6.004081308187549563e-15
2.983015535426230078e+13 6.024029385745593761e-15
2.986662559119403906e+13 6.038815288119239482e-15
2.990314041650173828e+13 6.049229159712730029e-15
2.993969988469896484e+13 6.056131149919767176e-15
2.997630405036597656e+13 6.062342684424533194e-15
3.001295296814971875e+13 6.063086094547640722e-15
3.004964669276394922e+13 6.063032821307265305e-15
3.008638527898936719e+13 6.062617227432551603e-15
3.012316878167358984e+13 6.062138046115461044e-15
3.015999725573130078e+13 6.061420050856956743e-15
3.019687075614436328e+13 6.061161342430741384e-15
3.023378933796182031e+13 6.061004493377355379e-15
3.027075305630000391e+13 6.061004493377355379e-15
3.030776196634269531e+13 6.061004493377355379e-15
3.034481612334108594e+13 6.061004493377355379e-15
3.038191558261392578e+13 6.080257098727400564e-15
3.041906039954762891e+13 6.094361874221703865e-15
3.045625062959628906e+13 6.104134191103967534e-15
3.049348632828180469e+13 6.110450178943068865e-15
3.053076755119398047e+13 6.114064734001983405e-15
3.056809435399055859e+13 6.116162771442525118e-15
3.060546679239732422e+13 6.115870238883155655e-15
3.064288492220822656e+13 6.115296196471391730e-15
3.068034879928539453e+13 6.114723395419414734e-15
3.071785847955925000e+13 6.114293052549636750e-15
3.075541401902864453e+13 6.113643249518008243e-15
3.079301547376084375e+13 6.113476187321751742e-15
3.083066289989167188e+13 6.113476187321751742e-15
3.086835635362557812e+13 6.113476187321751742e-15
3.090609589123577344e+13 6.113476187321751742e-15
3.094388156906420703e+13 6.113476187321751742e-15
3.098171344352173438e+13 6.145354105997823462e-15
3.101959157108820703e+13 6.154446373861889378e-15
3.105751600831248828e+13 6.160145785632371897e-15
3.109548681181258594e+13 6.163231407705537618e-15
3.113350403827575781e+13 6.164568342162134627e-15
3.117156774445852734e+13 6.164031217722922108e-15
3.120967798718682422e+13 6.163296655586224227e-15
3.124783482335607812e+13 6.162630091486705108e-15
3.128603830993124219e+13 6.162151049873140875e-15
3.132428850394691406e+13 6.161449122967319350e-15
3.136258546250746875e+13 6.161272550485126149e-15
3.140092924278704688e+13 6.161272550485126149e-15
3.143931990202969531e+13 6.161272550485126149e-15
3.147775749754948828e+13 6.161272550485126149e-15
3.151624208673053125e+13 6.161272550485126149e-15
3.155477372702707812e+13 6.191567686812675522e-15
3.159335247596368750e+13 6.199941765528388502e-15
3.163197839113518359e+13 6.204994664146535158e-15
3.167065153020681641e+13 6.207529577670093983e-15
3.170937195091438672e+13 6.208329196038197547e-15
3.174813971106422656e+13 6.207295848616963210e-15
3.178695486853334766e+13 6.206399350875658632e-15
3.182581748126956250e+13 6.205639349473576272e-15
3.186472760729149609e+13 6.205112544775545310e-15
3.190368530468869141e+13 6.204360913286749063e-15
3.194269063162177734e+13 6.204175631377996988e-15
3.198174364632241797e+13 6.204175631377996988e-15
3.202084440709349219e+13 6.204175631377996988e-15
3.205999297230920312e+13 6.204175631377996988e-15
3.209918940041506250e+13 6.204175631377996988e-15
3.213843374992804688e+13 6.221005920025102771e-15
3.217772607943673047e+13 6.240402833125440556e-15
3.221706644760125391e+13 6.244780078447485908e-15
3.225645491315349219e+13 6.246743466188782207e-15
3.229589153489715234e+13 6.247084265830843055e-15
3.233537637170780078e+13 6.245451203672641665e-15
3.237490948253299219e+13 6.244392051339743096e-15
3.241449092639237500e+13 6.243539428135702956e-15
3.245412076237773438e+13 6.242966101079928163e-15
3.249379904965309766e+13 6.242503583683503280e-15
3.253352584745481641e+13 6.241974526835233533e-15
3.257330121509171875e+13 6.241974526835233533e-15
3.261312521194507422e+13 6.241974526835233533e-15
3.265299789746877344e+13 6.241974526835233533e-15
3.269291933118943750e+13 6.241974526835233533e-15
3.273288957270641406e+13 6.257884520919223926e-15
3.277290868169191016e+13 6.275619643732183840e-15
3.281297671789114453e+13 6.279293058603058842e-15
3.285309374112234375e+13 6.280665205048102797e-15
3.289325981127683984e+13 6.280534724326998558e-15
3.293347498831926172e+13 6.279586933373816596e-15
3.297373933228748047e+13 6.277070742734556274e-15
3.301405290329278516e+13 6.276126820552983079e-15
3.305441576152000391e+13 6.275508521467892214e-15
3.309482796722749609e+13 6.275018459990603320e-15
3.313528958074728516e+13 6.274466563452560391e-15
3.317580066248521484e+13 6.274466563452560391e-15
3.321636127292092578e+13 6.274466563452560391e-15
3.325697147260800000e+13 6.274466563452560391e-15
3.329763132217412109e+13 6.274466563452560391e-15
3.333834088232100781e+13 6.289399868621651764e-15
3.337910021382462109e+13 6.305391075108953026e-15
3.341990937753527734e+13 6.308333616418060934e-15
3.346076843437762891e+13 6.309096053504707672e-15
3.350167744535081641e+13 6.308483071511623695e-15
3.354263647152859375e+13 6.307175978405763387e-15
3.358364557405937500e+13 6.304240836878586960e-15
3.362470481416627734e+13 6.303207459873908263e-15
3.366581425314736719e+13 6.302546050364634929e-15
3.370697395237557812e+13 6.302030497209314105e-15
3.374818397329887891e+13 6.301664173682337197e-15
3.378944437744043359e+13 6.301458493363303658e-15
3.383075522639854297e+13 6.301458493363303658e-15
3.387211658184685156e+13 6.301458493363303658e-15
3.391352850553443750e+13 6.301458493363303658e-15
3.395499105928581641e+13 6.315359047386725794e-15
3.399650430500110156e+13 6.324392961995758594e-15
3.403806830465614453e+13 6.331711973164479365e-15
3.407968312030248438e+13 6.331847627457239562e-15
3.412134881406758594e+13 6.330742279356798694e-15
3.416306544815481641e+13 6.329071498945284134e-15
3.420483308484366406e+13 6.325718388926032203e-15
3.424665178648969922e+13 6.324597932604547972e-15
3.428852161552473438e+13 6.323895584136041190e-15
3.433044263445695703e+13 6.323356841216589218e-15
3.437241490587093359e+13 6.322977987350996022e-15
3.441443849242773438e+13 6.322767696980912968e-15
3.445651345686509766e+13 6.322767696980912968e-15
3.449863986199741016e+13 6.322767696980912968e-15
3.454081777071586328e+13 6.322767696980912968e-15
3.458304724598857422e+13 6.335579993997409357e-15
3.462532835086060547e+13 6.343609037182645522e-15
3.466766114845410938e+13 6.349249791606835922e-15
3.471004570196843359e+13 6.348743131919290816e-15
3.475248207468016016e+13 6.347137022419266568e-15
3.479497032994323828e+13 6.345099462783137362e-15
3.483751053118910156e+13 6.343033073153631890e-15
3.488010274192671484e+13 6.340126691426096970e-15
3.492274702574266016e+13 6.339385880607567854e-15
3.496544344630132812e+13 6.338826488588362144e-15
3.500819206734489453e+13 6.338437070490061931e-15
3.505099295269344922e+13 6.338223384812400255e-15
3.509384616624517188e+13 6.338223384812400255e-15
3.513675177197632812e+13 6.338223384812400255e-15
3.517970983394136719e+13 6.338223384812400255e-15
3.522272041627311719e+13 6.349892710542484488e-15
3.526578358318278906e+13 6.356873699455015854e-15
3.530889939896005469e+13 6.360179754513145800e-15
3.535206792797325781e+13 6.359618588365273567e-15
3.539528923466940625e+13 6.357504902268036998e-15
3.543856338357425781e+13 6.355098839664530270e-15
3.548189043929254688e+13 6.352776950365346349e-15
3.552527046650792969e+13 6.349635259028982075e-15
3.556870352998314062e+13 6.348858759424773487e-15
3.561218969456014844e+13 6.348281483248061821e-15
3.565572902516015625e+13 6.347883599193765479e-15
3.569932158678371094e+13 6.347667789972111857e-15
3.574296744451090625e+13 6.347667789972111857e-15
3.578666666350134375e+13 6.347667789972111857e-15
3.583041930899430469e+13 6.347667789972111857e-15
3.587422544630882031e+13 6.358140467270695416e-15
3.591808514084382031e+13 6.364031637658387783e-15
3.596199845807814062e+13 6.366377535963918974e-15
3.600596546357068750e+13 6.364324048036110370e-15
3.604998622296056250e+13 6.361697656771613212e-15
3.609406080196705469e+13 6.358922805164091631e-15
3.613818926638980469e+13 6.356348313267249216e-15
3.618237168210896094e+13 6.354341486183225445e-15
3.622660811508517969e+13 6.352170284340221965e-15
3.627089863135971094e+13 6.351578094956783149e-15
3.631524329705464844e+13 6.351173958637756625e-15
3.635964217837284375e+13 6.350957342602873226e-15
3.640409534159810938e+13 6.350957342602873226e-15
3.644860285309532812e+13 6.350957342602873226e-15
3.649316477931048438e+13 6.350957342602873226e-15
3.653778118677078906e+13 6.360180986601806286e-15
3.658245214208484375e+13 6.364942228307722999e-15
3.662717771194263281e+13 6.366299318002121655e-15
3.667195796311567188e+13 6.365233955351170476e-15
3.671679296245718750e+13 6.359582344855737320e-15
3.676168277690205469e+13 6.356439919054763609e-15
3.680662747346700000e+13 6.353616965212420365e-15
3.685162711925073438e+13 6.351464646330639551e-15
3.689668178143395312e+13 6.349191918139845261e-15
3.694179152727947656e+13 6.348587970414867131e-15
3.698695642413242969e+13 6.348179891621141269e-15
3.703217653942020312e+13 6.347963817051319202e-15
3.707745194065263281e+13 6.347963817051319202e-15
3.712278269542215625e+13 6.347963817051319202e-15
3.716816887140377344e+13 6.347963817051319202e-15
3.721361053635523438e+13 6.355887599008877192e-15
3.725910775811718750e+13 6.359480696647799896e-15
3.730466060461316406e+13 6.359822421865699851e-15
3.735026914384972656e+13 6.357897721848806610e-15
3.739593344391666406e+13 6.351042496993415514e-15
3.744165357298693750e+13 6.347535268423047979e-15
3.748742959931685156e+13 6.344469261821781631e-15
3.753326159124624219e+13 6.342177299878538827e-15
3.757914961719841406e+13 6.340675794903298557e-15
3.762509374568033594e+13 6.339199247451117327e-15
3.767109404528278906e+13 6.338789610305141528e-15
3.771715058468036719e+13 6.338575442354053018e-15
3.776326343263161719e+13 6.338575442354053018e-15
3.780943265797915625e+13 6.338575442354053018e-15
3.785565832964982812e+13 6.338575442354053018e-15
3.790194051665466406e+13 6.345150361191606055e-15
3.794827928808908594e+13 6.347539238806424987e-15
3.799467471313305469e+13 6.346841350041102175e-15
3.804112686105101562e+13 6.344043218047213336e-15
3.808763580119216406e+13 6.335979221418361064e-15
3.813420160299046875e+13 6.332111565524042640e-15
3.818082433596477344e+13 6.328809199646471720e-15
3.822750406971889844e+13 6.326384299999944068e-15
3.827424087394182031e+13 6.324821090833750142e-15
3.832103481840767188e+13 6.323317622561894424e-15
3.836788597297587500e+13 6.322908861461905429e-15
3.841479440759133594e+13 6.322697966379043584e-15
3.846176019228439844e+13 6.322697966379043584e-15
3.850878339717103906e+13 6.322697966379043584e-15
3.855586409245300781e+13 6.322697966379043584e-15
3.860300234841782812e+13 6.327877126744764204e-15
3.865019823543896094e+13 6.329028095117691504e-15
3.869745182397596875e+13 6.327268858547745897e-15
3.874476318457447656e+13 6.323585761456005942e-15
3.879213238786637500e+13 6.319003615310922889e-15
3.883955950456996094e+13 6.310090190198434720e-15
3.888704460548994531e+13 6.306559448609872240e-15
3.893458776151760156e+13 6.304009156439226837e-15
3.898218904363091406e+13 6.302390207350585607e-15
3.902984852289459375e+13 6.300867361934973890e-15
3.907756627046025781e+13 6.300461935420251719e-15
3.912534235756655469e+13 6.300255663838927241e-15
3.917317685553915625e+13 6.300255663838927241e-15
3.922106983579095312e+13 6.300255663838927241e-15
3.926902136982220312e+13 6.300255663838927241e-15
3.931703152922053906e+13 6.300255663838927241e-15
3.936510038566106250e+13 6.303876564563774927e-15
3.941322801090662500e+13 6.301036968820148946e-15
3.946141447680771094e+13 6.296460101373335586e-15
3.950965985530267969e+13 6.291182063210677519e-15
3.955796421841788281e+13 6.281412166597342407e-15
3.960632763826768750e+13 6.277662318038474392e-15
3.965475018705462500e+13 6.274994992934306700e-15
3.970323193706950000e+13 6.273326695359845531e-15
3.975177296069154688e+13 6.272408982402923844e-15
3.980037333038844531e+13 6.271392608859710884e-15
3.984903311871646094e+13 6.271192278355510217e-15
3.989775239832064062e+13 6.271192278355510217e-15
3.994653124193476562e+13 6.271192278355510217e-15
3.999536972238155469e+13 6.271192278355510217e-15
4.004426791257282031e+13 6.271192278355510217e-15
4.009322588550945312e+13 6.272033950248231212e-15
4.014224371428160156e+13 6.268097909005251736e-15
4.019132147206881250e+13 6.262621352331380332e-15
4.024045923214007031e+13 6.256649203829399597e-15
4.028965706785391406e+13 6.250945200242822839e-15
4.033891505265864844e+13 6.242080646132123213e-15
4.038823326009230469e+13 6.239305427828929404e-15
4.043761176378282812e+13 6.237594561269339143e-15
4.048705063744823438e+13 6.236667430762416809e-15
4.053654995489661719e+13 6.235665011664808825e-15
4.058610979002628125e+13 6.235471888812202655e-15
4.063573021682598438e+13 6.235471888812202655e-15
4.068541130937483594e+13 6.235471888812202655e-15
4.073515314184254688e+13 6.235471888812202655e-15
4.078495578848955469e+13 6.235471888812202655e-15
4.083481932366702344e+13 6.233470425876300438e-15
4.088474382181703125e+13 6.228424974563022568e-15
4.093472935747271875e+13 6.222045845091717860e-15
4.098477600525828906e+13 6.215384055566198302e-15
4.103488383988918750e+13 6.209186230799250316e-15
4.108505293617225781e+13 6.199798602871264902e-15
4.113528336900576562e+13 6.196925367975389616e-15
4.118557521337951562e+13 6.195179055068395023e-15
4.123592854437506250e+13 6.194246922179564883e-15
4.128634343716571094e+13 6.193645266230531542e-15
4.133681996701666406e+13 6.193079690386018930e-15
4.138735820928520312e+13 6.193079690386018930e-15
4.143795823942066406e+13 6.193079690386018930e-15
4.148862013296467188e+13 6.193079690386018930e-15
4.153934396555120312e+13 6.193079690386018930e-15
4.159012981290671875e+13 6.192258961045934458e-15
4.164097775085021094e+13 6.182013298231920377e-15
4.169188785529340625e+13 6.174731885209073886e-15
4.174286020224085938e+13 6.167387692663526368e-15
4.179389486779002344e+13 6.160707371092280037e-15
4.184499192813134375e+13 6.155161417185768850e-15
4.189615145954852344e+13 6.147861706294372599e-15
4.194737353841842969e+13 6.146087362298559366e-15
4.199865824121134375e+13 6.145154703424928778e-15
4.205000564449106250e+13 6.144565910941172118e-15
4.210141582491496875e+13 6.144022680903855038e-15
4.215288885923411719e+13 6.144022680903855038e-15
4.220442482429350781e+13 6.144022680903855038e-15
4.225602379703200781e+13 6.144022680903855038e-15
4.230768585448253906e+13 6.144022680903855038e-15
4.235941107377228906e+13 6.141613315211392847e-15
4.241119953212266406e+13 6.128880519698348478e-15
4.246305130684948438e+13 6.120700409476579121e-15
4.251496647536315625e+13 6.112683886921370774e-15
4.256694511516864844e+13 6.105534659814576255e-15
4.261898730386573438e+13 6.099689581243566246e-15
4.267109311914908594e+13 6.092143913732111704e-15
4.272326263880829688e+13 6.090349190755326625e-15
4.277549594072810156e+13 6.089420501908380119e-15
4.282779310288846875e+13 6.088847987550862886e-15
4.288015420336468750e+13 6.088494926609472237e-15
4.293257932032748438e+13 6.088330243517033820e-15
4.298506853204321875e+13 6.088330243517033820e-15
4.303762191687386719e+13 6.088330243517033820e-15
4.309023955327722656e+13 6.088330243517033820e-15
4.314292151980707812e+13 6.084304003241204587e-15
4.319566789511316406e+13 6.077484820276300328e-15
4.324847875794139062e+13 6.059995530964264796e-15
4.330135418713402344e+13 6.051319636544850719e-15
4.335429426162961719e+13 6.043717362562280177e-15
4.340729906046327344e+13 6.037589195364152892e-15
4.346036866276675781e+13 6.029824516832313856e-15
4.351350314776853906e+13 6.028017243239829045e-15
4.356670259479392969e+13 6.027096996573722491e-15
4.361996708326532031e+13 6.026544016082771125e-15
4.367329669270210156e+13 6.026207898466281780e-15
4.372669150272090625e+13 6.026054617127640031e-15
4.378015159303576562e+13 6.026054617127640031e-15
4.383367704345811719e+13 6.026054617127640031e-15
4.388726793389696875e+13 6.026054617127640031e-15
4.394092434435902344e+13 6.020387371700328618e-15
4.399464635494886719e+13 6.012181890099757240e-15
4.404843404586895312e+13 5.992684963859843633e-15
4.410228749741977344e+13 5.983365573397234266e-15
4.415620679000008594e+13 5.975328362376725404e-15
4.421019200410685156e+13 5.968934718710182129e-15
4.426424322033547656e+13 5.964133267524184845e-15
4.431836051937996094e+13 5.959167568252993966e-15
4.437254398203285938e+13 5.958260167260237046e-15
4.442679368918555469e+13 5.957729770019726966e-15
4.448110972182835938e+13 5.957412383281802838e-15
4.453549216105054688e+13 5.957271246519262129e-15
4.458994108804054688e+13 5.957271246519262129e-15
4.464445658408608594e+13 5.957271246519262129e-15
4.469903873057422656e+13 5.957271246519262129e-15
4.475368760899152344e+13 5.949943244679350141e-15
4.480840330092425000e+13 5.940345558091405067e-15
4.486318588805831250e+13 5.929680496974562682e-15
4.491803545217952344e+13 5.908916240537650976e-15
4.497295207517375000e+13 5.900464419773183981e-15
4.502793583902689844e+13 5.893824423250013039e-15
4.508298682582509375e+13 5.888901827580093805e-15
4.513810511775492188e+13 5.883899781179769153e-15
4.519329079710335156e+13 5.883009515130932182e-15
4.524854394625797656e+13 5.882504496673053694e-15
4.530386464770717188e+13 5.882207408845348492e-15
4.535925298404009375e+13 5.882079004724056952e-15
4.541470903794688281e+13 5.882079004724056952e-15
4.547023289221884375e+13 5.882079004724056952e-15
4.552582462974842188e+13 5.882079004724056952e-15
4.558148433352940625e+13 5.873075136088480199e-15
4.563721208665713281e+13 5.862083793184749902e-15
4.569300797232846094e+13 5.850306905560091997e-15
4.574887207384196094e+13 5.828090232598899456e-15
4.580480447459810938e+13 5.819246294953057965e-15
4.586080525809928906e+13 5.812380501105818809e-15
4.591687450794996094e+13 5.807354691911079373e-15
4.597301230785687500e+13 5.804134336209832500e-15
4.602921874162906250e+13 5.801468147474110293e-15
4.608549389317801562e+13 5.800991002385131436e-15
4.614183784651782031e+13 5.800715533287852477e-15
4.619825068576533594e+13 5.800600280765066864e-15
4.625473249514018750e+13 5.800600280765066864e-15
4.631128335896498438e+13 5.800600280765066864e-15
4.636790336166546875e+13 5.800600280765066864e-15
4.642459258777057031e+13 5.789910324917642315e-15
4.648135112191252344e+13 5.777528505548015460e-15
4.653817904882713281e+13 5.764653305740228913e-15
4.659507645335371875e+13 5.741030192272569520e-15
4.665204342043532812e+13 5.731818725627006718e-15
4.670908003511892969e+13 5.724749027538142573e-15
4.676618638255539844e+13 5.719638628962870604e-15
4.682336254799971094e+13 5.716404543493087458e-15
4.688060861681115625e+13 5.713782720914748740e-15
4.693792467445331250e+13 5.713335596462395739e-15
4.699531080649422656e+13 5.713082790648675222e-15
4.705276709860664844e+13 5.712980926489688706e-15
4.711029363656800781e+13 5.712980926489688706e-15
4.716789050626058594e+13 5.712980926489688706e-15
4.722555779367173438e+13 5.712980926489688706e-15
4.728329558489388281e+13 5.700599787113561515e-15
4.734110396612470312e+13 5.686835459781587250e-15
4.739898302366732812e+13 5.672879722285655098e-15
4.745693284393032031e+13 5.659578871808840465e-15
4.751495351342789844e+13 5.638350254583653174e-15
4.757304511878011719e+13 5.631099773880685631e-15
4.763120774671286719e+13 5.625923977046800386e-15
4.768944148405807031e+13 5.622689344082998877e-15
4.774774641775388281e+13 5.620938187234519229e-15
4.780612263484466406e+13 5.619707888300272514e-15
4.786457022248119531e+13 5.619478489758443523e-15
4.792308926792090625e+13 5.619390056650271747e-15
4.798167985852781250e+13 5.619390056650271747e-15
4.804034208177274219e+13 5.619390056650271747e-15
4.809907602523353906e+13 5.619390056650271747e-15
4.815788177659504688e+13 5.605317978185012994e-15
4.821675942364932031e+13 5.590184036615612096e-15
4.827570905429581250e+13 5.575169855260315674e-15
4.833473075654135938e+13 5.561094563638085065e-15
4.839382461850044531e+13 5.539032901713156477e-15
4.845299072839523438e+13 5.531625865323176859e-15
4.851222917455584375e+13 5.526404291987442799e-15
4.857154004542028125e+13 5.523182273925283840e-15
4.863092342953471094e+13 5.521465392543118157e-15
4.869037941555360156e+13 5.520300432469399010e-15
4.874990809223975000e+13 5.520094860931515398e-15
4.880950954846446875e+13 5.520019696475932097e-15
4.886918387320781250e+13 5.520019696475932097e-15
4.892893115555851562e+13 5.520019696475932097e-15
4.898875148471427344e+13 5.520019696475932097e-15
4.904864494998186719e+13 5.504262460757975007e-15
4.910861164077722656e+13 5.487776837366979495e-15
4.916865164662557812e+13 5.471730659889886998e-15
4.922876505716167969e+13 5.456913191870868809e-15
4.928895196212981250e+13 5.444228709045602108e-15
4.934921245138396094e+13 5.426543278672393856e-15
4.940954661488806250e+13 5.421295835816444923e-15
4.946995454271594531e+13 5.418099461953204142e-15
4.953043632505157031e+13 5.416423952635258330e-15
4.959099205218924219e+13 5.415328216222759554e-15
4.965162181453357031e+13 5.415146544427620943e-15
4.971232570259969531e+13 5.415084270240058702e-15
4.977310380701351562e+13 5.415084270240058702e-15
4.983395621851160938e+13 5.415084270240058702e-15
4.989488302794153906e+13 5.415084270240058702e-15
4.995588432626197656e+13 5.415084270240058702e-15
5.001696020454274219e+13 5.379839124726331164e-15
5.007811075396499219e+13 5.362791761162075138e-15
5.013933606582143750e+13 5.347267916212413928e-15
5.020063623151632812e+13 5.334131255024610422e-15
5.026201134256566406e+13 5.316090174623487672e-15
5.032346149059739844e+13 5.310836901206146925e-15
5.038498676735145312e+13 5.307678952445330448e-15
5.044658726467988281e+13 5.306051512833428264e-15
5.050826307454714844e+13 5.305342099025203749e-15
5.057001428903004688e+13 5.304869912347063706e-15
5.063184100031796094e+13 5.304819921569449913e-15
5.069374330071305469e+13 5.304819921569449913e-15
5.075572128263025781e+13 5.304819921569449913e-15
5.081777503859749219e+13 5.304819921569449913e-15
5.087990466125587500e+13 5.304819921569449913e-15
5.094211024335972656e+13 5.266618090741542587e-15
5.100439187777678125e+13 5.248604694172637233e-15
5.106674965748828906e+13 5.232413708402676061e-15
5.112918367558924219e+13 5.218862775224972932e-15
5.119169402528839844e+13 5.208248475003552688e-15
5.125428079990846094e+13 5.195286963692844673e-15
5.131694409288629688e+13 5.192179856494022800e-15
5.137968399777294531e+13 5.190606715393864000e-15
5.144250060823380469e+13 5.189937574947588597e-15
5.150539401804889844e+13 5.189522208547278290e-15
5.156836432111278906e+13 5.189483647950928476e-15
5.163141161143485156e+13 5.189483647950928476e-15
5.169453598313947656e+13 5.189483647950928476e-15
5.175773753046604688e+13 5.189483647950928476e-15
5.182101634776916406e+13 5.189483647950928476e-15
5.188437252951887500e+13 5.148381934631184549e-15
5.194780617030063281e+13 5.129441953024618561e-15
5.201131736481552344e+13 5.112626372693603697e-15
5.207490620788051562e+13 5.098701323186395722e-15
5.213857279442842188e+13 5.087904677192444480e-15
5.220231721950808594e+13 5.074925645545342508e-15
5.226613957828468750e+13 5.071881316480233246e-15
5.233003996603961719e+13 5.070368167700445933e-15
5.239401847817081250e+13 5.069741158919385996e-15
5.245807521019289062e+13 5.069493862156639574e-15
5.252221025773715625e+13 5.069352204859021705e-15
5.258642371655187500e+13 5.069352204859021705e-15
5.265071568250240625e+13 5.069352204859021705e-15
5.271508625157127344e+13 5.069352204859021705e-15
5.277953551985832031e+13 5.069352204859021705e-15
5.284406358358096875e+13 5.047028455947238708e-15
5.290867053907420312e+13 5.005595804141701874e-15
5.297335648279077344e+13 4.988201330467078070e-15
5.303812151130145312e+13 4.973944379601126408e-15
5.310296572129499219e+13 4.963001083313983548e-15
5.316788920957833594e+13 4.950051448171629249e-15
5.323289207307689062e+13 4.947081240447086610e-15
5.329797440883446094e+13 4.945633181269125025e-15
5.336313631401352344e+13 4.945049710813227449e-15
5.342837788589540625e+13 4.944833359478286558e-15
5.349369922188028906e+13 4.944720610189657445e-15
5.355910041948747656e+13 4.944720610189657445e-15
5.362458157635545312e+13 4.944720610189657445e-15
5.369014279024218750e+13 4.944720610189657445e-15
5.375578415902503906e+13 4.944720610189657445e-15
5.382150578070107031e+13 4.920828838985014624e-15
5.388730775338723438e+13 4.877376695204116368e-15
5.395319017532033594e+13 4.859452000489177521e-15
5.401915314485730469e+13 4.844907210202003397e-15
5.408519676047539844e+13 4.833853824127109185e-15
5.415132112077217969e+13 4.826059335989266574e-15
5.421752632446577344e+13 4.818094638501474416e-15
5.428381247039506250e+13 4.816716113574001988e-15
5.435017965751970312e+13 4.816177117810999954e-15
5.441662798492032812e+13 4.815987796297145276e-15
5.448315755179878906e+13 4.815912093658720522e-15
5.454976845747814062e+13 4.815899184802157796e-15
5.461646080140289062e+13 4.815899184802157796e-15
5.468323468313915625e+13 4.815899184802157796e-15
5.475009020237476562e+13 4.815899184802157796e-15
5.481702745891936719e+13 4.790481092244163626e-15
5.488404655270477344e+13 4.766551654149434212e-15
5.495114758378484375e+13 4.726706711514711985e-15
5.501833065233578906e+13 4.711919757022439286e-15
5.508559585865636719e+13 4.700793479870281856e-15
5.515294330316789062e+13 4.693029993543041413e-15
5.522037308641442969e+13 4.685250498380042642e-15
5.528788530906307031e+13 4.683945249642136389e-15
5.535548007190389844e+13 4.683451180974942733e-15
5.542315747585020312e+13 4.683285934484232843e-15
5.549091762193877344e+13 4.683224152566391366e-15
5.555876061132978906e+13 4.683215335101676729e-15
5.562668654530714844e+13 4.683215335101676729e-15
5.569469552527865625e+13 4.683215335101676729e-15
5.576278765277600000e+13 4.683215335101676729e-15
5.583096302945500781e+13 4.656318769647097673e-15
5.589922175709587500e+13 4.631308010030619119e-15
5.596756393760314844e+13 4.590310354179926405e-15
5.603598967300596875e+13 4.575328270252454081e-15
5.610449906545828906e+13 4.564166700305276522e-15
5.617309221723889844e+13 4.556461424980708829e-15
5.624176923075160938e+13 4.551580750791908630e-15
5.631053020852545312e+13 4.547664430116689306e-15
5.637937525321488281e+13 4.547215247956722290e-15
5.644830446759976562e+13 4.547073119763980882e-15
5.651731795458561719e+13 4.547023662694162343e-15
5.658641581720387500e+13 4.547018198527253297e-15
5.665559815861184375e+13 4.547018198527253297e-15
5.672486508209294531e+13 4.547018198527253297e-15
5.679421669105696875e+13 4.547018198527253297e-15
5.686365308904003125e+13 4.518697107455103531e-15
5.693317437970486719e+13 4.492663935160814817e-15
5.700278066684098438e+13 4.469825856323288389e-15
5.707247205436473438e+13 4.435499802927911315e-15
5.714224864631950781e+13 4.424340689546049497e-15
5.721211054687598438e+13 4.416720351303716148e-15
5.728205786033210156e+13 4.411963956195623705e-15
5.735209069111333594e+13 4.408237546643192204e-15
5.742220914377291406e+13 4.407832712087039582e-15
5.749241332299177344e+13 4.407712494028546522e-15
5.756270333357888281e+13 4.407674225124636986e-15
5.763307928047139062e+13 4.407671469016089906e-15
5.770354126873469531e+13 4.407671469016089906e-15
5.777408940356260938e+13 4.407671469016089906e-15
5.784472379027767969e+13 4.407671469016089906e-15
5.791544453433108594e+13 4.377985810453576813e-15
5.798625174130298438e+13 4.350993847454238004e-15
5.805714551690267188e+13 4.327549502604203372e-15
5.812812596696858594e+13 4.292814886956851066e-15
5.819919319746860156e+13 4.281695874367644454e-15
5.827034731450019531e+13 4.274186514345811827e-15
5.834158842429048438e+13 4.269569501245501488e-15
5.841291663319647656e+13 4.267111836262752228e-15
5.848433204770527344e+13 4.265679691972742708e-15
5.855583477443410156e+13 4.265579892648407419e-15
5.862742492013052344e+13 4.265551490182154086e-15
5.869910259167269531e+13 4.265550663449674481e-15
5.877086789606936719e+13 4.265550663449674481e-15
5.884272094046011719e+13 4.265550663449674481e-15
5.891466183211558594e+13 4.265550663449674481e-15
5.898669067843748438e+13 4.234566277947084530e-15
5.905880758695882812e+13 4.206683649479116019e-15
5.913101266534420312e+13 4.182698609120211200e-15
5.920330602138971875e+13 4.147664652960466377e-15
5.927568776302332031e+13 4.136623018635810218e-15
5.934815799830485938e+13 4.129249793271194595e-15
5.942071683542641406e+13 4.124785879470629042e-15
5.949336438271221875e+13 4.122452107319879960e-15
5.956610074861896094e+13 4.121142143689560984e-15
5.963892604173603906e+13 4.121060975928103312e-15
5.971184037078548438e+13 4.121040885867155591e-15
5.978484384462225000e+13 4.121040862499298553e-15
5.985793657223450781e+13 4.121040862499298553e-15
5.993111866274354688e+13 4.121040862499298553e-15
6.000439022540408594e+13 4.121040862499298553e-15
6.007775136960451562e+13 4.088829303287004270e-15
6.015120220486683594e+13 4.060128391244324996e-15
6.022474284084700000e+13 4.035671018472531168e-15
6.029837338733508594e+13 4.015723351098998307e-15
6.037209395425530469e+13 3.989520818883842323e-15
6.044590465166628125e+13 3.982307804385112328e-15
6.051980558976128125e+13 3.978009126368080730e-15
6.059379687886819531e+13 3.975803617955718019e-15
6.066787862944980469e+13 3.974613410989544248e-15
6.074205095210403125e+13 3.974548730383331276e-15
6.081631395756392188e+13 3.974534910017842674e-15
6.089066775669790625e+13 3.974534910017842674e-15
6.096511246051005469e+13 3.974534910017842674e-15
6.103964818014007031e+13 3.974534910017842674e-15
6.111427502686350000e+13 3.974534910017842674e-15
6.118899311209206250e+13 3.941173231409610339e-15
6.126380254737359375e+13 3.911730391401430421e-15
6.133870344439228125e+13 3.886871516709412389e-15
6.141369591496896875e+13 3.866796347888198360e-15
6.148878007106112500e+13 3.840793966718959382e-15
6.156395602476307812e+13 3.833763969905923086e-15
6.163922388830632031e+13 3.829640815326593439e-15
6.171458377405944531e+13 3.827566551289138961e-15
6.179003579452842188e+13 3.826735232922874417e-15
6.186558006235688281e+13 3.826441052135405173e-15
6.194121669032607812e+13 3.826431728909802730e-15
6.201694579135513281e+13 3.826431728909802730e-15
6.209276747850133594e+13 3.826431728909802730e-15
6.216868186496010156e+13 3.826431728909802730e-15
6.224468906406525000e+13 3.826431728909802730e-15
6.232078918928914844e+13 3.792002232669964105e-15
6.239698235424300000e+13 3.761897475509668351e-15
6.247326867267679688e+13 3.736710044483089349e-15
6.254964825847960156e+13 3.716570003033313322e-15
6.262612122567980469e+13 3.701444808891655529e-15
6.270268768844514844e+13 3.684025714925937807e-15
6.277934776108290625e+13 3.680085791769725208e-15
6.285610155804023438e+13 3.678144106133264459e-15
6.293294919390410938e+13 3.677389018458013356e-15
6.300989078340159375e+13 3.677139187298641064e-15
6.308692644140010938e+13 3.677133479010747147e-15
6.316405628290742969e+13 3.677133479010747147e-15
6.324128042307193750e+13 3.677133479010747147e-15
6.331859897718285938e+13 3.677133479010747147e-15
6.339601206067032812e+13 3.677133479010747147e-15
6.347351978910556250e+13 3.641723418874907363e-15
6.355112227820118750e+13 3.611040057637574967e-15
6.362881964381121094e+13 3.585598753497724012e-15
6.370661200193126562e+13 3.565456647903084622e-15
6.378449946869892188e+13 3.550478965891715596e-15
6.386248216039359375e+13 3.533501519051009847e-15
6.394056019343691406e+13 3.529749869164986235e-15
6.401873368439292969e+13 3.527939655650008326e-15
6.409700274996807031e+13 3.527256912091283881e-15
6.417536750701151562e+13 3.527077037066549977e-15
6.425382807251532031e+13 3.527043887947995200e-15
6.433238456361455469e+13 3.527043887947995200e-15
6.441103709758745312e+13 3.527043887947995200e-15
6.448978579185572656e+13 3.527043887947995200e-15
6.456863076398457031e+13 3.527043887947995200e-15
6.464757213168292188e+13 3.527043887947995200e-15
6.472661001280368750e+13 3.459569397032360926e-15
6.480574452534378125e+13 3.433950240308643479e-15
6.488497578744441406e+13 3.413868654394501371e-15
6.496430391739128906e+13 3.399085494357739626e-15
6.504372903361464062e+13 3.388958599343942256e-15
6.512325125468947656e+13 3.379042712771335496e-15
6.520287069933592969e+13 3.377363466901302581e-15
6.528258748641911719e+13 3.376750604323493580e-15
6.536240173494955469e+13 3.376598577381117421e-15
6.544231356408321875e+13 3.376575077726830872e-15
6.552232309312182812e+13 3.376575077726830872e-15
6.560243044151292188e+13 3.376575077726830872e-15
6.568263572885001562e+13 3.376575077726830872e-15
6.576293907487297656e+13 3.376575077726830872e-15
6.584334059946797656e+13 3.376575077726830872e-15
6.592384042266771094e+13 3.307904353366758134e-15
6.600443866465175781e+13 3.282184281296552888e-15
6.608513544574654688e+13 3.262225158796895457e-15
6.616593088642557031e+13 3.247682042217249746e-15
6.624682510730975000e+13 3.237833777386621073e-15
6.632781822916735156e+13 3.228377180363354388e-15
6.640891037291430469e+13 3.226828753095085353e-15
6.649010165961449219e+13 3.226283165227949897e-15
6.657139221047965625e+13 3.226156419870497636e-15
6.665278214686978125e+13 3.226140708731374668e-15
6.673427159029330469e+13 3.226140102893669577e-15
6.681586066240710156e+13 3.226140102893669577e-15
6.689754948501683594e+13 3.226140102893669577e-15
6.697933818007713281e+13 3.226140102893669577e-15
6.706122686969166406e+13 3.226140102893669577e-15
6.714321567611337500e+13 3.188356101510156580e-15
6.722530472174473438e+13 3.130720285718827083e-15
6.730749412913780469e+13 3.110944504586970966e-15
6.738978402099450000e+13 3.096685129627132592e-15
6.747217452016677344e+13 3.087142939716414929e-15
6.755466574965675000e+13 3.078163919221566645e-15
6.763725783261689844e+13 3.076745038897579760e-15
6.771995089235036719e+13 3.076263494593797947e-15
6.780274505231093750e+13 3.076159009564769322e-15
6.788564043610335938e+13 3.076148124960624445e-15
6.796863716748356250e+13 3.076148041842566535e-15
6.805173537035871094e+13 3.076148041842566535e-15
6.813493516878742188e+13 3.076148041842566535e-15
6.821823668698013281e+13 3.076148041842566535e-15
6.830164004929899219e+13 3.076148041842566535e-15
6.838514538025823438e+13 3.037774680308188236e-15
6.846875280452439844e+13 2.979972309403967231e-15
6.855246244691635156e+13 2.960439244149995845e-15
6.863627443240555469e+13 2.946505152938763167e-15
6.872018888611637500e+13 2.937294112443800463e-15
6.880420593332603125e+13 2.931748689310764142e-15
6.888832569946496094e+13 2.927515291541296503e-15
6.897254831011690625e+13 2.927093752523368146e-15
6.905687389101926562e+13 2.927008706220066125e-15
6.914130256806303906e+13 2.927001639082656662e-15
6.922583446729317188e+13 2.927001639082656662e-15
6.931046971490875000e+13 2.927001639082656662e-15
6.939520843726313281e+13 2.927001639082656662e-15
6.948005076086408594e+13 2.927001639082656662e-15
6.956499681237420312e+13 2.927001639082656662e-15
6.965004671861079688e+13 2.888145096581962232e-15
6.973520060654622656e+13 2.855905307181650008e-15
6.982045860330821094e+13 2.811113691334192722e-15
6.990582083617977344e+13 2.797543935355968137e-15
6.999128743259954688e+13 2.788686527070293457e-15
7.007685852016210156e+13 2.783434434212410285e-15
7.016253422661789062e+13 2.779533247880639815e-15
7.024831467987354688e+13 2.779167437805488183e-15
7.033420000799216406e+13 2.779099607267632548e-15
7.042019033919334375e+13 2.779095241352691551e-15
7.050628580185343750e+13 2.779095241352691551e-15
7.059248652450581250e+13 2.779095241352691551e-15
7.067879263584095312e+13 2.779095241352691551e-15
7.076520426470660938e+13 2.779095241352691551e-15
7.085172154010818750e+13 2.779095241352691551e-15
7.093834459120873438e+13 2.739864057170409154e-15
7.102507354732917188e+13 2.707591243611700315e-15
7.111190853794865625e+13 2.663361746182946265e-15
7.119884969270454688e+13 2.650192533204328657e-15
7.128589714139267188e+13 2.641708407875773870e-15
7.137305101396768750e+13 2.636756628633737966e-15
7.146031144054298438e+13 2.634231446032614140e-15
7.154767855139107812e+13 2.632867905637838718e-15
7.163515247694379688e+13 2.632814909844695951e-15
7.172273334779240625e+13 2.632812426904478881e-15
7.181042129468775000e+13 2.632812426904478881e-15
7.189821644854071875e+13 2.632812426904478881e-15
7.198611894042207812e+13 2.632812426904478881e-15
7.207412890156287500e+13 2.632812426904478881e-15
7.216224646335468750e+13 2.632812426904478881e-15
7.225047175734964062e+13 2.593316949939884716e-15
7.233880491526073438e+13 2.561105174262928996e-15
7.242724606896195312e+13 2.517564272629648748e-15
7.251579535048860938e+13 2.504828522691559871e-15
7.260445289203732812e+13 2.496734116176033338e-15
7.269321882596640625e+13 2.492086598550485889e-15
7.278209328479604688e+13 2.489766242029340057e-15
7.287107640120831250e+13 2.488565076323453231e-15
7.296016830804754688e+13 2.488524605491773931e-15
7.304936913832057812e+13 2.488523413859206780e-15
7.313867902519678125e+13 2.488523413859206780e-15
7.322809810200829688e+13 2.488523413859206780e-15
7.331762650225042188e+13 2.488523413859206780e-15
7.340726435958151562e+13 2.488523413859206780e-15
7.349701180782339062e+13 2.488523413859206780e-15
7.358686898096154688e+13 2.448875225434076766e-15
7.367683601314518750e+13 2.416818043866211687e-15
7.376691303868757812e+13 2.392102807853210347e-15
7.385710019206623438e+13 2.361811887290102720e-15
7.394739760792300000e+13 2.354119739524875909e-15
7.403780542106434375e+13 2.349778825306169054e-15
7.412832376646164062e+13 2.347660454333180499e-15
7.421895277925118750e+13 2.346834381019295770e-15
7.430969259473446875e+13 2.346582356820857745e-15
7.440054334837854688e+13 2.346581889400025543e-15
7.449150517581595312e+13 2.346581889400025543e-15
7.458257821284506250e+13 2.346581889400025543e-15
7.467376259543037500e+13 2.346581889400025543e-15
7.476505845970253125e+13 2.346581889400025543e-15
7.485646594195856250e+13 2.346581889400025543e-15
7.494798517866229688e+13 2.306893202530828010e-15
7.503961630644426562e+13 2.275083110797222155e-15
7.513135946210203125e+13 2.250793041833613577e-15
7.522321478260054688e+13 2.221490078707377766e-15
7.531518240507209375e+13 2.214211765386935307e-15
7.540726246681662500e+13 2.210179007669103906e-15
7.549945510530200000e+13 2.208258338817678169e-15
7.559176045816414062e+13 2.207535556145155835e-15
7.568417866320715625e+13 2.207331814009772079e-15
7.577670985840381250e+13 2.207331736000074468e-15
7.586935418189535938e+13 2.207331736000074468e-15
7.596211177199206250e+13 2.207331736000074468e-15
7.605498276717320312e+13 2.207331736000074468e-15
7.614796730608751562e+13 2.207331736000074468e-15
7.624106552755307812e+13 2.207331736000074468e-15
7.633427757055773438e+13 2.167714774238722211e-15
7.642760357425934375e+13 2.136242646737741156e-15
7.652104367798576562e+13 2.112445493463473949e-15
7.661459802123528125e+13 2.095473278202054563e-15
7.670826674367676562e+13 2.077345628111879686e-15
7.680204998514971875e+13 2.073620301094138148e-15
7.689594788566470312e+13 2.071891389172803979e-15
7.698996058540345312e+13 2.071265794147383551e-15
7.708408822471906250e+13 2.071104512159849928e-15
7.717833094413620312e+13 2.071104512159849928e-15
7.727268888435143750e+13 2.071104512159849928e-15
7.736716218623326562e+13 2.071104512159849928e-15
7.746175099082235938e+13 2.071104512159849928e-15
7.755645543933203125e+13 2.071104512159849928e-15
7.765127567314800000e+13 2.071104512159849928e-15
7.774621183382896875e+13 2.031670870662591863e-15
7.784126406310673438e+13 2.000625396297910058e-15
7.793643250288631250e+13 1.977385663069843894e-15
7.803171729524618750e+13 1.960999868896676792e-15
7.812711858243865625e+13 1.943836436756023208e-15
7.822263650688984375e+13 1.940415325864788508e-15
7.831827121119998438e+13 1.938871315527483330e-15
7.841402283814378125e+13 1.938336524070963730e-15
7.850989153067035938e+13 1.938220641293871957e-15
7.860587743190362500e+13 1.938211966334723498e-15
7.870198068514259375e+13 1.938211966334723498e-15
7.879820143386135938e+13 1.938211966334723498e-15
7.889453982170942188e+13 1.938211966334723498e-15
7.899099599251200000e+13 1.938211966334723498e-15
7.908757009027007812e+13 1.938211966334723498e-15
7.918426225916064062e+13 1.899071956549811868e-15
7.928107264353714062e+13 1.868539072442075873e-15
7.937800138792931250e+13 1.845917572431310992e-15
7.947504863704365625e+13 1.830155533709022974e-15
7.957221453576365625e+13 1.819969347688675795e-15
7.966949922914987500e+13 1.810854912679759838e-15
7.976690286244015625e+13 1.809488317534252391e-15
7.986442558105007812e+13 1.809037377653831807e-15
7.996206753057287500e+13 1.808948811477388324e-15
8.005982885677981250e+13 1.808944116578121579e-15
8.015770970562034375e+13 1.808944116578121579e-15
8.025571022322248438e+13 1.808944116578121579e-15
8.035383055589273438e+13 1.808944116578121579e-15
8.045207085011656250e+13 1.808944116578121579e-15
8.055043125255856250e+13 1.808944116578121579e-15
8.064891191006257812e+13 1.770206092576365619e-15
8.074751296965193750e+13 1.740268412682366168e-15
8.084623457852989062e+13 1.718321821275721353e-15
8.094507688407948438e+13 1.703216503761006319e-15
8.104404003386400000e+13 1.693595775696113858e-15
8.114312417562718750e+13 1.685206884960025058e-15
8.124232945729340625e+13 1.684008979633127723e-15
8.134165602696779688e+13 1.683634893413642936e-15
8.144110403293667188e+13 1.683569632909248740e-15
8.154067362366759375e+13 1.683567584738067712e-15
8.164036494780957812e+13 1.683567584738067712e-15
8.174017815419353125e+13 1.683567584738067712e-15
8.184011339183217188e+13 1.683567584738067712e-15
8.194017080992043750e+13 1.683567584738067712e-15
8.204035055783576562e+13 1.683567584738067712e-15
8.214065278513809375e+13 1.683567584738067712e-15
8.224107764157025000e+13 1.616073461313710593e-15
8.234162527705820312e+13 1.594853830872639878e-15
8.244229584171114062e+13 1.580433287903970666e-15
8.254308948582178125e+13 1.571387375072084295e-15
8.264400635986667188e+13 1.563713851808253018e-15
8.274504661450623438e+13 1.562675154599552578e-15
8.284621040058509375e+13 1.562370649633503176e-15
8.294749786913239062e+13 1.562324826164383577e-15
8.304890917136182812e+13 1.562324245799424678e-15
8.315044445867195312e+13 1.562324245799424678e-15
8.325210388264654688e+13 1.562324245799424678e-15
8.335388759505460938e+13 1.562324245799424678e-15
8.345579574785065625e+13 1.562324245799424678e-15
8.355782849317512500e+13 1.562324245799424678e-15
8.365998598335434375e+13 1.562324245799424678e-15
8.376226837090087500e+13 1.496188028608185806e-15
8.386467580851384375e+13 1.475741953175661967e-15
8.396720844907893750e+13 1.462029483617952286e-15
8.406986644566885938e+13 1.453565237918771683e-15
8.417264995154334375e+13 1.448862882151801838e-15
8.427555912014968750e+13 1.445702612144228787e-15
8.437859410512262500e+13 1.445460246907087981e-15
8.448175506028471875e+13 1.445429995568072446e-15
8.458504213964676562e+13 1.445429973950559312e-15
8.468845549740768750e+13 1.445429973950559312e-15
8.479199528795493750e+13 1.445429973950559312e-15
8.489566166586484375e+13 1.445429973950559312e-15
8.499945478590264062e+13 1.445429973950559312e-15
8.510337480302270312e+13 1.445429973950559312e-15
8.520742187236904688e+13 1.445429973950559312e-15
8.531159614927517188e+13 1.408516980545812279e-15
8.541589778926454688e+13 1.361186629734954324e-15
8.552032694805089062e+13 1.348202519001511967e-15
8.562488378153817188e+13 1.340322973350104035e-15
8.572956844582093750e+13 1.336039129266815784e-15
8.583438109718476562e+13 1.333279932604286086e-15
8.593932189210610938e+13 1.333092176115521438e-15
8.604439098725276562e+13 1.333073927528855022e-15
8.614958853948423438e+13 1.333073927528855022e-15
8.625491470585156250e+13 1.333073927528855022e-15
8.636036964359793750e+13 1.333073927528855022e-15
8.646595351015879688e+13 1.333073927528855022e-15
8.657166646316203125e+13 1.333073927528855022e-15
8.667750866042817188e+13 1.333073927528855022e-15
8.678348025997089062e+13 1.333073927528855022e-15
8.688958141999684375e+13 1.296961106497634161e-15
8.699581229890620312e+13 1.251365293439510973e-15
8.710217305529284375e+13 1.239125126247565744e-15
8.720866384794443750e+13 1.231829134823818664e-15
8.731528483584281250e+13 1.227953946102033010e-15
8.742203617816428125e+13 1.226196062408323718e-15
8.752891803427962500e+13 1.225430745579516686e-15
8.763593056375448438e+13 1.225421038372428996e-15
8.774307392634970312e+13 1.225421038372428996e-15
8.785034828202132812e+13 1.225421038372428996e-15
8.795775379092096875e+13 1.225421038372428996e-15
8.806529061339614062e+13 1.225421038372428996e-15
8.817295890999032812e+13 1.225421038372428996e-15
8.828075884144326562e+13 1.225421038372428996e-15
8.838869056869118750e+13 1.225421038372428996e-15
8.849675425286726562e+13 1.190199598104715493e-15
8.860495005530148438e+13 1.164322384034662153e-15
8.871327813752109375e+13 1.134946203777699791e-15
8.882173866125096875e+13 1.128229271338859192e-15
8.893033178841354688e+13 1.124750388399534850e-15
8.903905768112925000e+13 1.123228182516173466e-15
8.914791650171682812e+13 1.122617286871515683e-15
8.925690841269339062e+13 1.122613176800820484e-15
8.936603357677467188e+13 1.122613176800820484e-15
8.947529215687553125e+13 1.122613176800820484e-15
8.958468431610984375e+13 1.122613176800820484e-15
8.969421021779090625e+13 1.122613176800820484e-15
8.980387002543185938e+13 1.122613176800820484e-15
8.991366390274556250e+13 1.122613176800820484e-15
9.002359201364506250e+13 1.122613176800820484e-15
9.013365452224392188e+13 1.088369347684242500e-15
9.024385159285623438e+13 1.063488491671196431e-15
9.035418338999695312e+13 1.035785972065663983e-15
9.046465007838232812e+13 1.029640240332507494e-15
9.057525182292987500e+13 1.026542873906716870e-15
9.068598878875867188e+13 1.025240958947018894e-15
9.079686114118985938e+13 1.024833975022436392e-15
9.090786904574656250e+13 1.024763801452067329e-15
9.101901266815425000e+13 1.024763801452067329e-15
9.113029217434114062e+13 1.024763801452067329e-15
9.124170773043818750e+13 1.024763801452067329e-15
9.135325950277948438e+13 1.024763801452067329e-15
9.146494765790257812e+13 1.024763801452067329e-15
9.157677236254853125e+13 1.024763801452067329e-15
9.168873378366218750e+13 1.024763801452067329e-15
9.180083208839271875e+13 9.915778102240063546e-16
9.191306744409346875e+13 9.677415575796293344e-16
9.202544001832240625e+13 9.417352712744362072e-16
9.213794997884248438e+13 9.361490949446347853e-16
9.225059749362160938e+13 9.334164807696518782e-16
9.236338273083307812e+13 9.323183824258236328e-16
9.247630585885592188e+13 9.320015788725218033e-16
9.258936704627485938e+13 9.319576900065602495e-16
9.270256646188082812e+13 9.319576900065602495e-16
9.281590427467100000e+13 9.319576900065602495e-16
9.292938065384940625e+13 9.319576900065602495e-16
9.304299576882671875e+13 9.319576900065602495e-16
9.315674978922076562e+13 9.319576900065602495e-16
9.327064288485689062e+13 9.319576900065602495e-16
9.338467522576792188e+13 9.319576900065602495e-16
9.349884698219457812e+13 8.999030251816028180e-16
9.361315832458581250e+13 8.771528594663810973e-16
9.372760942359889062e+13 8.620617606306421583e-16
9.384220045009967188e+13 8.478139789452569170e-16
9.395693157516307812e+13 8.454272118664471925e-16
9.407180297007304688e+13 8.445156010125278881e-16
9.418681480632292188e+13 8.442765747287184360e-16
9.430196725561587500e+13 8.442514167880739412e-16
9.441726048986482812e+13 8.442514167880739412e-16
9.453269468119287500e+13 8.442514167880739412e-16
9.464827000193375000e+13 8.442514167880739412e-16
9.476398662463167188e+13 8.442514167880739412e-16
9.487984472204185938e+13 8.442514167880739412e-16
9.499584446713084375e+13 8.442514167880739412e-16
9.511198603307653125e+13 8.442514167880739412e-16
9.522826959326850000e+13 8.133943107065264106e-16
9.534469532130848438e+13 7.917662437792629247e-16
9.546126339101032812e+13 7.776360439235320175e-16
9.557797397640037500e+13 7.646647362704580425e-16
9.569482725171785938e+13 7.626031348657343301e-16
9.581182339141490625e+13 7.618599614455060858e-16
9.592896257015692188e+13 7.616862927830277470e-16
9.604624496282303125e+13 7.616738522710146886e-16
9.616367074450598438e+13 7.616738522710146886e-16
9.628124009051259375e+13 7.616738522710146886e-16
9.639895317636418750e+13 7.616738522710146886e-16
9.651681017779650000e+13 7.616738522710146886e-16
9.663481127076015625e+13 7.616738522710146886e-16
9.675295663142100000e+13 7.616738522710146886e-16
9.687124643616015625e+13 7.616738522710146886e-16
9.698968086157434375e+13 7.320748651708648989e-16
9.710826008447637500e+13 7.115980217970299027e-16
9.722698428189507812e+13 6.984326068455654454e-16
9.734585363107568750e+13 6.907132363439830593e-16
9.746486830948031250e+13 6.849451875048726911e-16
9.758402849478787500e+13 6.843520226904121865e-16
9.770333436489459375e+13 6.842318454267004255e-16
9.782278609791406250e+13 6.842271613589134849e-16
9.794238387217789062e+13 6.842271613589134849e-16
9.806212786623546875e+13 6.842271613589134849e-16
9.818201825885454688e+13 6.842271613589134849e-16
9.830205522902154688e+13 6.842271613589134849e-16
9.842223895594160938e+13 6.842271613589134849e-16
9.854256961903890625e+13 6.842271613589134849e-16
9.866304739795718750e+13 6.842271613589134849e-16
9.878367247255964062e+13 6.559394879851631224e-16
9.890444502292937500e+13 6.366355633621808300e-16
9.902536522936984375e+13 6.244333045886426320e-16
9.914643327240471875e+13 6.174339500364514237e-16
9.926764933277846875e+13 6.124265266921730131e-16
9.938901359145657812e+13 6.119647226722990804e-16
9.951052622962571875e+13 6.118865938487693209e-16
9.963218742869407812e+13 6.118855920154963975e-16
9.975399737029173438e+13 6.118855920154963975e-16
9.987595623627071875e+13 6.118855920154963975e-16
9.999806420870535938e+13 6.118855920154963975e-16
1.001203214698927656e+14 6.118855920154963975e-16
1.002427282023526875e+14 6.118855920154963975e-16
1.003652845888283281e+14 6.118855920154963975e-16
1.004879908122859062e+14 6.118855920154963975e-16
1.006108470559156719e+14 5.849541386838984985e-16
1.007338535031318281e+14 5.668381360129965990e-16
1.008570103375725000e+14 5.555913413664593151e-16
1.009803177431006875e+14 5.492906469926424122e-16
1.011037759038041094e+14 5.462179041570047099e-16
1.012273850039952969e+14 5.446432968467525762e-16
1.013511452282123906e+14 5.445966934603084025e-16
1.014750567612191875e+14 5.445966853116754131e-16
1.015991197880050312e+14 5.445966853116754131e-16
1.017233344937857500e+14 5.445966853116754131e-16
1.018477010640036406e+14 5.445966853116754131e-16
1.019722196843273906e+14 5.445966853116754131e-16
1.020968905406529844e+14 5.445966853116754131e-16
1.022217138191036875e+14 5.445966853116754131e-16
1.023466897060300156e+14 5.445966853116754131e-16
1.024718183880106562e+14 5.190585175353005080e-16
1.025971000518523594e+14 5.021382483741151056e-16
1.027225348845899688e+14 4.918334496875515392e-16
1.028481230734873125e+14 4.862058577456302061e-16
1.029738648060371719e+14 4.835591067860556130e-16
1.030997602699612188e+14 4.823079411540954363e-16
1.032258096532109844e+14 4.822834486412407229e-16
1.033520131439677500e+14 4.822834486412407229e-16
1.034783709306425938e+14 4.822834486412407229e-16
1.036048832018772188e+14 4.822834486412407229e-16
1.037315501465439844e+14 4.822834486412407229e-16
1.038583719537458125e+14 4.822834486412407229e-16
1.039853488128172188e+14 4.822834486412407229e-16
1.041124809133241250e+14 4.822834486412407229e-16
1.042397684450639062e+14 4.822834486412407229e-16
1.043672115980663281e+14 4.822834486412407229e-16
1.044948105625934844e+14 4.424435262039559176e-16
1.046225655291397500e+14 4.330616355706940084e-16
1.047504766884327031e+14 4.280778530252634660e-16
1.048785442314331094e+14 4.258261494165268827e-16
1.050067683493349375e+14 4.248548118828461708e-16
1.051351492335662656e+14 4.248442275139809769e-16
1.052636870757888125e+14 4.248442275139809769e-16
1.053923820678989531e+14 4.248442275139809769e-16
1.055212344020276406e+14 4.248442275139809769e-16
1.056502442705404375e+14 4.248442275139809769e-16
1.057794118660384219e+14 4.248442275139809769e-16
1.059087373813580938e+14 4.248442275139809769e-16
1.060382210095714375e+14 4.248442275139809769e-16
1.061678629439867969e+14 4.248442275139809769e-16
1.062976633781488906e+14 4.248442275139809769e-16
1.064276225058386250e+14 3.876364637779478327e-16
1.065577405210742812e+14 3.791528151482014681e-16
1.066880176181112812e+14 3.747799033453876857e-16
1.068184539914422188e+14 3.728907820045974104e-16
1.069490498357978125e+14 3.722734012346031229e-16
1.070798053461468438e+14 3.721539074793898050e-16
1.072107207176961406e+14 3.721539074793898050e-16
1.073417961458915469e+14 3.721539074793898050e-16
1.074730318264178125e+14 3.721539074793898050e-16
1.076044279551986094e+14 3.721539074793898050e-16
1.077359847283975156e+14 3.721539074793898050e-16
1.078677023424178906e+14 3.721539074793898050e-16
1.079995809939028906e+14 3.721539074793898050e-16
1.081316208797364688e+14 3.721539074793898050e-16
1.082638221970432188e+14 3.721539074793898050e-16
1.083961851431884688e+14 3.509353954652673810e-16
1.085287099157791094e+14 3.299609012746101694e-16
1.086613967126636562e+14 3.261629485410535939e-16
1.087942457319322344e+14 3.246027746765273712e-16
1.089272571719174062e+14 3.241365544769784223e-16
1.090604312311942500e+14 3.240655891713505910e-16
1.091937681085802656e+14 3.240655891713505910e-16
1.093272680031364219e+14 3.240655891713505910e-16
1.094609311141669844e+14 3.240655891713505910e-16
1.095947576412195938e+14 3.240655891713505910e-16
1.097287477840861875e+14 3.240655891713505910e-16
1.098629017428029531e+14 3.240655891713505910e-16
1.099972197176503125e+14 3.240655891713505910e-16
1.101317019091538906e+14 3.240655891713505910e-16
1.102663485180844844e+14 3.240655891713505910e-16
1.104011597454579844e+14 3.043047524724645801e-16
1.105361357925364219e+14 2.853182522477503253e-16
1.106712768608278594e+14 2.820564615039269181e-16
1.108065831520863750e+14 2.807908155264747973e-16
1.109420548683130781e+14 2.804508851660466810e-16
1.110776922117560469e+14 2.804124381348034798e-16
1.112134953849102500e+14 2.804124381348034798e-16
1.113494645905186094e+14 2.804124381348034798e-16
1.114856000315718750e+14 2.804124381348034798e-16
1.116219019113086875e+14 2.804124381348034798e-16
1.117583704332164375e+14 2.804124381348034798e-16
1.118950058010313750e+14 2.804124381348034798e-16
1.120318082187384219e+14 2.804124381348034798e-16
1.121687778905722969e+14 2.804124381348034798e-16
1.123059150210173906e+14 2.804124381348034798e-16
1.124432198148077031e+14 2.621035795128773117e-16
1.125806924769280000e+14 2.450377882525661426e-16
1.127183332126135156e+14 2.422713655548992473e-16
1.128561422273502031e+14 2.412657704691555939e-16
1.129941197268754844e+14 2.410285902760756802e-16
1.131322659171783594e+14 2.410109915663299340e-16
1.132705810044993125e+14 2.410109915663299340e-16
1.134090651953313125e+14 2.410109915663299340e-16
1.135477186964198125e+14 2.410109915663299340e-16
1.136865417147626719e+14 2.410109915663299340e-16
1.138255344576111719e+14 2.410109915663299340e-16
1.139646971324699688e+14 2.410109915663299340e-16
1.141040299470970625e+14 2.410109915663299340e-16
1.142435331095048594e+14 2.410109915663299340e-16
1.143832068279600000e+14 2.410109915663299340e-16
1.145230513109834531e+14 2.241397731376495532e-16
1.146630667673514531e+14 2.141539312170655711e-16
1.148032534060955000e+14 2.066030771072537976e-16
1.149436114365022969e+14 2.058231431304293705e-16
1.150841410681147656e+14 2.056666376739630937e-16
1.152248425107320156e+14 2.056606981285007631e-16
1.153657159744093125e+14 2.056606981285007631e-16
1.155067616694590781e+14 2.056606981285007631e-16
1.156479798064508906e+14 2.056606981285007631e-16
1.157893705962113438e+14 2.056606981285007631e-16
1.159309342498252344e+14 2.056606981285007631e-16
1.160726709786353438e+14 2.056606981285007631e-16
1.162145809942425469e+14 2.056606981285007631e-16
1.163566645085068750e+14 2.056606981285007631e-16
1.164989217335469062e+14 2.056606981285007631e-16
1.166413528817409062e+14 1.902041395265379696e-16
1.167839581657267656e+14 1.812698555175442877e-16
1.169267377984020781e+14 1.748315884580554551e-16
1.170696919929249531e+14 1.742438508233256409e-16
1.172128209627142344e+14 1.741479669617314365e-16
1.173561249214492188e+14 1.741469633112937274e-16
1.174996040830709062e+14 1.741469633112937274e-16
1.176432586617817969e+14 1.741469633112937274e-16
1.177870888720459219e+14 1.741469633112937274e-16
1.179310949285899062e+14 1.741469633112937274e-16
1.180752770464028594e+14 1.741469633112937274e-16
1.182196354407363906e+14 1.741469633112937274e-16
1.183641703271056562e+14 1.741469633112937274e-16
1.185088819212892656e+14 1.741469633112937274e-16
1.186537704393292969e+14 1.741469633112937274e-16
1.187988360975323125e+14 1.600738913647727736e-16
1.189440791124693750e+14 1.521449872200846713e-16
1.190894997009758750e+14 1.482651157791426400e-16
1.192350980801527500e+14 1.462974806480795466e-16
1.193808744673663281e+14 1.462446072606742886e-16
1.195268290802483125e+14 1.462446060488271520e-16
1.196729621366968906e+14 1.462446060488271520e-16
1.198192738548766250e+14 1.462446060488271520e-16
1.199657644532184062e+14 1.462446060488271520e-16
1.201124341504206094e+14 1.462446060488271520e-16
1.202592831654489531e+14 1.462446060488271520e-16
1.204063117175364688e+14 1.462446060488271520e-16
1.205535200261846562e+14 1.462446060488271520e-16
1.207009083111633125e+14 1.462446060488271520e-16
1.208484767925106094e+14 1.462446060488271520e-16
1.209962256905340625e+14 1.335157746476062881e-16
1.211441552258105625e+14 1.265406906787536281e-16
1.212922656191862969e+14 1.232620227369994647e-16
1.214405570917778125e+14 1.217445582473699524e-16
1.215890298649720000e+14 1.217196894644876568e-16
1.217376841604260938e+14 1.217196894644876568e-16
1.218865202000686406e+14 1.217196894644876568e-16
1.220355382060995156e+14 1.217196894644876568e-16
1.221847384009899219e+14 1.217196894644876568e-16
1.223341210074833906e+14 1.217196894644876568e-16
1.224836862485957812e+14 1.217196894644876568e-16
1.226334343476152969e+14 1.217196894644876568e-16
1.227833655281034062e+14 1.217196894644876568e-16
1.229334800138950000e+14 1.217196894644876568e-16
1.230837780290981719e+14 1.217196894644876568e-16
1.232342597980954375e+14 1.102884616774665613e-16
1.233849255455436406e+14 1.042113399974516234e-16
1.235357754963738906e+14 1.014799988645643213e-16
1.236868098757926562e+14 1.005377750404388185e-16
1.238380289092818281e+14 1.003323279072907050e-16
1.239894328225984844e+14 1.003323279072907050e-16
1.241410218417761562e+14 1.003323279072907050e-16
1.242927961931247031e+14 1.003323279072907050e-16
1.244447561032302969e+14 1.003323279072907050e-16
1.245969017989565156e+14 1.003323279072907050e-16
1.247492335074442812e+14 1.003323279072907050e-16
1.249017514561118750e+14 1.003323279072907050e-16
1.250544558726559375e+14 1.003323279072907050e-16
1.252073469850515625e+14 1.003323279072907050e-16
1.253604250215521250e+14 1.003323279072907050e-16
1.255136902106904844e+14 9.014504036581390814e-17
1.256671427812788750e+14 8.490600175367288533e-17
1.258207829624089062e+14 8.266701780186497398e-17
1.259746109834526562e+14 8.195989936297541588e-17
1.261286270740626562e+14 8.183776318167151898e-17
1.262828314641717656e+14 8.183776318167151898e-17
1.264372243839943906e+14 8.183776318167151898e-17
1.265918060640264062e+14 8.183776318167151898e-17
1.267465767350450469e+14 8.183776318167151898e-17
1.269015366281101562e+14 8.183776318167151898e-17
1.270566859745640000e+14 8.183776318167151898e-17
1.272120250060313750e+14 8.183776318167151898e-17
1.273675539544205469e+14 8.183776318167151898e-17
1.275232730519233906e+14 8.183776318167151898e-17
1.276791825310152656e+14 8.183776318167151898e-17
1.278352826244560938e+14 7.283437503495250963e-17
1.279915735652904219e+14 6.837046889326102708e-17
1.281480555868472812e+14 6.656864339281254599e-17
1.283047289227413906e+14 6.605640019944002596e-17
1.284615938068730781e+14 6.598993647214081510e-17
1.286186504734282656e+14 6.598993647214081510e-17
1.287758991568796562e+14 6.598993647214081510e-17
1.289333400919861719e+14 6.598993647214081510e-17
1.290909735137940469e+14 6.598993647214081510e-17
1.292487996576370000e+14 6.598993647214081510e-17
1.294068187591359375e+14 6.598993647214081510e-17
1.295650310542003750e+14 6.598993647214081510e-17
1.297234367790281406e+14 6.598993647214081510e-17
1.298820361701054688e+14 6.598993647214081510e-17
1.300408294642081719e+14 6.598993647214081510e-17
1.301998168984014531e+14 5.810493574343455595e-17
1.303589987100400625e+14 5.435102553510111996e-17
1.305183751367691875e+14 5.293182249448304847e-17
1.306779464165246875e+14 5.257677397313305168e-17
1.308377127875329219e+14 5.254537142218521197e-17
1.309976744883117812e+14 5.254537142218521197e-17
1.311578317576709219e+14 5.254537142218521197e-17
1.313181848347114688e+14 5.254537142218521197e-17
1.314787339588272969e+14 5.254537142218521197e-17
1.316394793697049531e+14 5.254537142218521197e-17
1.318004213073236562e+14 5.254537142218521197e-17
1.319615600119564062e+14 5.254537142218521197e-17
1.321228957241699219e+14 5.254537142218521197e-17
1.322844286848246875e+14 5.254537142218521197e-17
1.324461591350760781e+14 5.254537142218521197e-17
1.326080873163742188e+14 5.254537142218521197e-17
1.327702134704641094e+14 4.259750331931190794e-17
1.329325378393867031e+14 4.150753131842264198e-17
1.330950606654788281e+14 4.127501935811494915e-17
1.332577821913732188e+14 4.126359109193169237e-17
1.334207026599996250e+14 4.126359109193169237e-17
1.335838223145848594e+14 4.126359109193169237e-17
1.337471413986526719e+14 4.126359109193169237e-17
1.339106601560249062e+14 4.126359109193169237e-17
1.340743788308215312e+14 4.126359109193169237e-17
1.342382976674606094e+14 4.126359109193169237e-17
1.344024169106593906e+14 4.126359109193169237e-17
1.345667368054343125e+14 4.126359109193169237e-17
1.347312575971010000e+14 4.126359109193169237e-17
1.348959795312753438e+14 4.126359109193169237e-17
1.350609028538735781e+14 4.126359109193169237e-17
1.352260278111121719e+14 3.286506118438477488e-17
1.353913546495090312e+14 3.205282370313786098e-17
1.355568836158834375e+14 3.191164270606992244e-17
1.357226149573560000e+14 3.190922807987024212e-17
1.358885489213499531e+14 3.190922807987024212e-17
1.360546857555909219e+14 3.190922807987024212e-17
1.362210257081070781e+14 3.190922807987024212e-17
1.363875690272302031e+14 3.190922807987024212e-17
1.365543159615956719e+14 3.190922807987024212e-17
1.367212667601424688e+14 3.190922807987024212e-17
1.368884216721143125e+14 3.190922807987024212e-17
1.370557809470596094e+14 3.190922807987024212e-17
1.372233448348315781e+14 3.190922807987024212e-17
1.373911135855891875e+14 3.190922807987024212e-17
1.375590874497972969e+14 3.190922807987024212e-17
1.377272666782265781e+14 2.694155164264962175e-17
1.378956515219547344e+14 2.433219146454490329e-17
1.380642422323663594e+14 2.425508417133276914e-17
1.382330390611530156e+14 2.425501982466433803e-17
1.384020422603144531e+14 2.425501982466433803e-17
1.385712520821583906e+14 2.425501982466433803e-17
1.387406687793007344e+14 2.425501982466433803e-17
1.389102926046665781e+14 2.425501982466433803e-17
1.390801238114902031e+14 2.425501982466433803e-17
1.392501626533152188e+14 2.425501982466433803e-17
1.394204093839954844e+14 2.425501982466433803e-17
1.395908642576952656e+14 2.425501982466433803e-17
1.397615275288892500e+14 2.425501982466433803e-17
1.399323994523634844e+14 2.425501982466433803e-17
1.401034802832156406e+14 2.425501982466433803e-17
1.402747702768548438e+14 2.010369930391654702e-17
1.404462696890028594e+14 1.812034414085676981e-17
1.406179787756941250e+14 1.808444697521547180e-17
1.407898977932756875e+14 1.808444697521547180e-17
1.409620269984083750e+14 1.808444697521547180e-17
1.411343666480668750e+14 1.808444697521547180e-17
1.413069169995395938e+14 1.808444697521547180e-17
1.414796783104299062e+14 1.808444697521547180e-17
1.416526508386561875e+14 1.808444697521547180e-17
1.418258348424516875e+14 1.808444697521547180e-17
1.419992305803658750e+14 1.808444697521547180e-17
1.421728383112639062e+14 1.808444697521547180e-17
1.423466582943276875e+14 1.808444697521547180e-17
1.425206907890560625e+14 1.808444697521547180e-17
1.426949360552647500e+14 1.808444697521547180e-17
1.428693943530874688e+14 1.466873841194979870e-17
1.430440659429760938e+14 1.320535765636487533e-17
1.432189510857003438e+14 1.319260207700664867e-17
1.433940500423493438e+14 1.319260207700664867e-17
1.435693630743313125e+14 1.319260207700664867e-17
1.437448904433735938e+14 1.319260207700664867e-17
1.439206324115241562e+14 1.319260207700664867e-17
1.440965892411511250e+14 1.319260207700664867e-17
1.442727611949430938e+14 1.319260207700664867e-17
1.444491485359101875e+14 1.319260207700664867e-17
1.446257515273840938e+14 1.319260207700664867e-17
1.448025704330180625e+14 1.319260207700664867e-17
1.449796055167881250e+14 1.319260207700664867e-17
1.451568570429929375e+14 1.319260207700664867e-17
1.453343252762539375e+14 1.319260207700664867e-17
1.455120104815165000e+14 1.043158075163088882e-17
1.456899129240500312e+14 9.543504926746779217e-18
1.458680328694475625e+14 9.386716793588469459e-18
1.460463705836275625e+14 9.386716793588469459e-18
1.462249263328334375e+14 9.386716793588469459e-18
1.464037003836336875e+14 9.386716793588469459e-18
1.465826930029231875e+14 9.386716793588469459e-18
1.467619044579231250e+14 9.386716793588469459e-18
1.469413350161808750e+14 9.386716793588469459e-18
1.471209849455714688e+14 9.386716793588469459e-18
1.473008545142973750e+14 9.386716793588469459e-18
1.474809439908885312e+14 9.386716793588469459e-18
1.476612536442036250e+14 9.386716793588469459e-18
1.478417837434300312e+14 9.386716793588469459e-18
1.480225345580838125e+14 9.386716793588469459e-18
1.482035063580109375e+14 7.200148790680930959e-18
1.483846994133874062e+14 6.570797741233618778e-18
1.485661139947189688e+14 6.488525604477335768e-18
1.487477503728425625e+14 6.488525604477335768e-18
1.489296088189263438e+14 6.488525604477335768e-18
1.491116896044693750e+14 6.488525604477335768e-18
1.492939930013032500e+14 6.488525604477335768e-18
1.494765192815919062e+14 6.488525604477335768e-18
1.496592687178314062e+14 6.488525604477335768e-18
1.498422415828516562e+14 6.488525604477335768e-18
1.500254381498159062e+14 6.488525604477335768e-18
1.502088586922210625e+14 6.488525604477335768e-18
1.503925034838988438e+14 6.488525604477335768e-18
1.505763727990156875e+14 6.488525604477335768e-18
1.507604669120728438e+14 6.488525604477335768e-18
1.509447860979075625e+14 4.797882719560752773e-18
1.511293306316930938e+14 4.373353503124298005e-18
1.513141007889388125e+14 4.336424140811898194e-18
1.514990968454911875e+14 4.336424140811898194e-18
1.516843190775340312e+14 4.336424140811898194e-18
1.518697677615884062e+14 4.336424140811898194e-18
1.520554431745137812e+14 4.336424140811898194e-18
1.522413455935082500e+14 4.336424140811898194e-18
1.524274752961081875e+14 4.336424140811898194e-18
1.526138325601899375e+14 4.336424140811898194e-18
1.528004176639694375e+14 4.336424140811898194e-18
1.529872308860022812e+14 4.336424140811898194e-18
1.531742725051852500e+14 4.336424140811898194e-18
1.533615428007559688e+14 4.336424140811898194e-18
1.535490420522930312e+14 4.336424140811898194e-18
1.537367705397173125e+14 3.065895364452115163e-18
1.539247285432918438e+14 2.797269760301891207e-18
1.541129163436220000e+14 2.784901984799214551e-18
1.543013342216565312e+14 2.784901984799214551e-18
1.544899824586877812e+14 2.784901984799214551e-18
1.546788613363514375e+14 2.784901984799214551e-18
1.548679711366281250e+14 2.784901984799214551e-18
1.550573121418430000e+14 2.784901984799214551e-18
1.552468846346661562e+14 2.784901984799214551e-18
1.554366888981135625e+14 2.784901984799214551e-18
1.556267252155473750e+14 2.784901984799214551e-18
1.558169938706755000e+14 2.784901984799214551e-18
1.560074951475533750e+14 2.784901984799214551e-18
1.561982293305836562e+14 2.784901984799214551e-18
1.563891967045161250e+14 2.784901984799214551e-18
1.565803975544493750e+14 1.862356971976925445e-18
1.567718321658304062e+14 1.706435549910755531e-18
1.569635008244548125e+14 1.704225765911011203e-18
1.571554038164681250e+14 1.704225765911011203e-18
1.573475414283652188e+14 1.704225765911011203e-18
1.575399139469916250e+14 1.704225765911011203e-18
1.577325216595435938e+14 1.704225765911011203e-18
1.579253648535680938e+14 1.704225765911011203e-18
1.581184438169639375e+14 1.704225765911011203e-18
1.583117588379821250e+14 1.704225765911011203e-18
1.585053102052254688e+14 1.704225765911011203e-18
1.586990982076501562e+14 1.704225765911011203e-18
1.588931231345656562e+14 1.704225765911011203e-18
1.590873852756346250e+14 1.704225765911011203e-18
1.592818849208744062e+14 1.704225765911011203e-18
1.594766223606568125e+14 1.062141426122270149e-18
1.596715978857082812e+14 9.821191615774655190e-19
1.598668117871111250e+14 9.820901271431493847e-19
1.600622643563035625e+14 9.820901271431493847e-19
1.602579558850796250e+14 9.820901271431493847e-19
1.604538866655905312e+14 9.820901271431493847e-19
1.606500569903447500e+14 9.820901271431493847e-19
1.608464671522078750e+14 9.820901271431493847e-19
1.610431174444040000e+14 9.820901271431493847e-19
1.612400081605157812e+14 9.820901271431493847e-19
1.614371395944841875e+14 9.820901271431493847e-19
1.616345120406102500e+14 9.820901271431493847e-19
1.618321257935546250e+14 9.820901271431493847e-19
1.620299811483378125e+14 9.820901271431493847e-19
1.622280784003415000e+14 9.820901271431493847e-19
1.624264178453085000e+14 5.585091398532698997e-19
1.626249997793426875e+14 5.245579072633944610e-19
1.628238244989104688e+14 5.245579072633944610e-19
1.630228923008406562e+14 5.245579072633944610e-19
1.632222034823245312e+14 5.245579072633944610e-19
1.634217583409172812e+14 5.245579072633944610e-19
1.636215571745376875e+14 5.245579072633944610e-19
1.638216002814684062e+14 5.245579072633944610e-19
1.640218879603572500e+14 5.245579072633944610e-19
1.642224205102171875e+14 5.245579072633944610e-19
1.644231982304261562e+14 5.245579072633944610e-19
1.646242214207287188e+14 5.245579072633944610e-19
1.648254903812359062e+14 5.245579072633944610e-19
1.650270054124250312e+14 5.245579072633944610e-19
1.652287668151414688e+14 5.245579072633944610e-19
1.654307748905981875e+14 2.640041768000295684e-19
1.656330299403760625e+14 2.537054553835108965e-19
1.658355322664251875e+14 2.537054553835108965e-19
1.660382821710647500e+14 2.537054553835108965e-19
1.662412799569830938e+14 2.537054553835108965e-19
1.664445259272390938e+14 2.537054553835108965e-19
1.666480203852621562e+14 2.537054553835108965e-19
1.668517636348522188e+14 2.537054553835108965e-19
1.670557559801810000e+14 2.537054553835108965e-19
1.672599977257923125e+14 2.537054553835108965e-19
1.674644891766015625e+14 2.537054553835108965e-19
1.676692306378976562e+14 2.537054553835108965e-19
1.678742224153426250e+14 2.537054553835108965e-19
1.680794648149716562e+14 2.537054553835108965e-19
1.682849581431947500e+14 2.537054553835108965e-19
1.684907027067964062e+14 2.537054553835108965e-19
1.686966988129357500e+14 1.065653868922229315e-19
1.689029467691478750e+14 1.065653868922229315e-19
1.691094468833440000e+14 1.065653868922229315e-19
1.693161994638110625e+14 1.065653868922229315e-19
1.695232048192136875e+14 1.065653868922229315e-19
1.697304632585936875e+14 1.065653868922229315e-19
1.699379750913702188e+14 1.065653868922229315e-19
1.701457406273413125e+14 1.065653868922229315e-19
1.703537601766837500e+14 1.065653868922229315e-19
1.705620340499529375e+14 1.065653868922229315e-19
1.707705625580845625e+14 1.065653868922229315e-19
1.709793460123943750e+14 1.065653868922229315e-19
1.711883847245783438e+14 1.065653868922229315e-19
1.713976790067140000e+14 1.065653868922229315e-19
1.716072291712602812e+14 1.065653868922229315e-19
1.718170355310578125e+14 3.563444748009509426e-20
1.720270983993300938e+14 3.563444748009509426e-20
1.722374180896836250e+14 3.563444748009509426e-20
1.724479949161077500e+14 3.563444748009509426e-20
1.726588291929762500e+14 3.563444748009509426e-20
1.728699212350472500e+14 3.563444748009509426e-20
1.730812713574632500e+14 3.563444748009509426e-20
1.732928798757525625e+14 3.563444748009509426e-20
1.735047471058287188e+14 3.563444748009509426e-20
1.737168733639919688e+14 3.563444748009509426e-20
1.739292589669292812e+14 3.563444748009509426e-20
1.741419042317142188e+14 3.563444748009509426e-20
1.743548094758085938e+14 3.563444748009509426e-20
1.745679750170622812e+14 3.563444748009509426e-20
1.747814011737133438e+14 3.563444748009509426e-20
1.749950882643892812e+14 7.909715459623140713e-21
1.752090366081072812e+14 7.909715459623140713e-21
1.754232465242740000e+14 7.909715459623140713e-21
1.756377183326871250e+14 7.909715459623140713e-21
1.758524523535352500e+14 7.909715459623140713e-21
1.760674489073980312e+14 7.909715459623140713e-21
1.762827083152475312e+14 7.909715459623140713e-21
1.764982308984482188e+14 7.909715459623140713e-21
1.767140169787569375e+14 7.909715459623140713e-21
1.769300668783244688e+14 7.909715459623140713e-21
1.771463809196953750e+14 7.909715459623140713e-21
1.773629594258081875e+14 7.909715459623140713e-21
1.775798027199966250e+14 7.909715459623140713e-21
1.777969111259897812e+14 7.909715459623140713e-21
1.780142849679120312e+14 7.909715459623140713e-21
1.782319245702845312e+14 6.812107087627117550e-22
1.784498302580251875e+14 6.812107087627117550e-22
1.786680023564485625e+14 6.812107087627117550e-22
1.788864411912676562e+14 6.812107087627117550e-22
1.791051470885935312e+14 6.812107087627117550e-22
1.793241203749354375e+14 6.812107087627117550e-22
1.795433613772023438e+14 6.812107087627117550e-22
1.797628704227030000e+14 6.812107087627117550e-22
1.799826478391456562e+14 6.812107087627117550e-22
1.802026939546398125e+14 6.812107087627117550e-22
1.804230090976961250e+14 6.812107087627117550e-22
1.806435935972263125e+14 6.812107087627117550e-22
1.808644477825447500e+14 6.812107087627117550e-22
1.810855719833685312e+14 6.812107087627117550e-22
1.813069665298171875e+14 6.812107087627117550e-22
1.815286317524145000e+14 0.000000000000000000e+00
1.817505679820882500e+14 0.000000000000000000e+00
1.819727755501703438e+14 0.000000000000000000e+00
1.821952547883983438e+14 0.000000000000000000e+00
1.824180060289152500e+14 0.000000000000000000e+00
1.826410296042697188e+14 0.000000000000000000e+00
1.828643258474175000e+14 0.000000000000000000e+00
1.830878950917214062e+14 0.000000000000000000e+00
1.833117376709512500e+14 0.000000000000000000e+00
1.835358539192855312e+14 0.000000000000000000e+00
1.837602441713112188e+14 0.000000000000000000e+00
1.839849087620238125e+14 0.000000000000000000e+00
1.842098480268290312e+14 0.000000000000000000e+00
1.844350623015425000e+14 0.000000000000000000e+00
1.846605519223900000e+14 0.000000000000000000e+00
1.848863172260088438e+14 0.000000000000000000e+00
1.851123585494479688e+14 0.000000000000000000e+00
1.853386762301677812e+14 0.000000000000000000e+00
1.855652706060418750e+14 0.000000000000000000e+00
1.857921420153568750e+14 0.000000000000000000e+00
1.860192907968125312e+14 0.000000000000000000e+00
1.862467172895230625e+14 0.000000000000000000e+00
1.864744218330175000e+14 0.000000000000000000e+00
1.867024047672392812e+14 0.000000000000000000e+00
1.869306664325480625e+14 0.000000000000000000e+00
1.871592071697196562e+14 0.000000000000000000e+00
1.873880273199458438e+14 0.000000000000000000e+00
1.876171272248362188e+14 0.000000000000000000e+00
1.878465072264179688e+14 0.000000000000000000e+00
1.880761676671359062e+14 0.000000000000000000e+00
1.883061088898540312e+14 0.000000000000000000e+00
1.885363312378555938e+14 0.000000000000000000e+00
1.887668350548429375e+14 0.000000000000000000e+00
1.889976206849391562e+14 0.000000000000000000e+00
1.892286884726881250e+14 0.000000000000000000e+00
1.894600387630543438e+14 0.000000000000000000e+00
1.896916719014246875e+14 0.000000000000000000e+00
1.899235882336081875e+14 0.000000000000000000e+00
1.901557881058362500e+14 0.000000000000000000e+00
1.903882718647640625e+14 0.000000000000000000e+00
1.906210398574705625e+14 0.000000000000000000e+00
1.908540924314585938e+14 0.000000000000000000e+00
1.910874299346563125e+14 0.000000000000000000e+00
1.913210527154173438e+14 0.000000000000000000e+00
1.915549611225205938e+14 0.000000000000000000e+00
1.917891555051721875e+14 0.000000000000000000e+00
1.920236362130042812e+14 0.000000000000000000e+00
1.922584035960771875e+14 0.000000000000000000e+00
1.924934580048792500e+14 0.000000000000000000e+00
1.927287997903266250e+14 0.000000000000000000e+00
1.929644293037651562e+14 0.000000000000000000e+00
1.932003468969701250e+14 0.000000000000000000e+00
1.934365529221465000e+14 0.000000000000000000e+00
1.936730477319302812e+14 0.000000000000000000e+00
1.939098316793886562e+14 0.000000000000000000e+00
1.941469051180198438e+14 0.000000000000000000e+00
1.943842684017549062e+14 0.000000000000000000e+00
1.946219218849575938e+14 0.000000000000000000e+00
1.948598659224242812e+14 0.000000000000000000e+00
1.950981008693857500e+14 0.000000000000000000e+00
1.953366270815070312e+14 0.000000000000000000e+00
1.955754449148874375e+14 0.000000000000000000e+00
1.958145547260622500e+14 0.000000000000000000e+00
1.960539568720026250e+14 0.000000000000000000e+00
1.962936517101155625e+14 0.000000000000000000e+00
1.965336395982456562e+14 0.000000000000000000e+00
1.967739208946748750e+14 0.000000000000000000e+00
1.970144959581228125e+14 0.000000000000000000e+00
1.972553651477480938e+14 0.000000000000000000e+00
1.974965288231484375e+14 0.000000000000000000e+00
1.977379873443607188e+14 0.000000000000000000e+00
1.979797410718625625e+14 0.000000000000000000e+00
1.982217903665721875e+14 0.000000000000000000e+00
1.984641355898486250e+14 0.000000000000000000e+00
1.987067771034932188e+14 0.000000000000000000e+00
1.989497152697496562e+14 0.000000000000000000e+00
1.991929504513039375e+14 0.000000000000000000e+00
1.994364830112860625e+14 0.000000000000000000e+00
1.996803133132700000e+14 0.000000000000000000e+00
1.999244417212735938e+14 0.000000000000000000e+00
2.001688685997603438e+14 0.000000000000000000e+00
2.004135943136393750e+14 0.000000000000000000e+00
2.006586192282653438e+14 0.000000000000000000e+00
2.009039437094400938e+14 0.000000000000000000e+00
2.011495681234128438e+14 0.000000000000000000e+00
2.013954928368799375e+14 0.000000000000000000e+00
2.016417182169865000e+14 0.000000000000000000e+00
2.018882446313267812e+14 0.000000000000000000e+00
2.021350724479436250e+14 0.000000000000000000e+00
2.023822020353305938e+14 0.000000000000000000e+00
2.026296337624316562e+14 0.000000000000000000e+00
2.028773679986413438e+14 0.000000000000000000e+00
2.031254051138063438e+14 0.000000000000000000e+00
2.033737454782255312e+14 0.000000000000000000e+00
2.036223894626499375e+14 0.000000000000000000e+00
2.038713374382844688e+14 0.000000000000000000e+00
2.041205897767877812e+14 0.000000000000000000e+00
2.043701468502724688e+14 0.000000000000000000e+00
2.046200090313065312e+14 0.000000000000000000e+00
2.048701766929135312e+14 0.000000000000000000e+00
2.051206502085724688e+14 0.000000000000000000e+00
2.053714299522195938e+14 0.000000000000000000e+00
2.056225162982483125e+14 0.000000000000000000e+00
2.058739096215091250e+14 0.000000000000000000e+00
2.061256102973114688e+14 0.000000000000000000e+00
2.063776187014236250e+14 0.000000000000000000e+00
2.066299352100726250e+14 0.000000000000000000e+00
2.068825601999462188e+14 0.000000000000000000e+00
2.071354940481925938e+14 0.000000000000000000e+00
2.073887371324203438e+14 0.000000000000000000e+00
2.076422898307005625e+14 0.000000000000000000e+00
2.078961525215663438e+14 0.000000000000000000e+00
2.081503255840130625e+14 0.000000000000000000e+00
2.084048093975001562e+14 0.000000000000000000e+00
2.086596043419507812e+14 0.000000000000000000e+00
2.089147107977521875e+14 0.000000000000000000e+00
2.091701291457571250e+14 0.000000000000000000e+00
2.094258597672840938e+14 0.000000000000000000e+00
2.096819030441170938e+14 0.000000000000000000e+00
2.099382593585075625e+14 0.000000000000000000e+00
2.101949290931742500e+14 0.000000000000000000e+00
2.104519126313031875e+14 0.000000000000000000e+00
2.107092103565495938e+14 0.000000000000000000e+00
2.109668226530376250e+14 0.000000000000000000e+00
2.112247499053604688e+14 0.000000000000000000e+00
2.114829924985822500e+14 0.000000000000000000e+00
2.117415508182377188e+14 0.000000000000000000e+00
2.120004252503324375e+14 0.000000000000000000e+00
2.122596161813447188e+14 0.000000000000000000e+00
2.125191239982245312e+14 0.000000000000000000e+00
2.127789490883955625e+14 0.000000000000000000e+00
2.130390918397551875e+14 0.000000000000000000e+00
2.132995526406744062e+14 0.000000000000000000e+00
2.135603318799995625e+14 0.000000000000000000e+00
2.138214299470525312e+14 0.000000000000000000e+00
2.140828472316304688e+14 0.000000000000000000e+00
2.143445841240077188e+14 0.000000000000000000e+00
2.146066410149358438e+14 0.000000000000000000e+00
2.148690182956434375e+14 0.000000000000000000e+00
2.151317163578380312e+14 0.000000000000000000e+00
2.153947355937061562e+14 0.000000000000000000e+00
2.156580763959130312e+14 0.000000000000000000e+00
2.159217391576048125e+14 0.000000000000000000e+00
2.161857242724080625e+14 0.000000000000000000e+00
2.164500321344301250e+14 0.000000000000000000e+00
2.167146631382607500e+14 0.000000000000000000e+00
2.169796176789721250e+14 0.000000000000000000e+00
2.172448961521188125e+14 0.000000000000000000e+00
2.175104989537395938e+14 0.000000000000000000e+00
2.177764264803575000e+14 0.000000000000000000e+00
2.180426791289796562e+14 0.000000000000000000e+00
2.183092572970992500e+14 0.000000000000000000e+00
2.185761613826953750e+14 0.000000000000000000e+00
2.188433917842331562e+14 0.000000000000000000e+00
2.191109489006654062e+14 0.000000000000000000e+00
2.193788331314328125e+14 0.000000000000000000e+00
2.196470448764636562e+14 0.000000000000000000e+00
2.199155845361759375e+14 0.000000000000000000e+00
2.201844525114770938e+14 0.000000000000000000e+00
2.204536492037641250e+14 0.000000000000000000e+00
2.207231750149253750e+14 0.000000000000000000e+00
2.209930303473406250e+14 0.000000000000000000e+00
2.212632156038809062e+14 0.000000000000000000e+00
2.215337311879103750e+14 0.000000000000000000e+00
2.218045775032864688e+14 0.000000000000000000e+00
2.220757549543596562e+14 0.000000000000000000e+00
2.223472639459754062e+14 0.000000000000000000e+00
2.226191048834741875e+14 0.000000000000000000e+00
2.228912781726913438e+14 0.000000000000000000e+00
2.231637842199590938e+14 0.000000000000000000e+00
2.234366234321063750e+14 0.000000000000000000e+00
2.237097962164589688e+14 0.000000000000000000e+00
2.239833029808411250e+14 0.000000000000000000e+00
2.242571441335758750e+14 0.000000000000000000e+00
2.245313200834847188e+14 0.000000000000000000e+00
2.248058312398896562e+14 0.000000000000000000e+00
2.250806780126131250e+14 0.000000000000000000e+00
2.253558608119779062e+14 0.000000000000000000e+00
2.256313800488092188e+14 0.000000000000000000e+00
2.259072361344344375e+14 0.000000000000000000e+00
2.261834294806831875e+14 0.000000000000000000e+00
2.264599604998892500e+14 0.000000000000000000e+00
2.267368296048906562e+14 0.000000000000000000e+00
2.270140372090292812e+14 0.000000000000000000e+00
2.272915837261531562e+14 0.000000000000000000e+00
2.275694695706163125e+14 0.000000000000000000e+00
2.278476951572786250e+14 0.000000000000000000e+00
2.281262609015078438e+14 0.000000000000000000e+00
2.284051672191795625e+14 0.000000000000000000e+00
2.286844145266771875e+14 0.000000000000000000e+00
2.289640032408938125e+14 0.000000000000000000e+00
2.292439337792322500e+14 0.000000000000000000e+00
2.295242065596049688e+14 0.000000000000000000e+00
2.298048220004360312e+14 0.000000000000000000e+00
2.300857805206610312e+14 0.000000000000000000e+00
2.303670825397270938e+14 0.000000000000000000e+00
2.306487284775949062e+14 0.000000000000000000e+00
2.309307187547385312e+14 0.000000000000000000e+00
2.312130537921453750e+14 0.000000000000000000e+00
2.314957340113183750e+14 0.000000000000000000e+00
2.317787598342756250e+14 0.000000000000000000e+00
2.320621316835505938e+14 0.000000000000000000e+00
2.323458499821940000e+14 0.000000000000000000e+00
2.326299151537738125e+14 0.000000000000000000e+00
2.329143276223750938e+14 0.000000000000000000e+00
2.331990878126020625e+14 0.000000000000000000e+00
2.334841961495782500e+14 0.000000000000000000e+00
2.337696530589460312e+14 0.000000000000000000e+00
2.340554589668691562e+14 0.000000000000000000e+00
2.343416143000315938e+14 0.000000000000000000e+00
2.346281194856394375e+14 0.000000000000000000e+00
2.349149749514213438e+14 0.000000000000000000e+00
2.352021811256280312e+14 0.000000000000000000e+00
2.354897384370345000e+14 0.000000000000000000e+00
2.357776473149401250e+14 0.000000000000000000e+00
2.360659081891682188e+14 0.000000000000000000e+00
2.363545214900685000e+14 0.000000000000000000e+00
2.366434876485166875e+14 0.000000000000000000e+00
2.369328070959146562e+14 0.000000000000000000e+00
2.372224802641924062e+14 0.000000000000000000e+00
2.375125075858079688e+14 0.000000000000000000e+00
2.378028894937474688e+14 0.000000000000000000e+00
2.380936264215270312e+14 0.000000000000000000e+00
2.383847188031928438e+14 0.000000000000000000e+00
2.386761670733210312e+14 0.000000000000000000e+00
2.389679716670197188e+14 0.000000000000000000e+00
2.392601330199290625e+14 0.000000000000000000e+00
2.395526515682210312e+14 0.000000000000000000e+00
2.398455277486015938e+14 0.000000000000000000e+00
2.401387619983107188e+14 0.000000000000000000e+00
2.404323547551220625e+14 0.000000000000000000e+00
2.407263064573454062e+14 0.000000000000000000e+00
2.410206175438262188e+14 0.000000000000000000e+00
2.413152884539459688e+14 0.000000000000000000e+00
2.416103196276238750e+14 0.000000000000000000e+00
2.419057115053171250e+14 0.000000000000000000e+00
2.422014645280205625e+14 0.000000000000000000e+00
2.424975791372690000e+14 0.000000000000000000e+00
2.427940557751370312e+14 0.000000000000000000e+00
2.430908948842390000e+14 0.000000000000000000e+00
2.433880969077311875e+14 0.000000000000000000e+00
2.436856622893115938e+14 0.000000000000000000e+00
2.439835914732199375e+14 0.000000000000000000e+00
2.442818849042399062e+14 0.000000000000000000e+00
2.445805430276988750e+14 0.000000000000000000e+00
2.448795662894679375e+14 0.000000000000000000e+00
2.451789551359641250e+14 0.000000000000000000e+00
2.454787100141501875e+14 0.000000000000000000e+00
2.457788313715346250e+14 0.000000000000000000e+00
2.460793196561737812e+14 0.000000000000000000e+00
2.463801753166718125e+14 0.000000000000000000e+00
2.466813988021805938e+14 0.000000000000000000e+00
2.469829905624017812e+14 0.000000000000000000e+00
2.472849510475870312e+14 0.000000000000000000e+00
2.475872807085375625e+14 0.000000000000000000e+00
2.478899799966065000e+14 0.000000000000000000e+00
2.481930493636988750e+14 0.000000000000000000e+00
2.484964892622714375e+14 0.000000000000000000e+00
2.488003001453348438e+14 0.000000000000000000e+00
2.491044824664535625e+14 0.000000000000000000e+00
2.494090366797459062e+14 0.000000000000000000e+00
2.497139632398861250e+14 0.000000000000000000e+00
2.500192626021043125e+14 0.000000000000000000e+00
2.503249352221864062e+14 0.000000000000000000e+00
2.506309815564763438e+14 0.000000000000000000e+00
2.509374020618760000e+14 0.000000000000000000e+00
2.512441971958450000e+14 0.000000000000000000e+00
2.515513674164031562e+14 0.000000000000000000e+00
2.518589131821302188e+14 0.000000000000000000e+00
2.521668349521657188e+14 0.000000000000000000e+00
2.524751331862114375e+14 0.000000000000000000e+00
2.527838083445311250e+14 0.000000000000000000e+00
2.530928608879504375e+14 0.000000000000000000e+00
2.534022912778592812e+14 0.000000000000000000e+00
2.537120999762116562e+14 0.000000000000000000e+00
2.540222874455255000e+14 0.000000000000000000e+00
2.543328541488850625e+14 0.000000000000000000e+00
2.546438005499407188e+14 0.000000000000000000e+00
2.549551271129089375e+14 0.000000000000000000e+00
2.552668343025745625e+14 0.000000000000000000e+00
2.555789225842905625e+14 0.000000000000000000e+00
2.558913924239782188e+14 0.000000000000000000e+00
2.562042442881290625e+14 0.000000000000000000e+00
2.565174786438051250e+14 0.000000000000000000e+00
2.568310959586385625e+14 0.000000000000000000e+00
2.571450967008340625e+14 0.000000000000000000e+00
2.574594813391688125e+14 0.000000000000000000e+00
2.577742503429921562e+14 0.000000000000000000e+00
2.580894041822282812e+14 0.000000000000000000e+00
2.584049433273758125e+14 0.000000000000000000e+00
2.587208682495076875e+14 0.000000000000000000e+00
2.590371794202740625e+14 0.000000000000000000e+00
2.593538773119004688e+14 0.000000000000000000e+00
2.596709623971906250e+14 0.000000000000000000e+00
2.599884351495264688e+14 0.000000000000000000e+00
2.603062960428675938e+14 0.000000000000000000e+00
2.606245455517541250e+14 0.000000000000000000e+00
2.609431841513062500e+14 0.000000000000000000e+00
2.612622123172241250e+14 0.000000000000000000e+00
2.615816305257905000e+14 0.000000000000000000e+00
2.619014392538703125e+14 0.000000000000000000e+00
2.622216389789107188e+14 0.000000000000000000e+00
2.625422301789435000e+14 0.000000000000000000e+00
2.628632133325846875e+14 0.000000000000000000e+00
2.631845889190347500e+14 0.000000000000000000e+00
2.635063574180809375e+14 0.000000000000000000e+00
2.638285193100969688e+14 0.000000000000000000e+00
2.641510750760430000e+14 0.000000000000000000e+00
2.644740251974682812e+14 0.000000000000000000e+00
2.647973701565104688e+14 0.000000000000000000e+00
2.651211104358960625e+14 0.000000000000000000e+00
2.654452465189425625e+14 0.000000000000000000e+00
2.657697788895582812e+14 0.000000000000000000e+00
2.660947080322424062e+14 0.000000000000000000e+00
2.664200344320872188e+14 0.000000000000000000e+00
2.667457585747780938e+14 0.000000000000000000e+00
2.670718809465935312e+14 0.000000000000000000e+00
2.673984020344071875e+14 0.000000000000000000e+00
2.677253223256879688e+14 0.000000000000000000e+00
2.680526423085000938e+14 0.000000000000000000e+00
2.683803624715051875e+14 0.000000000000000000e+00
2.687084833039622812e+14 0.000000000000000000e+00
2.690370052957279062e+14 0.000000000000000000e+00
2.693659289372580938e+14 0.000000000000000000e+00
2.696952547196087812e+14 0.000000000000000000e+00
2.700249831344351562e+14 0.000000000000000000e+00
2.703551146739945312e+14 0.000000000000000000e+00
2.706856498311459062e+14 0.000000000000000000e+00
2.710165890993501875e+14 0.000000000000000000e+00
2.713479329726722500e+14 0.000000000000000000e+00
2.716796819457811562e+14 0.000000000000000000e+00
2.720118365139497812e+14 0.000000000000000000e+00
2.723443971730574062e+14 0.000000000000000000e+00
2.726773644195896562e+14 0.000000000000000000e+00
2.730107387506381562e+14 0.000000000000000000e+00
2.733445206639032812e+14 0.000000000000000000e+00
2.736787106576937188e+14 0.000000000000000000e+00
2.740133092309267188e+14 0.000000000000000000e+00
2.743483168831302188e+14 0.000000000000000000e+00
2.746837341144429375e+14 0.000000000000000000e+00
2.750195614256142500e+14 0.000000000000000000e+00
2.753557993180065312e+14 0.000000000000000000e+00
2.756924482935950625e+14 0.000000000000000000e+00
2.760295088549681875e+14 0.000000000000000000e+00
2.763669815053293125e+14 0.000000000000000000e+00
2.767048667484972812e+14 0.000000000000000000e+00
2.770431650889059375e+14 0.000000000000000000e+00
2.773818770316066875e+14 0.000000000000000000e+00
2.777210030822684062e+14 0.000000000000000000e+00
2.780605437471774688e+14 0.000000000000000000e+00
2.784004995332399062e+14 0.000000000000000000e+00
2.787408709479816562e+14 0.000000000000000000e+00
2.790816584995481562e+14 0.000000000000000000e+00
2.794228626967070625e+14 0.000000000000000000e+00
2.797644840488480312e+14 0.000000000000000000e+00
2.801065230659825625e+14 0.000000000000000000e+00
2.804489802587466875e+14 0.000000000000000000e+00
2.807918561384005938e+14 0.000000000000000000e+00
2.811351512168287812e+14 0.000000000000000000e+00
2.814788660065423125e+14 0.000000000000000000e+00
2.818230010206790625e+14 0.000000000000000000e+00
2.821675567730031875e+14 0.000000000000000000e+00
2.825125337779079375e+14 0.000000000000000000e+00
2.828579325504154375e+14 0.000000000000000000e+00
2.832037536061766250e+14 0.000000000000000000e+00
2.835499974614736875e+14 0.000000000000000000e+00
2.838966646332201250e+14 0.000000000000000000e+00
2.842437556389604375e+14 0.000000000000000000e+00
2.845912709968726875e+14 0.000000000000000000e+00
2.849392112257686875e+14 0.000000000000000000e+00
2.852875768450934375e+14 0.000000000000000000e+00
2.856363683749281250e+14 0.000000000000000000e+00
2.859855863359894375e+14 0.000000000000000000e+00
2.863352312496302500e+14 0.000000000000000000e+00
2.866853036378415625e+14 0.000000000000000000e+00
2.870358040232518125e+14 0.000000000000000000e+00
2.873867329291289375e+14 0.000000000000000000e+00
2.877380908793807500e+14 0.000000000000000000e+00
2.880898783985548125e+14 0.000000000000000000e+00
2.884420960118407500e+14 0.000000000000000000e+00
2.887947442450702500e+14 0.000000000000000000e+00
2.891478236247171875e+14 0.000000000000000000e+00
2.895013346778998125e+14 0.000000000000000000e+00
2.898552779323808125e+14 0.000000000000000000e+00
2.902096539165673750e+14 0.000000000000000000e+00
2.905644631595135000e+14 0.000000000000000000e+00
2.909197061909200000e+14 0.000000000000000000e+00
2.912753835411345000e+14 0.000000000000000000e+00
2.916314957411537500e+14 0.000000000000000000e+00
2.919880433226239375e+14 0.000000000000000000e+00
2.923450268178401250e+14 0.000000000000000000e+00
2.927024467597491250e+14 0.000000000000000000e+00
2.930603036819493750e+14 0.000000000000000000e+00
2.934185981186908125e+14 0.000000000000000000e+00
2.937773306048772500e+14 0.000000000000000000e+00
2.941365016760666875e+14 0.000000000000000000e+00
2.944961118684709375e+14 0.000000000000000000e+00
2.948561617189582500e+14 0.000000000000000000e+00
2.952166517650531875e+14 0.000000000000000000e+00
2.955775825449366875e+14 0.000000000000000000e+00
2.959389545974486875e+14 0.000000000000000000e+00
2.963007684620876250e+14 0.000000000000000000e+00
2.966630246790106875e+14 0.000000000000000000e+00
2.970257237890365625e+14 0.000000000000000000e+00
2.973888663336450000e+14 0.000000000000000000e+00
2.977524528549768750e+14 0.000000000000000000e+00
2.981164838958367500e+14 0.000000000000000000e+00
2.984809599996928125e+14 0.000000000000000000e+00
2.988458817106768125e+14 0.000000000000000000e+00
2.992112495735867500e+14 0.000000000000000000e+00
2.995770641338865625e+14 0.000000000000000000e+00
2.999433259377062500e+14 0.000000000000000000e+00
3.003100355318443125e+14 0.000000000000000000e+00
3.006771934637678750e+14 0.000000000000000000e+00
3.010448002816124375e+14 0.000000000000000000e+00
3.014128565341845000e+14 0.000000000000000000e+00
3.017813627709617500e+14 0.000000000000000000e+00
3.021503195420924375e+14 0.000000000000000000e+00
3.025197273983985000e+14 0.000000000000000000e+00
3.028895868913754375e+14 0.000000000000000000e+00
3.032598985731917500e+14 0.000000000000000000e+00
3.036306629966923750e+14 0.000000000000000000e+00
3.040018807153976250e+14 0.000000000000000000e+00
3.043735522835041875e+14 0.000000000000000000e+00
3.047456782558868750e+14 0.000000000000000000e+00
3.051182591880988125e+14 0.000000000000000000e+00
3.054912956363718125e+14 0.000000000000000000e+00
3.058647881576183125e+14 0.000000000000000000e+00
3.062387373094316875e+14 0.000000000000000000e+00
3.066131436500862500e+14 0.000000000000000000e+00
3.069880077385396875e+14 0.000000000000000000e+00
3.073633301344330000e+14 0.000000000000000000e+00
3.077391113980905625e+14 0.000000000000000000e+00
3.081153520905227500e+14 0.000000000000000000e+00
3.084920527734256875e+14 0.000000000000000000e+00
3.088692140091814375e+14 0.000000000000000000e+00
3.092468363608605625e+14 0.000000000000000000e+00
3.096249203922220000e+14 0.000000000000000000e+00
3.100034666677128750e+14 0.000000000000000000e+00
3.103824757524715000e+14 0.000000000000000000e+00
3.107619482123271250e+14 0.000000000000000000e+00
3.111418846137997500e+14 0.000000000000000000e+00
3.115222855241030000e+14 0.000000000000000000e+00
3.119031515111438750e+14 0.000000000000000000e+00
3.122844831435230000e+14 0.000000000000000000e+00
3.126662809905368125e+14 0.000000000000000000e+00
3.130485456221780000e+14 0.000000000000000000e+00
3.134312776091349375e+14 0.000000000000000000e+00
3.138144775227949375e+14 0.000000000000000000e+00
3.141981459352437500e+14 0.000000000000000000e+00
3.145822834192655625e+14 0.000000000000000000e+00
3.149668905483459375e+14 0.000000000000000000e+00
3.153519678966713750e+14 0.000000000000000000e+00
3.157375160391296250e+14 0.000000000000000000e+00
3.161235355513124375e+14 0.000000000000000000e+00
3.165100270095140625e+14 0.000000000000000000e+00
3.168969909907343125e+14 0.000000000000000000e+00
3.172844280726783125e+14 0.000000000000000000e+00
3.176723388337566875e+14 0.000000000000000000e+00
3.180607238530880000e+14 0.000000000000000000e+00
3.184495837104990625e+14 0.000000000000000000e+00
3.188389189865243750e+14 0.000000000000000000e+00
3.192287302624093750e+14 0.000000000000000000e+00
3.196190181201100625e+14 0.000000000000000000e+00
3.200097831422928750e+14 0.000000000000000000e+00
3.204010259123376875e+14 0.000000000000000000e+00
3.207927470143375625e+14 0.000000000000000000e+00
3.211849470330988125e+14 0.000000000000000000e+00
3.215776265541435000e+14 0.000000000000000000e+00
3.219707861637096250e+14 0.000000000000000000e+00
3.223644264487511250e+14 0.000000000000000000e+00
3.227585479969403125e+14 0.000000000000000000e+00
3.231531513966680000e+14 0.000000000000000000e+00
3.235482372370435000e+14 0.000000000000000000e+00
3.239438061078971875e+14 0.000000000000000000e+00
3.243398585997807500e+14 0.000000000000000000e+00
3.247363953039667500e+14 0.000000000000000000e+00
3.251334168124516875e+14 0.000000000000000000e+00
3.255309237179558125e+14 0.000000000000000000e+00
3.259289166139231250e+14 0.000000000000000000e+00
3.263273960945240000e+14 0.000000000000000000e+00
3.267263627546553750e+14 0.000000000000000000e+00
3.271258171899403750e+14 0.000000000000000000e+00
3.275257599967316250e+14 0.000000000000000000e+00
3.279261917721104375e+14 0.000000000000000000e+00
3.283271131138874375e+14 0.000000000000000000e+00
3.287285246206049375e+14 0.000000000000000000e+00
3.291304268915371875e+14 0.000000000000000000e+00
3.295328205266899375e+14 0.000000000000000000e+00
3.299357061268036875e+14 0.000000000000000000e+00
3.303390842933531875e+14 0.000000000000000000e+00
3.307429556285477500e+14 0.000000000000000000e+00
3.311473207353338125e+14 0.000000000000000000e+00
3.315521802173950625e+14 0.000000000000000000e+00
3.319575346791521875e+14 0.000000000000000000e+00
3.323633847257658125e+14 0.000000000000000000e+00
3.327697309631365000e+14 0.000000000000000000e+00
3.331765739979046250e+14 0.000000000000000000e+00
3.335839144374530625e+14 0.000000000000000000e+00
3.339917528899074375e+14 0.000000000000000000e+00
3.344000899641357500e+14 0.000000000000000000e+00
3.348089262697515625e+14 0.000000000000000000e+00
3.352182624171135625e+14 0.000000000000000000e+00
3.356280990173257500e+14 0.000000000000000000e+00
3.360384366822403125e+14 0.000000000000000000e+00
3.364492760244573750e+14 0.000000000000000000e+00
3.368606176573250625e+14 0.000000000000000000e+00
3.372724621949423750e+14 0.000000000000000000e+00
3.376848102521591875e+14 0.000000000000000000e+00
3.380976624445760000e+14 0.000000000000000000e+00
3.385110193885468750e+14 0.000000000000000000e+00
3.389248817011796250e+14 0.000000000000000000e+00
3.393392500003354375e+14 0.000000000000000000e+00
3.397541249046318125e+14 0.000000000000000000e+00
3.401695070334426875e+14 0.000000000000000000e+00
3.405853970068981875e+14 0.000000000000000000e+00
3.410017954458875625e+14 0.000000000000000000e+00
3.414187029720593750e+14 0.000000000000000000e+00
3.418361202078208125e+14 0.000000000000000000e+00
3.422540477763415000e+14 0.000000000000000000e+00
3.426724863015525625e+14 0.000000000000000000e+00
3.430914364081471875e+14 0.000000000000000000e+00
3.435108987215830625e+14 0.000000000000000000e+00
3.439308738680827500e+14 0.000000000000000000e+00
3.443513624746333750e+14 0.000000000000000000e+00
3.447723651689897500e+14 0.000000000000000000e+00
3.451938825796738750e+14 0.000000000000000000e+00
3.456159153359753750e+14 0.000000000000000000e+00
3.460384640679543125e+14 0.000000000000000000e+00
3.464615294064408750e+14 0.000000000000000000e+00
3.468851119830356250e+14 0.000000000000000000e+00
3.473092124301122500e+14 0.000000000000000000e+00
3.477338313808177500e+14 0.000000000000000000e+00
3.481589694690718750e+14 0.000000000000000000e+00
3.485846273295706250e+14 0.000000000000000000e+00
3.490108055977860625e+14 0.000000000000000000e+00
3.494375049099659375e+14 0.000000000000000000e+00
3.498647259031374375e+14 0.000000000000000000e+00
3.502924692151050000e+14 0.000000000000000000e+00
3.507207354844541250e+14 0.000000000000000000e+00
3.511495253505507500e+14 0.000000000000000000e+00
3.515788394535416875e+14 0.000000000000000000e+00
3.520086784343575000e+14 0.000000000000000000e+00
3.524390429347120000e+14 0.000000000000000000e+00
3.528699335971027500e+14 0.000000000000000000e+00
3.533013510648140000e+14 0.000000000000000000e+00
3.537332959819161875e+14 0.000000000000000000e+00
3.541657689932663125e+14 0.000000000000000000e+00
3.545987707445108125e+14 0.000000000000000000e+00
3.550323018820854375e+14 0.000000000000000000e+00
3.554663630532151875e+14 0.000000000000000000e+00
3.559009549059176250e+14 0.000000000000000000e+00
3.563360780890022500e+14 0.000000000000000000e+00
3.567717332520710000e+14 0.000000000000000000e+00
3.572079210455209375e+14 0.000000000000000000e+00
3.576446421205443750e+14 0.000000000000000000e+00
3.580818971291286250e+14 0.000000000000000000e+00
3.585196867240592500e+14 0.000000000000000000e+00
3.589580115589199375e+14 0.000000000000000000e+00
3.593968722880921875e+14 0.000000000000000000e+00
3.598362695667588750e+14 0.000000000000000000e+00
3.602762040509036875e+14 0.000000000000000000e+00
3.607166763973113750e+14 0.000000000000000000e+00
3.611576872635707500e+14 0.000000000000000000e+00
3.615992373080744375e+14 0.000000000000000000e+00
3.620413271900191250e+14 0.000000000000000000e+00
3.624839575694083125e+14 0.000000000000000000e+00
3.629271291070525625e+14 0.000000000000000000e+00
3.633708424645692500e+14 0.000000000000000000e+00
3.638150983043856875e+14 0.000000000000000000e+00
3.642598972897391250e+14 0.000000000000000000e+00
3.647052400846764375e+14 0.000000000000000000e+00
3.651511273540576250e+14 0.000000000000000000e+00
3.655975597635555000e+14 0.000000000000000000e+00
3.660445379796556250e+14 0.000000000000000000e+00
3.664920626696593750e+14 0.000000000000000000e+00
3.669401345016841875e+14 0.000000000000000000e+00
3.673887541446631250e+14 0.000000000000000000e+00
3.678379222683481875e+14 0.000000000000000000e+00
3.682876395433101250e+14 0.000000000000000000e+00
3.687379066409386250e+14 0.000000000000000000e+00
3.691887242334450625e+14 0.000000000000000000e+00
3.696400929938629375e+14 0.000000000000000000e+00
3.700920135960472500e+14 0.000000000000000000e+00
3.705444867146781875e+14 0.000000000000000000e+00
3.709975130252605000e+14 0.000000000000000000e+00
3.714510932041239375e+14 0.000000000000000000e+00
3.719052279284261875e+14 0.000000000000000000e+00
3.723599178761528750e+14 0.000000000000000000e+00
3.728151637261172500e+14 0.000000000000000000e+00
3.732709661579636875e+14 0.000000000000000000e+00
3.737273258521676250e+14 0.000000000000000000e+00
3.741842434900350625e+14 0.000000000000000000e+00
3.746417197537062500e+14 0.000000000000000000e+00
3.750997553261553750e+14 0.000000000000000000e+00
3.755583508911906250e+14 0.000000000000000000e+00
3.760175071334571250e+14 0.000000000000000000e+00
3.764772247384371875e+14 0.000000000000000000e+00
3.769375043924500000e+14 0.000000000000000000e+00
3.773983467826550625e+14 0.000000000000000000e+00
3.778597525970518125e+14 0.000000000000000000e+00
3.783217225244798750e+14 0.000000000000000000e+00
3.787842572546221875e+14 0.000000000000000000e+00
3.792473574780046875e+14 0.000000000000000000e+00
3.797110238859966250e+14 0.000000000000000000e+00
3.801752571708136250e+14 0.000000000000000000e+00
3.806400580255175000e+14 0.000000000000000000e+00
3.811054271440163125e+14 0.000000000000000000e+00
3.815713652210676250e+14 0.000000000000000000e+00
3.820378729522785000e+14 0.000000000000000000e+00
3.825049510341051875e+14 0.000000000000000000e+00
3.829726001638566250e+14 0.000000000000000000e+00
3.834408210396943125e+14 0.000000000000000000e+00
3.839096143606319375e+14 0.000000000000000000e+00
3.843789808265393750e+14 0.000000000000000000e+00
3.848489211381417500e+14 0.000000000000000000e+00
3.853194359970200000e+14 0.000000000000000000e+00
3.857905261056137500e+14 0.000000000000000000e+00
3.862621921672216875e+14 0.000000000000000000e+00
3.867344348860010000e+14 0.000000000000000000e+00
3.872072549669713750e+14 0.000000000000000000e+00
3.876806531160128750e+14 0.000000000000000000e+00
3.881546300398697500e+14 0.000000000000000000e+00
3.886291864461503750e+14 0.000000000000000000e+00
3.891043230433270000e+14 0.000000000000000000e+00
3.895800405407392500e+14 0.000000000000000000e+00
3.900563396485939375e+14 0.000000000000000000e+00
3.905332210779651250e+14 0.000000000000000000e+00
3.910106855407973125e+14 0.000000000000000000e+00
3.914887337499053750e+14 0.000000000000000000e+00
3.919673664189745000e+14 0.000000000000000000e+00
3.924465842625638125e+14 0.000000000000000000e+00
3.929263879961058750e+14 0.000000000000000000e+00
3.934067783359066250e+14 0.000000000000000000e+00
3.938877559991492500e+14 0.000000000000000000e+00
3.943693217038935000e+14 0.000000000000000000e+00
3.948514761690759375e+14 0.000000000000000000e+00
3.953342201145133125e+14 0.000000000000000000e+00
3.958175542609023750e+14 0.000000000000000000e+00
3.963014793298198750e+14 0.000000000000000000e+00
3.967859960437258750e+14 0.000000000000000000e+00
3.972711051259636250e+14 0.000000000000000000e+00
3.977568073007597500e+14 0.000000000000000000e+00
3.982431032932273750e+14 0.000000000000000000e+00
3.987299938293661875e+14 0.000000000000000000e+00
3.992174796360622500e+14 0.000000000000000000e+00
3.997055614410915625e+14 0.000000000000000000e+00
4.001942399731198125e+14 0.000000000000000000e+00
4.006835159617025000e+14 0.000000000000000000e+00
4.011733901372880625e+14 0.000000000000000000e+00
4.016638632312181875e+14 0.000000000000000000e+00
4.021549359757274375e+14 0.000000000000000000e+00
4.026466091039466875e+14 0.000000000000000000e+00
4.031388833499033125e+14 0.000000000000000000e+00
4.036317594485207500e+14 0.000000000000000000e+00
4.041252381356223125e+14 0.000000000000000000e+00
4.046193201479307500e+14 0.000000000000000000e+00
4.051140062230684375e+14 0.000000000000000000e+00
4.056092970995607500e+14 0.000000000000000000e+00
4.061051935168360625e+14 0.000000000000000000e+00
4.066016962152252500e+14 0.000000000000000000e+00
4.070988059359660000e+14 0.000000000000000000e+00
4.075965234212018750e+14 0.000000000000000000e+00
4.080948494139826875e+14 0.000000000000000000e+00
4.085937846582678750e+14 0.000000000000000000e+00
4.090933298989265000e+14 0.000000000000000000e+00
4.095934858817370000e+14 0.000000000000000000e+00
4.100942533533909375e+14 0.000000000000000000e+00
4.105956330614926875e+14 0.000000000000000000e+00
4.110976257545593125e+14 0.000000000000000000e+00
4.116002321820245000e+14 0.000000000000000000e+00
4.121034530942380625e+14 0.000000000000000000e+00
4.126072892424658750e+14 0.000000000000000000e+00
4.131117413788935625e+14 0.000000000000000000e+00
4.136168102566265625e+14 0.000000000000000000e+00
4.141224966296895625e+14 0.000000000000000000e+00
4.146288012530305000e+14 0.000000000000000000e+00
4.151357248825203125e+14 0.000000000000000000e+00
4.156432682749527500e+14 0.000000000000000000e+00
4.161514321880480625e+14 0.000000000000000000e+00
4.166602173804529375e+14 0.000000000000000000e+00
4.171696246117403750e+14 0.000000000000000000e+00
4.176796546424131250e+14 0.000000000000000000e+00
4.181903082339039375e+14 0.000000000000000000e+00
4.187015861485750000e+14 0.000000000000000000e+00
4.192134891497219375e+14 0.000000000000000000e+00
4.197260180015736875e+14 0.000000000000000000e+00
4.202391734692919375e+14 0.000000000000000000e+00
4.207529563189755000e+14 0.000000000000000000e+00
4.212673673176596250e+14 0.000000000000000000e+00
4.217824072333161250e+14 0.000000000000000000e+00
4.222980768348568750e+14 0.000000000000000000e+00
4.228143768921340000e+14 0.000000000000000000e+00
4.233313081759395000e+14 0.000000000000000000e+00
4.238488714580088750e+14 0.000000000000000000e+00
4.243670675110214375e+14 0.000000000000000000e+00
4.248858971085996875e+14 0.000000000000000000e+00
4.254053610253131875e+14 0.000000000000000000e+00
4.259254600366786875e+14 0.000000000000000000e+00
4.264461949191597500e+14 0.000000000000000000e+00
4.269675664501706875e+14 0.000000000000000000e+00
4.274895754080748750e+14 0.000000000000000000e+00
4.280122225721885625e+14 0.000000000000000000e+00
4.285355087227805625e+14 0.000000000000000000e+00
4.290594346410725625e+14 0.000000000000000000e+00
4.295840011092426875e+14 0.000000000000000000e+00
4.301092089104252500e+14 0.000000000000000000e+00
4.306350588287106250e+14 0.000000000000000000e+00
4.311615516491493125e+14 0.000000000000000000e+00
4.316886881577515000e+14 0.000000000000000000e+00
4.322164691414871250e+14 0.000000000000000000e+00
4.327448953882894375e+14 0.000000000000000000e+00
4.332739676870551250e+14 0.000000000000000000e+00
4.338036868276440625e+14 0.000000000000000000e+00
4.343340536008831250e+14 0.000000000000000000e+00
4.348650687985660000e+14 0.000000000000000000e+00
4.353967332134530000e+14 0.000000000000000000e+00
4.359290476392752500e+14 0.000000000000000000e+00
4.364620128707341250e+14 0.000000000000000000e+00
4.369956297035012500e+14 0.000000000000000000e+00
4.375298989342223750e+14 0.000000000000000000e+00
4.380648213605173750e+14 0.000000000000000000e+00
4.386003977809796875e+14 0.000000000000000000e+00
4.391366289951806875e+14 0.000000000000000000e+00
4.396735158036691875e+14 0.000000000000000000e+00
4.402110590079714375e+14 0.000000000000000000e+00
4.407492594105948750e+14 0.000000000000000000e+00
4.412881178150283750e+14 0.000000000000000000e+00
4.418276350257414375e+14 0.000000000000000000e+00
4.423678118481886250e+14 0.000000000000000000e+00
4.429086490888093125e+14 0.000000000000000000e+00
4.434501475550273125e+14 0.000000000000000000e+00
4.439923080552550625e+14 0.000000000000000000e+00
4.445351313988933750e+14 0.000000000000000000e+00
4.450786183963312500e+14 0.000000000000000000e+00
4.456227698589496875e+14 0.000000000000000000e+00
4.461675865991219375e+14 0.000000000000000000e+00
4.467130694302128750e+14 0.000000000000000000e+00
4.472592191665832500e+14 0.000000000000000000e+00
4.478060366235894375e+14 0.000000000000000000e+00
4.483535226175832500e+14 0.000000000000000000e+00
4.489016779659160000e+14 0.000000000000000000e+00
4.494505034869382500e+14 0.000000000000000000e+00
