1.000000000000000000e+12 5.767921630225067565e-18
1.001222596278786133e+12 5.768419553832146831e-18
1.002446687299233276e+12 5.768682670503470109e-18
1.003672274888806763e+12 5.768682670503470109e-18
1.004899360877206543e+12 5.768682670503470109e-18
1.006127947096369507e+12 5.814086076866009985e-18
1.007358035380472534e+12 5.852495362970690876e-18
1.008589627565933838e+12 5.884582918703117508e-18
1.009822725491418213e+12 5.910951572519071056e-18
1.011057330997837891e+12 5.948611585084156637e-18
1.012293445928355225e+12 5.960969067119420284e-18
1.013531072128386719e+12 5.969880412522986569e-18
1.014770211445605225e+12 5.976070460939757079e-18
1.016010865729941650e+12 5.980033324854707095e-18
1.017253036833589233e+12 5.983602888821185319e-18
1.018496726611005859e+12 5.984382591569864138e-18
1.019741936918916504e+12 5.984899201461116180e-18
1.020988669616315796e+12 5.985172192484288145e-18
1.022236926564471313e+12 5.985172192484288145e-18
1.023486709626926880e+12 5.985172192484288145e-18
1.024738020669503784e+12 6.032279516760355895e-18
1.025990861560305054e+12 6.072130242525246807e-18
1.027245234169717407e+12 6.105421993391783770e-18
1.028501140370413818e+12 6.132780221012703064e-18
1.029758582037358032e+12 6.154774858218846539e-18
1.031017561047805176e+12 6.184674792948589352e-18
1.032278079281305298e+12 6.193920567027957120e-18
1.033540138619707153e+12 6.200342918155647044e-18
1.034803740947159790e+12 6.204454502075427813e-18
1.036068888150115723e+12 6.206864614590646219e-18
1.037335582117333984e+12 6.208966989880374230e-18
1.038603824739883179e+12 6.209502987322440616e-18
1.039873617911143188e+12 6.209786223266245838e-18
1.041144963526809326e+12 6.209786223266245838e-18
1.042417863484894165e+12 6.209786223266245838e-18
1.043692319685731079e+12 6.209786223266245838e-18
1.044968334031976440e+12 6.300007671167864077e-18
1.046245908428613281e+12 6.334548808704229192e-18
1.047525044782953369e+12 6.362933747267350721e-18
1.048805745004640137e+12 6.385753808364332630e-18
1.050088011005652466e+12 6.416775840277545047e-18
1.051371844700306030e+12 6.426368593611123712e-18
1.052657248005256958e+12 6.433031965402461349e-18
1.053944222839505493e+12 6.437297850553254183e-18
1.055232771124397217e+12 6.439798410773112597e-18
1.056522894783627197e+12 6.441979684876918738e-18
1.057814595743241821e+12 6.442535797453867738e-18
1.059107875931643188e+12 6.442829662793947420e-18
1.060402737279590332e+12 6.442829662793947420e-18
1.061699181720203003e+12 6.442829662793947420e-18
1.062997211188964478e+12 6.442829662793947420e-18
1.064296827623724121e+12 6.536436978708120874e-18
1.065598032964700806e+12 6.572274390416778068e-18
1.066900829154485229e+12 6.601724570757264531e-18
1.068205218138043457e+12 6.625401032596088226e-18
1.069511201862718872e+12 6.643785654702162615e-18
1.070818782278236450e+12 6.667540026391978565e-18
1.072127961336704102e+12 6.674453463970651480e-18
1.073438740992616943e+12 6.678879441033215044e-18
1.074751123202859497e+12 6.681473843316782715e-18
1.076065109926708496e+12 6.683736977182168809e-18
1.077380703125836426e+12 6.684313959783147710e-18
1.078697904764314209e+12 6.684618853423903590e-18
1.080016716808613159e+12 6.684618853423903590e-18
1.081337141227610229e+12 6.684618853423903590e-18
1.082659179992588379e+12 6.684618853423903590e-18
1.083982835077241089e+12 6.737231292609125040e-18
1.085308108457674561e+12 6.818921436610414315e-18
1.086635002112411377e+12 6.849476835564633764e-18
1.087963518022392822e+12 6.874041837508443264e-18
1.089293658170982056e+12 6.893116405357572662e-18
1.090625424543967285e+12 6.917762240985659304e-18
1.091958819129564209e+12 6.924935128924516774e-18
1.093293843918419678e+12 6.929527205894686039e-18
1.094630500903614136e+12 6.932218971985949145e-18
1.095968792080664917e+12 6.933663535790387040e-18
1.097308719447528442e+12 6.935165673524036747e-18
1.098650285004604492e+12 6.935482009340123250e-18
1.099993490754738281e+12 6.935482009340123250e-18
1.101338338703224121e+12 6.935482009340123250e-18
1.102684830857807129e+12 6.935482009340123250e-18
1.104032969228687988e+12 6.990068910020287215e-18
1.105382755828524170e+12 7.074824755713890705e-18
1.106734192672434570e+12 7.106526850385548795e-18
1.108087281778001221e+12 7.132013737936877030e-18
1.109442025165273193e+12 7.151804144099796682e-18
1.110798424856769287e+12 7.166661105252218928e-18
1.112156482877480469e+12 7.184816973955558335e-18
1.113516201254874512e+12 7.189581384299732047e-18
1.114877582018896729e+12 7.192374168108153184e-18
1.116240627201975098e+12 7.193872944103720580e-18
1.117605338839022461e+12 7.195431454686853049e-18
1.118971718967438477e+12 7.195759662084985689e-18
1.120339769627114990e+12 7.195759662084985689e-18
1.121709492860437256e+12 7.195759662084985689e-18
1.123080890712287354e+12 7.195759662084985689e-18
1.124453965230048096e+12 7.252395122672090240e-18
1.125828718463604736e+12 7.340331720985890478e-18
1.127205152465348877e+12 7.373223545048689575e-18
1.128583269290181641e+12 7.399666915113948920e-18
1.129963070995515869e+12 7.420200023868559793e-18
1.131344559641280762e+12 7.435614543236901326e-18
1.132727737289923340e+12 7.454451772930479322e-18
1.134112606006411621e+12 7.459394984047175500e-18
1.135499167858239746e+12 7.462292576607649685e-18
1.136887424915427979e+12 7.463847599291995660e-18
1.138277379250528320e+12 7.464820187646707145e-18
1.139669032938626221e+12 7.465805122810192212e-18
1.141062388057344971e+12 7.465805122810192212e-18
1.142457446686846680e+12 7.465805122810192212e-18
1.143854210909837402e+12 7.465805122810192212e-18
1.145252682811569824e+12 7.524566022512255635e-18
1.146652864479844971e+12 7.574275160861996380e-18
1.148054758005017578e+12 7.649928944166438229e-18
1.149458365479997314e+12 7.677364692019136716e-18
1.150863689000252930e+12 7.698668375817124640e-18
1.152270730663814453e+12 7.714661377677955938e-18
1.153679492571278320e+12 7.734205538760333567e-18
1.155089976825807861e+12 7.739334260759293091e-18
1.156502185533138428e+12 7.742340595378249527e-18
1.157916120801579102e+12 7.743953975600500510e-18
1.159331784742017578e+12 7.744963063655407772e-18
1.160749179467921631e+12 7.745984961875261338e-18
1.162168307095343262e+12 7.745984961875261338e-18
1.163589169742921143e+12 7.745984961875261338e-18
1.165011769531884766e+12 7.745984961875261338e-18
1.166436108586056396e+12 7.806951065055182728e-18
1.167862189031855713e+12 7.858525708618867903e-18
1.169290012998301025e+12 7.937018658561365162e-18
1.170719582617014404e+12 7.965484026567758131e-18
1.172150900022224121e+12 7.987587203869774134e-18
1.173583967350767090e+12 8.004180397754616822e-18
1.175018786742093262e+12 8.016146240119122156e-18
1.176455360338267822e+12 8.029779215051662253e-18
1.177893690283975586e+12 8.032898372646284473e-18
1.179333778726522461e+12 8.034572300472388890e-18
1.180775627815840088e+12 8.035619258003418419e-18
1.182219239704489258e+12 8.036312943663969108e-18
1.183664616547661377e+12 8.036679506444589682e-18
1.185111760503183350e+12 8.036679506444589682e-18
1.186560673731520264e+12 8.036679506444589682e-18
1.188011358395778320e+12 8.099933570895451243e-18
1.189463816661708740e+12 8.153443729128459825e-18
1.190918050697710205e+12 8.198146725686978167e-18
1.192374062674832520e+12 8.264416023308532098e-18
1.193831854766779785e+12 8.287348697839236092e-18
1.195291429149913818e+12 8.304564608003939632e-18
1.196752788003257568e+12 8.316979509476311528e-18
1.198215933508497314e+12 8.331124108360954706e-18
1.199680867849987061e+12 8.334360322998791421e-18
1.201147593214751465e+12 8.336097070684402108e-18
1.202616111792488770e+12 8.337183318873000388e-18
1.204086425775574463e+12 8.337903037457466399e-18
1.205558537359064453e+12 8.338283356758542192e-18
1.207032448740698730e+12 8.338283356758542192e-18
1.208508162120903076e+12 8.338283356758542192e-18
1.209985679702794922e+12 8.403911246042297083e-18
1.211465003692183838e+12 8.459429555743962309e-18
1.212946136297577637e+12 8.505810184945639275e-18
1.214429079730183105e+12 8.574566464324300957e-18
1.215913836203911133e+12 8.598359765800613944e-18
1.217400407935378418e+12 8.616221761800661388e-18
1.218888797143913086e+12 8.629102574857830198e-18
1.220379006051555420e+12 8.638049917022272891e-18
1.221871036883062500e+12 8.647135662777436856e-18
1.223364891865912354e+12 8.648937587852364897e-18
1.224860573230305176e+12 8.650064601214665462e-18
1.226358083209168457e+12 8.650811329697441404e-18
1.227857424038159424e+12 8.651205921779391461e-18
1.229358597955668213e+12 8.651205921779391461e-18
1.230861607202822754e+12 8.651205921779391461e-18
1.232366454023489502e+12 8.719296721781444649e-18
1.233873140664279541e+12 8.776898545695106742e-18
1.235381669374549805e+12 8.825019766435363470e-18
1.236892042406407715e+12 8.864564436695760669e-18
1.238404262014714111e+12 8.921042586444447847e-18
1.239918330457086182e+12 8.939574914857726023e-18
1.241434249993901611e+12 8.952939124423376488e-18
1.242952022888302002e+12 8.962222246165033103e-18
1.244471651406194824e+12 8.971648965564913442e-18
1.245993137816259033e+12 8.973518514033327324e-18
1.247516484389946289e+12 8.974687822421720441e-18
1.249041693401485840e+12 8.975462574441500593e-18
1.250568767127887207e+12 8.975871974939180120e-18
1.252097707848943848e+12 8.975871974939180120e-18
1.253628517847236572e+12 8.975871974939180120e-18
1.255161199408136963e+12 9.046518114797092014e-18
1.256695754819810059e+12 9.106281643910463215e-18
1.258232186373218994e+12 9.156208777832330667e-18
1.259770496362127930e+12 9.197237496921644475e-18
1.261310687083104736e+12 9.255835182158733887e-18
1.262852760835525879e+12 9.275062999498782520e-18
1.264396719921578125e+12 9.288928746678092238e-18
1.265942566646263672e+12 9.298560249272558267e-18
1.267490303317402344e+12 9.304726329326947601e-18
1.269039932245635742e+12 9.310280448178603887e-18
1.270591455744430176e+12 9.311493638858415968e-18
1.272144876130080811e+12 9.312297466094151050e-18
1.273700195721714355e+12 9.312722230743943888e-18
1.275257416841292969e+12 9.312722230743943888e-18
1.276816541813617432e+12 9.312722230743943888e-18
1.278377572966331299e+12 9.386019608314381433e-18
1.279940512629923584e+12 9.448025967999069031e-18
1.281505363137732666e+12 9.499826788163360086e-18
1.283072126825949463e+12 9.542395250083137557e-18
1.284640806033620850e+12 9.603192013617776780e-18
1.286211403102654541e+12 9.623141420482235089e-18
1.287783920377820312e+12 9.637527527187317071e-18
1.289358360206754639e+12 9.647520484816099761e-18
1.290934724939965332e+12 9.653917968086739533e-18
1.292513016930832764e+12 9.659680524220161214e-18
1.294093238535614990e+12 9.660939244024274310e-18
1.295675392113450928e+12 9.661773237622757033e-18
1.297259480026363770e+12 9.662213943016953179e-18
1.298845504639263916e+12 9.662213943016953179e-18
1.300433468319954102e+12 9.662213943016953179e-18
1.302023373439130859e+12 9.738262055051222266e-18
1.303615222370390381e+12 9.802595415185518490e-18
1.305209017490229248e+12 9.856340238068647986e-18
1.306804761178050781e+12 9.900506226928085962e-18
1.308402455816166992e+12 9.936013457706119754e-18
1.310002103789802734e+12 9.984282673185632749e-18
1.311603707487098145e+12 9.999208667685145467e-18
1.313207269299114014e+12 1.000957664518307282e-17
1.314812791619833984e+12 1.001621421586608288e-17
1.316420276846168701e+12 1.002010500162794101e-17
1.318029727377959473e+12 1.002349898916657276e-17
1.319641145617981201e+12 1.002436428122360893e-17
1.321254533971947021e+12 1.002482152559309167e-17
1.322869894848510498e+12 1.002482152559309167e-17
1.324487230659270264e+12 1.002482152559309167e-17
1.326106543818774170e+12 1.002482152559309167e-17
1.327727836744520996e+12 1.017047129202234511e-17
1.329351111856965576e+12 1.022623307296669978e-17
1.330976371579522217e+12 1.027205654142106764e-17
1.332603618338567627e+12 1.030889630232028414e-17
1.334232854563445312e+12 1.035897698498952136e-17
1.335864082686468750e+12 1.037446312841710841e-17
1.337497305142925293e+12 1.038522019968577099e-17
1.339132524371079346e+12 1.039210686788139380e-17
1.340769742812177246e+12 1.039614366866918131e-17
1.342408962910448242e+12 1.039966502718344457e-17
1.344050187113111816e+12 1.040056279228060186e-17
1.345693417870378174e+12 1.040103719630691384e-17
1.347338657635453369e+12 1.040103719630691384e-17
1.348985908864543213e+12 1.040103719630691384e-17
1.350635174016855957e+12 1.040103719630691384e-17
1.352286455554606689e+12 1.055215296773451951e-17
1.353939755943020508e+12 1.061000739998090512e-17
1.355595077650337158e+12 1.065755055061365282e-17
1.357252423147813477e+12 1.069577284937853243e-17
1.358911794909727295e+12 1.072545222138949510e-17
1.360573195413382568e+12 1.076380029458898673e-17
1.362236627139111084e+12 1.077496106170120313e-17
1.363902092570277588e+12 1.078210617564447116e-17
1.365569594193282715e+12 1.078629447117079755e-17
1.367239134497566895e+12 1.078994798069162742e-17
1.368910715975614502e+12 1.079087943749065889e-17
1.370584341122956543e+12 1.079137164514853482e-17
1.372260012438176025e+12 1.079137164514853482e-17
1.373937732422910156e+12 1.079137164514853482e-17
1.375617503581854004e+12 1.079137164514853482e-17
1.377299328422766357e+12 1.094815855208293684e-17
1.378983209456470947e+12 1.100818416951957853e-17
1.380669149196860840e+12 1.105751153927856898e-17
1.382357150160903809e+12 1.109716826036501779e-17
1.384047214868643799e+12 1.112796145219002707e-17
1.385739345843206543e+12 1.116774866782636554e-17
1.387433545610802002e+12 1.117932828084761759e-17
1.389129816700728760e+12 1.118674153959801609e-17
1.390828161645378174e+12 1.119108701522042472e-17
1.392528582980236816e+12 1.119341905915900046e-17
1.394231083243891846e+12 1.119584404806284850e-17
1.395935664978033691e+12 1.119635472749437782e-17
1.397642330727460693e+12 1.119635472749437782e-17
1.399351083040082275e+12 1.119635472749437782e-17
1.401061924466922119e+12 1.119635472749437782e-17
1.402774857562124268e+12 1.128447755769803823e-17
1.404489884882954590e+12 1.142130388243457153e-17
1.406207008989805420e+12 1.147248243023708862e-17
1.407926232446199219e+12 1.151362740524244694e-17
1.409647557818793457e+12 1.154557621677462935e-17
1.411370987677382568e+12 1.156956067913947907e-17
1.413096524594903564e+12 1.159887076113733624e-17
1.414824171147438965e+12 1.160656222774468529e-17
1.416553929914220703e+12 1.161107078218317666e-17
1.418285803477633545e+12 1.161349034403638570e-17
1.420019794423220459e+12 1.161600633893217183e-17
1.421755905339685059e+12 1.161653618335375760e-17
1.423494138818895508e+12 1.161653618335375760e-17
1.425234497455889404e+12 1.161653618335375760e-17
1.426976983848876709e+12 1.161653618335375760e-17
1.428721600599243896e+12 1.170796612377236160e-17
1.430468350311557861e+12 1.184992732371845668e-17
1.432217235593570068e+12 1.190302652134386661e-17
1.433968259056220215e+12 1.194571560208004988e-17
1.435721423313639648e+12 1.197886340189630446e-17
1.437476730983156494e+12 1.200374796313795353e-17
1.439234184685298340e+12 1.203415800608068542e-17
1.440993787043796387e+12 1.204213812124512466e-17
1.442755540685590088e+12 1.204681587458932265e-17
1.444519448240830322e+12 1.204932623876585745e-17
1.446285512342883789e+12 1.205089634509855517e-17
1.448053735628336426e+12 1.205248638360764798e-17
1.449824120736998047e+12 1.205248638360764798e-17
1.451596670311905518e+12 1.205248638360764798e-17
1.453371386999327148e+12 1.205248638360764798e-17
1.455148273448766846e+12 1.214734754484849659e-17
1.456927332312967529e+12 1.222759591769587221e-17
1.458708566247914795e+12 1.234972825012969244e-17
1.460491977912843018e+12 1.239401938443863142e-17
1.462277569970236328e+12 1.242841116866984155e-17
1.464065345085834473e+12 1.245422960807321659e-17
1.465855305928636230e+12 1.248578089175254691e-17
1.467647455170903320e+12 1.249406048799715358e-17
1.469441795488165283e+12 1.249891379001394600e-17
1.471238329559221924e+12 1.250151836418115110e-17
1.473037060066148682e+12 1.250314739411718345e-17
1.474837989694299561e+12 1.250479710425261071e-17
1.476641121132312256e+12 1.250479710425261071e-17
1.478446457072111084e+12 1.250479710425261071e-17
1.480254000208912109e+12 1.250479710425261071e-17
1.482063753241226074e+12 1.260321825459748139e-17
1.483875718870862549e+12 1.268647822174979213e-17
1.485689899802935059e+12 1.281319398714001607e-17
1.487506298745864258e+12 1.285914729755435196e-17
1.489324918411381836e+12 1.289482975096491311e-17
1.491145761514535156e+12 1.292161711549799107e-17
1.492968830773690674e+12 1.294093427550876576e-17
1.494794128910538086e+12 1.296294278524611045e-17
1.496621658650095459e+12 1.296797822399908071e-17
1.498451422720711914e+12 1.297068054370866206e-17
1.500283423854072021e+12 1.297237070855751170e-17
1.502117664785200684e+12 1.297349056593936887e-17
1.503954148252465820e+12 1.297408232970087981e-17
1.505792876997584473e+12 1.297408232970087981e-17
1.507633853765624512e+12 1.297408232970087981e-17
1.509477081305010254e+12 1.307619706990118332e-17
1.511322562367526611e+12 1.316258165172178136e-17
1.513170299708322754e+12 1.323474831673180635e-17
1.515020296085915771e+12 1.334173072440204338e-17
1.516872554262195801e+12 1.337875228376160338e-17
1.518727077002429688e+12 1.340654493564954821e-17
1.520583867075264648e+12 1.342658703807362978e-17
1.522442927252733154e+12 1.344942149231593372e-17
1.524304260310256592e+12 1.345464590310825014e-17
1.526167869026649902e+12 1.345744963659556619e-17
1.528033756184124756e+12 1.345920323065366581e-17
1.529901924568295166e+12 1.346036511450900577e-17
1.531772376968180176e+12 1.346097908622702413e-17
1.533645116176208740e+12 1.346097908622702413e-17
1.535520144988224365e+12 1.346097908622702413e-17
1.537397466203488281e+12 1.356692603085871427e-17
1.539277082624683838e+12 1.365655248918614014e-17
1.541158997057921387e+12 1.373142745480886317e-17
1.543043212312742188e+12 1.384242474275936108e-17
1.544929731202122070e+12 1.388083566259279731e-17
1.546818556542475586e+12 1.390967132867747822e-17
1.548709691153661865e+12 1.393046557945519727e-17
1.550603137858986328e+12 1.394490979783922150e-17
1.552498899485207031e+12 1.395957744924421968e-17
1.554396978862537354e+12 1.396248640240768848e-17
1.556297378824651123e+12 1.396430580607277586e-17
1.558200102208686768e+12 1.396551129358857369e-17
1.560105151855251221e+12 1.396614830669252579e-17
1.562012530608424561e+12 1.396614830669252579e-17
1.563922241315763672e+12 1.396614830669252579e-17
1.565834286828307373e+12 1.407607127231700206e-17
1.567748670000579346e+12 1.416906126964083119e-17
1.569665393690593750e+12 1.424674617410780378e-17
1.571584460759859131e+12 1.436190901443518164e-17
1.573505874073382568e+12 1.440176143524007812e-17
1.575429636499672607e+12 1.443167925819197359e-17
1.577355750910746826e+12 1.445325388425950289e-17
1.579284220182132080e+12 1.446824017127720886e-17
1.581215047192872314e+12 1.448345827640321068e-17
1.583148234825531250e+12 1.448647639797059234e-17
1.585083785966195801e+12 1.448836408097296632e-17
1.587021703504482178e+12 1.448961480852551549e-17
1.588961990333539795e+12 1.449027572772211635e-17
1.590904649350053955e+12 1.449027572772211635e-17
1.592849683454252930e+12 1.449027572772211635e-17
1.594797095549909668e+12 1.460432392810849492e-17
1.596746888544348145e+12 1.470080369271881335e-17
1.598699065348445801e+12 1.478140398858340329e-17
1.600653628876639648e+12 1.484763905232086875e-17
1.602610582046929932e+12 1.494223672689358682e-17
1.604569927780883545e+12 1.497327731834558940e-17
1.606531669003640869e+12 1.499566160595130169e-17
1.608495808643916748e+12 1.501121030457977524e-17
1.610462349634007812e+12 1.502116456867765517e-17
1.612431294909795654e+12 1.503013090797145919e-17
1.614402647410750488e+12 1.503208943272647514e-17
1.616376410079937500e+12 1.503338709810269350e-17
1.618352585864018799e+12 1.503407282054972568e-17
1.620331177713260010e+12 1.503407282054972568e-17
1.622312188581533691e+12 1.503407282054972568e-17
1.624295621426322754e+12 1.515240106922350033e-17
1.626281479208727295e+12 1.525250156655813857e-17
1.628269764893466797e+12 1.533612666384098945e-17
1.630260481448885254e+12 1.540484742459212720e-17
1.632253631846957031e+12 1.550299520003162844e-17
1.634249219063288330e+12 1.553520069570687891e-17
1.636247246077124023e+12 1.555842503016564706e-17
1.638247715871352051e+12 1.557455724682167941e-17
1.640250631432506348e+12 1.558488507868178843e-17
1.642255995750772217e+12 1.559418791048497279e-17
1.644263811819991455e+12 1.559621993557138768e-17
1.646274082637665283e+12 1.559756630027343760e-17
1.648286811204960205e+12 1.559827775679759682e-17
1.650302000526711426e+12 1.559827775679759682e-17
1.652319653611428955e+12 1.559827775679759682e-17
1.654339773471299561e+12 1.572104667719062181e-17
1.656362363122193359e+12 1.582490378761282224e-17
1.658387425583667969e+12 1.591166720231932948e-17
1.660414963878972168e+12 1.598296694435526585e-17
1.662444981035051758e+12 1.604028834619099712e-17
1.664477480082551758e+12 1.611821216723165076e-17
1.666512464055823975e+12 1.614230807417108424e-17
1.668549935992929443e+12 1.615904570736184821e-17
1.670589898935643066e+12 1.616976112639050288e-17
1.672632355929459473e+12 1.617941307873388060e-17
1.674677310023596436e+12 1.618152136250269135e-17
1.676724764270998779e+12 1.618291825413912191e-17
1.678774721728344971e+12 1.618365641049955650e-17
1.680827185456050293e+12 1.618365641049955650e-17
1.682882158518271484e+12 1.618365641049955650e-17
1.684939643982911377e+12 1.618365641049955650e-17
1.686999644921624268e+12 1.641878735723440004e-17
1.689062164409818848e+12 1.650880686544579882e-17
1.691127205526664795e+12 1.658278237384857586e-17
1.693194771355095947e+12 1.664225495708766932e-17
1.695264864981814697e+12 1.672310313568646703e-17
1.697337489497298340e+12 1.674810332384103521e-17
1.699412647995802002e+12 1.676546909388999421e-17
1.701490343575363770e+12 1.677658664561962030e-17
1.703570579337809570e+12 1.678310348951358755e-17
1.705653358388757324e+12 1.678878822476274607e-17
1.707738683837622803e+12 1.679023753952935891e-17
1.709826558797621826e+12 1.679100339772862722e-17
1.711916986385777344e+12 1.679100339772862722e-17
1.714009969722923340e+12 1.679100339772862722e-17
1.716105511933708984e+12 1.679100339772862722e-17
1.718203616146603760e+12 1.703495843640422024e-17
1.720304285493901123e+12 1.712835623415151389e-17
1.722407523111726074e+12 1.720510792619397975e-17
1.724513332140035645e+12 1.726681242126664239e-17
1.726621715722627197e+12 1.731472556943377878e-17
1.728732677007140869e+12 1.737663310954118343e-17
1.730846219145065918e+12 1.739465058942953918e-17
1.732962345291743652e+12 1.740618536526335166e-17
1.735081058606374023e+12 1.741294677598479385e-17
1.737202362252018555e+12 1.741884485034219600e-17
1.739326259395606201e+12 1.742034855559602449e-17
1.741452753207938232e+12 1.742114315524025135e-17
1.743581846863692139e+12 1.742114315524025135e-17
1.745713543541426758e+12 1.742114315524025135e-17
1.747847846423587158e+12 1.742114315524025135e-17
1.749984758696509033e+12 1.767425344004816316e-17
1.752124283550423828e+12 1.777115630918579783e-17
1.754266424179463379e+12 1.785078837064197018e-17
1.756411183781664795e+12 1.791480853766356235e-17
1.758558565558974609e+12 1.796451979037826548e-17
1.760708572717254395e+12 1.802875062239308931e-17
1.762861208466285400e+12 1.804744426975868570e-17
1.765016476019772949e+12 1.805941192745635876e-17
1.767174378595350830e+12 1.806642708321087439e-17
1.769334919414587646e+12 1.807019183829800861e-17
1.771498101702990234e+12 1.807410663988514433e-17
1.773663928690009033e+12 1.807493105959523154e-17
1.775832403609042725e+12 1.807493105959523154e-17
1.778003529697443115e+12 1.807493105959523154e-17
1.780177310196519775e+12 1.807493105959523154e-17
1.782353748351545410e+12 1.821719290458627894e-17
1.784532847411760498e+12 1.843807965272382305e-17
1.786714610630377930e+12 1.852070017929476594e-17
1.788899041264587646e+12 1.858712292176508162e-17
1.791086142575561768e+12 1.863869975904249741e-17
1.793275917828459961e+12 1.870534107242950915e-17
1.795468370292433838e+12 1.872473626276659810e-17
1.797663503240631592e+12 1.873715304769872017e-17
1.799861319950203125e+12 1.874443147113541869e-17
1.802061823702305420e+12 1.874833751151691934e-17
1.804265017782106689e+12 1.875239922940586129e-17
1.806470905478790771e+12 1.875325458828163197e-17
1.808679490085564697e+12 1.875325458828163197e-17
1.810890774899660156e+12 1.875325458828163197e-17
1.813104763222340820e+12 1.875325458828163197e-17
1.815321458358905762e+12 1.890085529494654105e-17
1.817540863618696045e+12 1.913003157281687968e-17
1.819762982315098145e+12 1.921575271686408276e-17
1.821987817765549072e+12 1.928466819963359395e-17
1.824215373291542969e+12 1.933818063390693420e-17
1.826445652218633545e+12 1.937835323828026654e-17
1.828678657876441162e+12 1.942744595131832525e-17
1.830914393598656738e+12 1.944032871851850022e-17
1.833152862723046387e+12 1.944788028965642787e-17
1.835394068591457764e+12 1.945193291754556628e-17
1.837638014549823730e+12 1.945446763213888901e-17
1.839884703948168457e+12 1.945703452441171968e-17
1.842134140140611084e+12 1.945703452441171968e-17
1.844386326485371826e+12 1.945703452441171968e-17
1.846641266344776855e+12 1.945703452441171968e-17
1.848898963085262939e+12 1.961017445177138154e-17
1.851159420077382324e+12 1.973972409914894781e-17
1.853422640695809082e+12 1.993688947507866868e-17
1.855688628319341797e+12 2.000839124674185098e-17
1.857957386330910889e+12 2.006391191790003498e-17
1.860228918117582275e+12 2.010559213647477893e-17
1.862503227070562988e+12 2.015652722126136732e-17
1.864780316585206787e+12 2.016989345830592025e-17
1.867060190061017334e+12 2.017772842794559212e-17
1.869342850901655762e+12 2.018193314453930719e-17
1.871628302514943604e+12 2.018456298295586590e-17
1.873916548312869141e+12 2.018722620662927314e-17
1.876207591711592285e+12 2.018722620662927314e-17
1.878501436131449463e+12 2.018722620662927314e-17
1.880798084996958008e+12 2.018722620662927314e-17
1.883097541736823242e+12 2.034611323286122646e-17
1.885399809783942139e+12 2.048052467327464996e-17
1.887704892575407959e+12 2.068508935341717527e-17
1.890012793552517090e+12 2.075927447329906237e-17
1.892323516160772705e+12 2.081687874729096510e-17
1.894637063849890381e+12 2.086012315843976843e-17
1.896953440073803467e+12 2.089130798099674895e-17
1.899272648290668213e+12 2.092683760701423075e-17
1.901594691962868896e+12 2.093496661065246541e-17
1.903919574557021973e+12 2.093932912359890889e-17
1.906247299543983643e+12 2.094205765568509584e-17
1.908577870398852295e+12 2.094482082592393471e-17
1.910911290600975586e+12 2.094482082592393471e-17
1.913247563633954590e+12 2.094482082592393471e-17
1.915586692985650146e+12 2.094482082592393471e-17
1.917928682148186768e+12 2.110967063054441348e-17
1.920273534617958252e+12 2.124912631938436910e-17
1.922621253895633789e+12 2.136562919256094028e-17
1.924971843486161865e+12 2.153833715781328276e-17
1.927325306898775879e+12 2.159810322895245249e-17
1.929681647647000732e+12 2.164297053434465349e-17
1.932040869248656006e+12 2.167532567388976452e-17
1.934402975225862061e+12 2.171218867048629014e-17
1.936767969105045898e+12 2.172062274275324241e-17
1.939135854416946045e+12 2.172514897389955166e-17
1.941506634696616943e+12 2.172797990347244434e-17
1.943880313483435547e+12 2.172985560061635152e-17
1.946256894321105957e+12 2.173084677111298376e-17
1.948636380757665039e+12 2.173084677111298376e-17
1.951018776345486572e+12 2.173084677111298376e-17
1.953404084641288574e+12 2.190188312774877245e-17
1.955792309206136719e+12 2.204657236766770472e-17
1.958183453605450684e+12 2.216744740911283479e-17
1.960577521409009033e+12 2.234663683070025293e-17
1.962974516190955811e+12 2.240864582780893786e-17
1.965374441529802979e+12 2.245519693209453015e-17
1.967777301008438232e+12 2.248876630877034389e-17
1.970183098214131348e+12 2.251208445631526010e-17
1.972591836738535400e+12 2.253576330486946653e-17
1.975003520177695312e+12 2.254045939830032183e-17
1.977418152132054443e+12 2.254339656817537698e-17
1.979835736206455322e+12 2.254534265726164763e-17
1.982256276010149170e+12 2.254637102481682681e-17
1.984679775156799561e+12 2.254637102481682681e-17
1.987106237264488281e+12 2.254637102481682681e-17
1.989535665955720947e+12 2.272382610496444115e-17
1.991968064857430176e+12 2.287394530284344349e-17
1.994403437600986084e+12 2.299935659310594769e-17
1.996841787822195312e+12 2.318527070981689018e-17
1.999283119161311279e+12 2.324960680635352608e-17
2.001727435263037842e+12 2.329790489983753482e-17
2.004174739776534668e+12 2.333273408203998824e-17
2.006625036355422852e+12 2.335692732272207498e-17
2.009078328657790039e+12 2.338149480095091793e-17
2.011534620346196777e+12 2.338636713132876825e-17
2.013993915087681885e+12 2.338941452853622317e-17
2.016456216553765381e+12 2.339143365126294307e-17
2.018921528420459473e+12 2.339250061182334432e-17
2.021389854368267822e+12 2.339250061182334432e-17
2.023861198082194336e+12 2.339250061182334432e-17
2.026335563251749268e+12 2.357661530000775752e-17
2.028812953570952637e+12 2.373236823356702957e-17
2.031293372738341797e+12 2.386248601087877846e-17
2.033776824456974609e+12 2.396941315278530394e-17
2.036263312434437256e+12 2.412212771818765753e-17
2.038752840382848389e+12 2.417223836260715182e-17
2.041245412018865234e+12 2.420837462884189901e-17
2.043741031063688721e+12 2.423347580352029010e-17
2.046239701243069824e+12 2.424954555494361857e-17
2.048741426287313965e+12 2.426402044150597591e-17
2.051246209931287842e+12 2.426718220270299509e-17
2.053754055914423828e+12 2.426927709990699150e-17
2.056264967980727295e+12 2.427038410180696645e-17
2.058778949878778564e+12 2.427038410180696645e-17
2.061296005361743408e+12 2.427038410180696645e-17
2.063816138187375488e+12 2.446140832256777006e-17
2.066339352118021973e+12 2.462300641698253068e-17
2.068865650920630859e+12 2.475800730834654710e-17
2.071395038366754883e+12 2.486894725649676941e-17
2.073927518232558105e+12 2.502739295761101392e-17
2.076463094298821533e+12 2.507938417513119248e-17
2.079001770350948242e+12 2.511687657819130966e-17
2.081543550178968994e+12 2.514291976019054800e-17
2.084088437577549316e+12 2.515959258392738429e-17
2.086636436345992676e+12 2.517461069005157152e-17
2.089187550288249023e+12 2.517789110713751263e-17
2.091741783212917480e+12 2.518006462251487504e-17
2.094299138933255127e+12 2.518121316844246263e-17
2.096859621267180176e+12 2.518121316844246263e-17
2.099423234037278320e+12 2.518121316844246263e-17
2.101989981070809570e+12 2.537940622559128886e-17
2.104559866199712402e+12 2.554706884048864252e-17
2.107132893260610840e+12 2.568713610143957180e-17
2.109709066094819092e+12 2.580223945009480840e-17
2.112288388548348145e+12 2.589477674563760891e-17
2.114870864471910400e+12 2.602057373291520503e-17
2.117456497720927002e+12 2.605947316646737415e-17
2.120045292155531982e+12 2.608649370782991053e-17
2.122637251640579590e+12 2.610379223622879744e-17
2.125232380045647949e+12 2.611937394808441385e-17
2.127830681245047852e+12 2.612277747402680898e-17
2.130432159117824951e+12 2.612503255799304124e-17
2.133036817547768799e+12 2.612622420702978641e-17
2.135644660423416504e+12 2.612622420702978641e-17
2.138255691638059814e+12 2.612622420702978641e-17
2.140869915089749756e+12 2.633185513563953249e-17
2.143487334681303467e+12 2.650580986286589097e-17
2.146107954320310059e+12 2.665113362622827707e-17
2.148731777919135498e+12 2.677055662121388798e-17
2.151358809394928955e+12 2.686656669486249814e-17
2.153989052669628906e+12 2.699708464378729658e-17
2.156622511669968994e+12 2.703744391145689998e-17
2.159259190327483154e+12 2.706547849093131384e-17
2.161899092578512451e+12 2.708342620569699857e-17
2.164542222364210205e+12 2.709394672840073134e-17
2.167188583630547852e+12 2.710312392939350012e-17
2.169838180328322510e+12 2.710546364308852103e-17
2.172491016413160156e+12 2.710670001282582521e-17
2.175147095845522949e+12 2.710670001282582521e-17
2.177806422590716064e+12 2.710670001282582521e-17
2.180469000618892090e+12 2.710670001282582521e-17
2.183134833905057373e+12 2.750053091699270409e-17
2.185803926429078369e+12 2.765130845097479368e-17
2.188476282175686523e+12 2.777521320177446152e-17
2.191151905134486084e+12 2.787482638138966836e-17
2.193830799299958740e+12 2.795217538211778190e-17
2.196512968671468994e+12 2.805211634922224879e-17
2.199198417253272949e+12 2.808120302205246617e-17
2.201887149054519043e+12 2.809982428612085754e-17
2.204579168089259766e+12 2.811073962737523891e-17
2.207274478376455078e+12 2.812026123418290491e-17
2.209973083939978027e+12 2.812268875362636692e-17
2.212674988808620605e+12 2.812397152236127925e-17
2.215380197016101074e+12 2.812397152236127925e-17
2.218088712601069336e+12 2.812397152236127925e-17
2.220800539607113281e+12 2.812397152236127925e-17
2.223515682082763184e+12 2.853258227646171356e-17
2.226234144081500000e+12 2.868901825243510074e-17
2.228955929661760742e+12 2.881757295224460023e-17
2.231681042886943359e+12 2.892092445668536669e-17
2.234409487825414551e+12 2.900117624287590871e-17
2.237141268550514648e+12 2.910486783615112797e-17
2.239876389140562988e+12 2.913504608573408427e-17
2.242614853678867188e+12 2.915436617634348970e-17
2.245356666253725586e+12 2.916569115306326243e-17
2.248101830958435547e+12 2.917176881765253570e-17
2.250850351891297363e+12 2.917808871109300970e-17
2.253602233155624023e+12 2.917941962010639882e-17
2.256357478859744141e+12 2.917941962010639882e-17
2.259116093117009277e+12 2.917941962010639882e-17
2.261878080045799805e+12 2.917941962010639882e-17
2.264643443769532227e+12 2.940908124687761965e-17
2.267412188416662109e+12 2.976567165882303881e-17
2.270184318120694824e+12 2.989905081286235071e-17
2.272959837020187988e+12 3.000628093553718225e-17
2.275738749258759277e+12 3.008954444413002711e-17
2.278521058985092285e+12 3.019712741863450943e-17
2.281306770352943359e+12 3.022843821011647483e-17
2.284095887521146484e+12 3.024848335311991273e-17
2.286888414653620605e+12 3.026023333827515129e-17
2.289684355919375000e+12 3.026653908798833371e-17
2.292483715492517090e+12 3.027309615701776652e-17
2.295286497552255859e+12 3.027447701293802822e-17
2.298092706282911621e+12 3.027447701293802822e-17
2.300902345873918457e+12 3.027447701293802822e-17
2.303715420519834473e+12 3.027447701293802822e-17
2.306531934420344238e+12 3.051275747673615742e-17
2.309351891780267578e+12 3.088273016193778315e-17
2.312175296809565918e+12 3.102111482433133771e-17
2.315002153723346680e+12 3.113236912363813018e-17
2.317832466741871094e+12 3.121875737980390836e-17
2.320666240090559082e+12 3.128361036742400002e-17
2.323503477999998535e+12 3.136286360879481788e-17
2.326344184705948242e+12 3.138366101426002230e-17
2.329188364449345215e+12 3.139585195774402446e-17
2.332036021476312988e+12 3.140239435225448658e-17
2.334887160038165039e+12 3.140648629044732623e-17
2.337741784391413574e+12 3.141063017495242433e-17
2.340599898797773438e+12 3.141063017495242433e-17
2.343461507524170898e+12 3.141063017495242433e-17
2.346326614842748047e+12 3.141063017495242433e-17
2.349195225030872070e+12 3.165785292707728646e-17
2.352067342371136719e+12 3.186699250885510521e-17
2.354942971151374512e+12 3.218528812059716072e-17
2.357822115664657715e+12 3.230071761750987539e-17
2.360704780209309082e+12 3.239034788807484070e-17
2.363590969088905273e+12 3.245763470558137803e-17
2.366480686612285645e+12 3.253986219554929127e-17
2.369373937093557129e+12 3.256144009469473254e-17
2.372270724852101074e+12 3.257408854497500949e-17
2.375171054212578125e+12 3.258087646518710489e-17
2.378074929504939453e+12 3.258512196733795002e-17
2.380982355064426270e+12 3.258942136526386509e-17
2.383893335231583984e+12 3.258942136526386509e-17
2.386807874352260742e+12 3.258942136526386509e-17
2.389725976777621582e+12 3.258942136526386509e-17
2.392647646864148438e+12 3.284592199563013302e-17
2.395572888973651367e+12 3.306291025459691429e-17
2.398501707473271484e+12 3.339315099640946844e-17
2.401434106735490234e+12 3.351291237947999478e-17
2.404370091138134766e+12 3.360590633210860241e-17
2.407309665064385254e+12 3.367571831728159165e-17
2.410252832902778809e+12 3.372606180241957236e-17
2.413199599047219238e+12 3.378341935820174131e-17
2.416149967896982910e+12 3.379654248478359619e-17
2.419103943856723145e+12 3.380358514488794753e-17
2.422061531336479004e+12 3.380798997400886914e-17
2.425022734751682617e+12 3.381245072152790829e-17
2.427987558523161621e+12 3.381245072152790829e-17
2.430956007077150879e+12 3.381245072152790829e-17
2.433928084845296387e+12 3.381245072152790829e-17
2.436903796264661133e+12 3.407857741420814181e-17
2.439883145777734375e+12 3.430370889878506032e-17
2.442866137832435059e+12 3.464634305247640417e-17
2.445852776882121582e+12 3.477059889052973925e-17
2.448843067385596680e+12 3.486708275888114424e-17
2.451837013807113281e+12 3.493951467726279957e-17
2.454834620616383789e+12 3.499174747364475721e-17
2.457835892288585449e+12 3.505125756763062853e-17
2.460840833304364258e+12 3.506487318436367589e-17
2.463849448149847168e+12 3.507218014434489120e-17
2.466861741316644043e+12 3.507675027972466686e-17
2.469877717301857910e+12 3.507977832745894309e-17
2.472897380608088379e+12 3.508137843203146178e-17
2.475920735743439941e+12 3.508137843203146178e-17
2.478947787221529297e+12 3.508137843203146178e-17
2.481978539561491211e+12 3.535749243789487126e-17
2.485012997287986328e+12 3.559107275043872289e-17
2.488051164931205566e+12 3.578620840790242256e-17
2.491093047026879883e+12 3.607548438393487136e-17
2.494138648116285156e+12 3.617558913901750096e-17
2.497187972746248535e+12 3.625073931255067063e-17
2.500241025469157715e+12 3.630493232303459163e-17
2.503297810842965332e+12 3.634257617405307649e-17
2.506358333431195312e+12 3.638080232583235821e-17
2.509422597802952637e+12 3.638838350444611331e-17
2.512490608532928223e+12 3.639312514976676767e-17
2.515562370201406250e+12 3.639626683533553522e-17
2.518637887394268555e+12 3.639792698929779855e-17
2.521717164703006348e+12 3.639792698929779855e-17
2.524800206724723633e+12 3.639792698929779855e-17
2.527887018062144043e+12 3.668440311638643518e-17
2.530977603323618164e+12 3.692674932802632492e-17
2.534071967123132812e+12 3.712920811758424496e-17
2.537170114080313965e+12 3.742934016273139265e-17
2.540272048820436035e+12 3.753320169068812798e-17
2.543377775974428223e+12 3.761117213118245059e-17
2.546487300178882324e+12 3.766739891949824460e-17
2.549600626076057129e+12 3.770645548461073637e-17
2.552717758313888184e+12 3.774611620330911638e-17
2.555838701545994141e+12 3.775398189154627865e-17
2.558963460431682129e+12 3.775890148330418597e-17
2.562092039635955078e+12 3.776216107135534987e-17
2.565224443829521973e+12 3.776388352826583008e-17
2.568360677688798828e+12 3.776388352826583008e-17
2.571500745895921875e+12 3.776388352826583008e-17
2.574644653138750000e+12 3.806111065057377936e-17
2.577792404110874023e+12 3.831255173161602249e-17
2.580944003511623535e+12 3.852260847881447626e-17
2.584099456046072266e+12 3.869522722530828059e-17
2.587258766425047363e+12 3.894176329071760733e-17
2.590421939365135742e+12 3.902265983832430626e-17
2.593588979588689453e+12 3.908099672893212748e-17
2.596759891823835449e+12 3.912151902506059270e-17
2.599934680804479980e+12 3.916266814770192384e-17
2.603113351270318848e+12 3.917082902275794771e-17
2.606295907966840332e+12 3.917593323900099637e-17
2.609482355645335938e+12 3.917931515422794260e-17
2.612672699062906738e+12 3.918110225221758921e-17
2.615866942982466309e+12 3.918110225221758921e-17
2.619065092172756348e+12 3.918110225221758921e-17
2.622267151408345703e+12 3.948948383756390167e-17
2.625473125469640625e+12 3.975036110404921548e-17
2.628683019142893066e+12 3.996830094820191816e-17
2.631896837220205566e+12 4.014739780279212657e-17
2.635114584499539551e+12 4.040318597617827572e-17
2.638336265784723633e+12 4.048711844306180278e-17
2.641561885885458984e+12 4.054764462475787962e-17
2.644791449617326172e+12 4.058968765846534763e-17
2.648024961801793457e+12 4.061660357413136455e-17
2.651262427266225098e+12 4.064084818226028315e-17
2.654503850843886719e+12 4.064614395165292285e-17
2.657749237373951660e+12 4.064965278480076969e-17
2.660998591701511719e+12 4.065150694974687423e-17
2.664251918677581055e+12 4.065150694974687423e-17
2.667509223159104980e+12 4.065150694974687423e-17
2.670770510008967285e+12 4.097146160745867939e-17
2.674035784095996094e+12 4.124212918447812713e-17
2.677305050294972656e+12 4.146824796572551347e-17
2.680578313486638672e+12 4.165406604154646788e-17
2.683855578557702148e+12 4.180345441643156945e-17
2.687136850400846191e+12 4.200653585926614831e-17
2.690422133914735840e+12 4.206933349267679759e-17
2.693711434004023438e+12 4.211295433483549189e-17
2.697004755579360352e+12 4.214088036217674766e-17
2.700302103557400391e+12 4.216603483204086549e-17
2.703603482860808105e+12 4.217152934326935068e-17
2.706908898418267090e+12 4.217516985736659857e-17
2.710218355164486328e+12 4.217709360618580199e-17
2.713531858040208496e+12 4.217709360618580199e-17
2.716849411992215820e+12 4.217709360618580199e-17
2.720171021973340332e+12 4.250905565533511924e-17
2.723496692942466309e+12 4.278988095773341114e-17
2.726826429864544434e+12 4.302448561862770528e-17
2.730160237710592285e+12 4.321727715246457932e-17
2.733498121457707031e+12 4.337227183640074662e-17
2.736840086089070312e+12 4.358297460406694433e-17
2.740186136593955566e+12 4.364812893317661667e-17
2.743536277967736816e+12 4.369338679643816959e-17
2.746890515211894531e+12 4.372236084334563473e-17
2.750248853334025879e+12 4.373934473919468762e-17
2.753611297347848145e+12 4.375416003214508240e-17
2.756977852273208984e+12 4.375793716896916109e-17
2.760348523136094238e+12 4.375993311303398569e-17
2.763723314968633301e+12 4.375993311303398569e-17
2.767102232809107910e+12 4.375993311303398569e-17
2.770485281701960938e+12 4.375993311303398569e-17
2.773872466697802246e+12 4.439571740311849322e-17
2.777263792853414062e+12 4.463912640527967014e-17
2.780659265231764160e+12 4.483915309996456564e-17
2.784058888902008789e+12 4.499996448884906952e-17
2.787462668939501465e+12 4.512483351003647417e-17
2.790870610425802246e+12 4.528617406545909454e-17
2.794282718448682617e+12 4.533313038463216415e-17
2.797698998102134766e+12 4.536319178161990054e-17
2.801119454486377930e+12 4.538081305617458426e-17
2.804544092707868652e+12 4.539618434359928548e-17
2.807972917879304688e+12 4.540010323038470665e-17
2.811405935119636230e+12 4.540217407906833337e-17
2.814843149554070801e+12 4.540217407906833337e-17
2.818284566314082031e+12 4.540217407906833337e-17
2.821730190537418457e+12 4.540217407906833337e-17
2.825180027368107910e+12 4.606181834636170006e-17
2.828634081956468750e+12 4.631436210276984120e-17
2.832092359459116699e+12 4.652189548242757213e-17
2.835554865038969727e+12 4.668874186798240319e-17
2.839021603865260742e+12 4.681829702571971574e-17
2.842492581113540039e+12 4.698569243659453986e-17
2.845967801965686523e+12 4.703441095203882149e-17
2.849447271609914551e+12 4.706560050563278801e-17
2.852930995240782227e+12 4.708388307870620568e-17
2.856418978059197754e+12 4.709369460854142539e-17
2.859911225272426758e+12 4.710389718259528034e-17
2.863407742094103516e+12 4.710604574694940935e-17
2.866908533744235352e+12 4.710604574694940935e-17
2.870413605449210938e+12 4.710604574694940935e-17
2.873922962441810547e+12 4.710604574694940935e-17
2.877436609961209961e+12 4.747680195930221804e-17
2.880954553252991211e+12 4.805246674210858943e-17
2.884476797569150391e+12 4.826778852073423363e-17
2.888003348168103516e+12 4.844089638682390264e-17
2.891534210314695801e+12 4.857531354439215468e-17
2.895069389280209473e+12 4.874899103985231746e-17
2.898608890342371094e+12 4.879953788400222530e-17
2.902152718785360352e+12 4.883189793213264230e-17
2.905700879899815918e+12 4.885086662121058388e-17
2.909253378982847656e+12 4.886104636221726644e-17
2.912810221338038086e+12 4.887163182271263063e-17
2.916371412275456055e+12 4.887386101928325702e-17
2.919936957111662109e+12 4.887386101928325702e-17
2.923506861169716797e+12 4.887386101928325702e-17
2.927081129779188965e+12 4.887386101928325702e-17
2.930659768276161621e+12 4.925853112494034998e-17
2.934242782003244629e+12 4.985579969508766112e-17
2.937830176309577148e+12 5.007920215895623953e-17
2.941421956550838379e+12 5.025880648902589724e-17
2.945018128089257324e+12 5.039826810957643859e-17
2.948618696293617188e+12 5.050296408507669719e-17
2.952223666539265137e+12 5.063090723343991823e-17
2.955833044208120605e+12 5.066448170291245921e-17
2.959446834688682617e+12 5.068416225684164488e-17
2.963065043376038086e+12 5.069472402740174548e-17
2.966687675671870605e+12 5.070570674346020975e-17
2.970314736984468262e+12 5.070801959824667601e-17
2.973946232728729492e+12 5.070801959824667601e-17
2.977582168326172852e+12 5.070801959824667601e-17
2.981222549204948730e+12 5.070801959824667601e-17
2.984867380799839844e+12 5.110712576358161707e-17
2.988516668552275879e+12 5.144475203699576556e-17
2.992170417910338379e+12 5.195859528141187102e-17
2.995828634328770020e+12 5.214493987746309197e-17
2.999491323268981445e+12 5.228963527170031047e-17
3.003158490199061035e+12 5.239826032130361732e-17
3.006830140593783203e+12 5.253100497333967325e-17
3.010506279934615234e+12 5.256583943946345156e-17
3.014186913709725586e+12 5.258625857340401704e-17
3.017872047413993164e+12 5.259721671048147057e-17
3.021561686549014160e+12 5.260407047320671389e-17
3.025255836623111816e+12 5.261101124303760862e-17
3.028954503151343262e+12 5.261101124303760862e-17
3.032657691655508789e+12 5.261101124303760862e-17
3.036365407664158691e+12 5.261101124303760862e-17
3.040077656712604004e+12 5.302509523050078468e-17
3.043794444342921875e+12 5.337539208309469844e-17
3.047515776103965332e+12 5.390851905045252145e-17
3.051241657551372070e+12 5.410185686398978696e-17
3.054972094247571777e+12 5.425198244714889622e-17
3.058707091761794434e+12 5.436468402278196725e-17
3.062446655670078613e+12 5.444595645879493091e-17
3.066190791555282227e+12 5.453855211977052555e-17
3.069939505007085938e+12 5.455973755146025993e-17
3.073692801622006348e+12 5.457110693006254927e-17
3.077450687003400879e+12 5.457821790364525825e-17
3.081213166761479492e+12 5.458541914957245954e-17
3.084980246513309082e+12 5.458541914957245954e-17
3.088751931882824707e+12 5.458541914957245954e-17
3.092528228500838379e+12 5.458541914957245954e-17
3.096309142005044922e+12 5.501504305310073067e-17
3.100094678040031250e+12 5.537848599163852655e-17
3.103884842257287598e+12 5.593162036951115789e-17
3.107679640315212402e+12 5.613221384490820829e-17
3.111479077879121582e+12 5.628797340337702638e-17
3.115283160621256836e+12 5.640490449060380028e-17
3.119091894220797852e+12 5.648922695239000156e-17
3.122905284363864258e+12 5.658529758183362703e-17
3.126723336743528809e+12 5.660727806921309423e-17
3.130546057059825684e+12 5.661907412258316199e-17
3.134373451019755371e+12 5.662645195973935760e-17
3.138205524337298340e+12 5.663134031450967293e-17
3.142042282733418945e+12 5.663392345701812356e-17
3.145883731936078125e+12 5.663392345701812356e-17
3.149729877680236816e+12 5.663392345701812356e-17
3.153580725707870117e+12 5.707967046504335735e-17
3.157436281767972168e+12 5.745675284130473211e-17
3.161296551616566406e+12 5.777177175967322096e-17
3.165161541016712402e+12 5.823876690686552930e-17
3.169031255738516113e+12 5.840037187481219388e-17
3.172905701559138672e+12 5.852169120050245761e-17
3.176784884262804688e+12 5.860917815069737067e-17
3.180668809640808594e+12 5.866994882370096614e-17
3.184557483491525879e+12 5.873165953892038232e-17
3.188450911620423828e+12 5.874389827948633599e-17
3.192349099840062988e+12 5.875155299518316066e-17
3.196252053970113770e+12 5.875662480216397321e-17
3.200159779837360352e+12 5.875930488591860329e-17
3.204072283275710449e+12 5.875930488591860329e-17
3.207989570126205566e+12 5.875930488591860329e-17
3.211911646237026367e+12 5.922178007301063367e-17
3.215838517463505371e+12 5.961301375348599709e-17
3.219770189668133789e+12 5.993985483281354819e-17
3.223706668720568359e+12 6.042437556807469241e-17
3.227647960497643555e+12 6.059204531445671131e-17
3.231594070883380859e+12 6.071791756224824620e-17
3.235545005768989746e+12 6.080868775908872846e-17
3.239500771052887695e+12 6.087173905917832716e-17
3.243461372640702148e+12 6.093576567977894090e-17
3.247426816445279297e+12 6.094846372088993793e-17
3.251397108386694824e+12 6.095640570594040987e-17
3.255372254392265625e+12 6.096166784980252448e-17
3.259352260396548340e+12 6.096444851285472642e-17
3.263337132341362305e+12 6.096444851285472642e-17
3.267326876175788086e+12 6.096444851285472642e-17
3.271321497856178223e+12 6.144427966107349204e-17
3.275321003346169922e+12 6.185019572179172782e-17
3.279325398616691895e+12 6.218930262905070031e-17
3.283334689645969238e+12 6.246797117952162879e-17
3.287348882419540039e+12 6.286596878628151022e-17
3.291367982930257812e+12 6.299656482012811769e-17
3.295391997178303711e+12 6.309074147865950086e-17
3.299420931171196777e+12 6.315615899415674073e-17
3.303454790923795410e+12 6.322258843239868027e-17
3.307493582458316895e+12 6.323576301087656934e-17
3.311537311804339844e+12 6.324400304604442781e-17
3.315585984998812500e+12 6.324946266982949145e-17
3.319639608086067871e+12 6.325234768676097157e-17
3.323698187117825195e+12 6.325234768676097157e-17
3.327761728153203125e+12 6.325234768676097157e-17
3.331830237258729980e+12 6.375018613783251280e-17
3.335903720508350586e+12 6.417133558526459212e-17
3.339982183983432617e+12 6.452316863754593800e-17
3.344065633772782227e+12 6.481229517725433908e-17
3.348154075972649902e+12 6.522522900369528630e-17
3.352247516686736816e+12 6.536072609980426929e-17
3.356345962026207520e+12 6.545843705913737248e-17
3.360449418109700195e+12 6.552630959035796779e-17
3.364557891063330078e+12 6.556976152912821764e-17
3.368671387020705078e+12 6.560890101971803767e-17
3.372789912122929688e+12 6.561745029035202491e-17
3.376913472518618652e+12 6.562311480516871193e-17
3.381042074363902832e+12 6.562610809221524064e-17
3.385175723822439453e+12 6.562610809221524064e-17
3.389314427065421875e+12 6.562610809221524064e-17
3.393458190271588379e+12 6.614262963168877704e-17
3.397607019627230957e+12 6.657958415070563419e-17
3.401760921326204102e+12 6.694462094007151683e-17
3.405919901569937988e+12 6.724459794078610810e-17
3.410083966567440918e+12 6.748576434207229156e-17
3.414253122535314453e+12 6.781361060704496096e-17
3.418427375697760742e+12 6.791498850388988521e-17
3.422606732286589355e+12 6.798540818368475290e-17
3.426791198541230469e+12 6.803049080488126858e-17
3.430980780708745117e+12 6.807109913854884286e-17
3.435175485043826172e+12 6.807996924976613182e-17
3.439375317808817383e+12 6.808584634485027748e-17
3.443580285273720215e+12 6.808895196521773665e-17
3.447790393716196777e+12 6.808895196521773665e-17
3.452005649421589844e+12 6.808895196521773665e-17
3.456226058682920898e+12 6.862485773980361469e-17
3.460451627800909668e+12 6.907821046970367820e-17
3.464682363083979004e+12 6.945694651148977007e-17
3.468918270848261719e+12 6.976818117382302280e-17
3.473159357417613770e+12 7.001839816809798015e-17
3.477405629123624023e+12 7.035854798402692110e-17
3.481657092305620117e+12 7.046373043273942065e-17
3.485913753310682129e+12 7.053679285155938177e-17
3.490175618493649902e+12 7.058356735211033923e-17
3.494442694217130371e+12 7.061098544970250738e-17
3.498714986851511230e+12 7.063490264464886929e-17
3.502992502774969727e+12 7.064100029780113495e-17
3.507275248373477539e+12 7.064422246718112241e-17
3.511563230040817871e+12 7.064422246718112241e-17
3.515856454178588379e+12 7.064422246718112241e-17
3.520154927196212891e+12 7.064422246718112241e-17
3.524458655510953613e+12 7.167060627617490117e-17
3.528767645547917480e+12 7.206355568162239683e-17
3.533081903740064941e+12 7.238647048778067605e-17
3.537401436528223633e+12 7.264607772946154122e-17
3.541726250361096680e+12 7.299899282912308589e-17
3.546056351695267090e+12 7.310812260850760705e-17
3.550391746995216309e+12 7.318392694416173651e-17
3.554732442733325195e+12 7.323245681761904431e-17
3.559078445389891113e+12 7.326090387297859935e-17
3.563429761453133301e+12 7.328571864236209680e-17
3.567786397419201660e+12 7.329204513077736614e-17
3.572148359792189941e+12 7.329538822306967899e-17
3.576515655084144531e+12 7.329538822306967899e-17
3.580888289815069824e+12 7.329538822306967899e-17
3.585266270512946777e+12 7.329538822306967899e-17
3.589649603713733887e+12 7.436029059043626780e-17
3.594038295961380371e+12 7.476798676456684190e-17
3.598432353807836914e+12 7.510302005184442054e-17
3.602831783813066406e+12 7.537236994204043912e-17
3.607236592545048828e+12 7.558151841951467170e-17
3.611646786579794922e+12 7.585175463343393336e-17
3.616062372501357910e+12 7.593040378571728924e-17
3.620483356901836426e+12 7.598075490844528771e-17
3.624909746381391602e+12 7.601026953672717451e-17
3.629341547548253418e+12 7.602610886387221747e-17
3.633778767018729980e+12 7.604257947659771951e-17
3.638221411417219727e+12 7.604604802984770338e-17
3.642669487376218262e+12 7.604604802984770338e-17
3.647123001536331543e+12 7.604604802984770338e-17
3.651581960546285645e+12 7.604604802984770338e-17
3.656046371062932129e+12 7.664458149375603521e-17
3.660516239751263184e+12 7.757391086174315521e-17
3.664991573284419434e+12 7.792151741753857241e-17
3.669472378343699219e+12 7.820097558241439470e-17
3.673958661618570801e+12 7.841797307091899510e-17
3.678450429806680176e+12 7.869835082184330603e-17
3.682947689613861328e+12 7.877995155221728837e-17
3.687450447754146973e+12 7.883219227281593874e-17
3.691958710949779785e+12 7.886281453834070053e-17
3.696472485931218750e+12 7.887924829034111568e-17
3.700991779437153320e+12 7.889633701906976968e-17
3.705516598214511719e+12 7.889993574162839795e-17
3.710046949018468750e+12 7.889993574162839795e-17
3.714582838612460449e+12 7.889993574162839795e-17
3.719124273768191406e+12 7.889993574162839795e-17
3.723671261265643066e+12 7.952093121825127067e-17
3.728223807893089844e+12 8.048513684519211693e-17
3.732781920447101562e+12 8.084578852435448918e-17
3.737345605732560547e+12 8.113573431144552167e-17
3.741914870562667480e+12 8.136087537193018712e-17
3.746489721758951660e+12 8.152989221584431240e-17
3.751070166151284180e+12 8.173643833219178828e-17
3.755656210577887207e+12 8.179063956427570078e-17
3.760247861885339355e+12 8.182241103491436351e-17
3.764845126928593750e+12 8.183946151959330113e-17
3.769448012570982910e+12 8.185719156123947495e-17
3.774056525684229980e+12 8.186092533815471215e-17
3.778670673148459473e+12 8.186092533815471215e-17
3.783290461852209961e+12 8.186092533815471215e-17
3.787915898692437500e+12 8.186092533815471215e-17
3.792546990574533203e+12 8.250522579124539064e-17
3.797183744412331543e+12 8.305027565474095665e-17
3.801826167128117188e+12 8.387980289323157415e-17
3.806474265652639648e+12 8.418062988638523667e-17
3.811128046925122559e+12 8.441422013420548360e-17
3.815787517893270508e+12 8.458957991251827065e-17
3.820452685513285645e+12 8.480387737740563819e-17
3.825123556749872559e+12 8.486011269586503353e-17
3.829800138576251953e+12 8.489307649946498287e-17
3.834482437974170410e+12 8.491076686182284840e-17
3.839170461933908203e+12 8.492183129232480150e-17
3.843864217454293457e+12 8.493303618349226089e-17
3.848563711542713379e+12 8.493303618349226089e-17
3.853268951215116211e+12 8.493303618349226089e-17
3.857979943496034180e+12 8.493303618349226089e-17
3.862696695418583984e+12 8.560151621189826356e-17
3.867419214024482422e+12 8.616702093331263698e-17
3.872147506364054199e+12 8.702767901494170093e-17
3.876881579496246582e+12 8.733979556858371757e-17
3.881621440488633301e+12 8.758215208835518959e-17
3.886367096417430176e+12 8.776409284134625000e-17
3.891118554367507812e+12 8.789529569385791067e-17
3.895875821432393066e+12 8.804477829147886290e-17
3.900638904714289062e+12 8.807897917440724581e-17
3.905407811324081543e+12 8.809733342803966315e-17
3.910182548381348633e+12 8.810881308909027028e-17
3.914963123014375000e+12 8.812043848207266020e-17
3.919749542360156738e+12 8.812043848207266020e-17
3.924541813564419922e+12 8.812043848207266020e-17
3.929339943781625000e+12 8.812043848207266020e-17
3.934143940174977539e+12 8.881400550695072605e-17
3.938953809916444336e+12 8.940073272469738943e-17
3.943769560186759277e+12 9.029368994069095730e-17
3.948591198175433594e+12 9.061751973414175519e-17
3.953418731080770020e+12 9.086897151016341590e-17
3.958252166109873535e+12 9.105774021138697165e-17
3.963091510478656250e+12 9.119386689910418994e-17
3.967936771411855957e+12 9.134895934180622242e-17
3.972787956143043457e+12 9.138444372969048656e-17
3.977645071914629883e+12 9.140348678938523856e-17
3.982508125977884766e+12 9.141539726392921271e-17
3.987377125592941406e+12 9.142328882128146057e-17
3.992252078028808105e+12 9.142745893949348860e-17
3.997132990563381836e+12 9.142745893949348860e-17
4.002019870483458496e+12 9.142745893949348860e-17
4.006912725084739746e+12 9.214705443607885360e-17
4.011811561671849121e+12 9.275580059682484108e-17
4.016716387558340820e+12 9.326435408325524185e-17
4.021627210066708496e+12 9.401825169512158609e-17
4.026544036528401855e+12 9.427914005795194831e-17
4.031466874283829102e+12 9.447499294948845538e-17
4.036395730682378418e+12 9.461622825614626270e-17
4.041330613082418945e+12 9.477714107252824226e-17
4.046271528851318359e+12 9.481395713327607667e-17
4.051218485365449707e+12 9.483371484883349502e-17
4.056171490010207520e+12 9.484607230461874722e-17
4.061130550180012207e+12 9.485426001961677690e-17
4.066095673278327148e+12 9.485858663575908184e-17
4.071066866717665527e+12 9.485858663575908184e-17
4.076044137919604004e+12 9.485858663575908184e-17
4.081027494314792480e+12 9.560518741136105519e-17
4.086016943342966309e+12 9.623677885115515323e-17
4.091012492452954102e+12 9.676441754429001564e-17
4.096014149102693848e+12 9.754660773921866451e-17
4.101021920759243164e+12 9.781728682901143101e-17
4.106035814898783203e+12 9.802048976930067158e-17
4.111055839006641602e+12 9.816702541327491615e-17
4.116082000577293457e+12 9.826881281909360427e-17
4.121114307114377930e+12 9.837217474192489382e-17
4.126152766130708496e+12 9.839267393324737819e-17
4.131197385148282227e+12 9.840549514477178115e-17
4.136248171698295898e+12 9.841399013174285480e-17
4.141305133321150391e+12 9.841847911893482077e-17
4.146368277566466309e+12 9.841847911893482077e-17
4.151437611993095703e+12 9.841847911893482077e-17
4.156513144169132324e+12 9.919309863889362512e-17
4.161594881671918457e+12 9.984839270486742746e-17
4.166682832088065918e+12 1.003958328422799186e-16
4.171777003013459473e+12 1.008457038012510962e-16
4.176877402053269043e+12 1.014882146433203868e-16
4.181984036821964844e+12 1.016990434680482496e-16
4.187096914943327637e+12 1.018510783626017088e-16
4.192216044050453125e+12 1.019566856885109961e-16
4.197341431785776855e+12 1.020639266205620449e-16
4.202473085801074219e+12 1.020851951140604005e-16
4.207611013757472656e+12 1.020984974853421970e-16
4.212755223325472168e+12 1.021073112757166807e-16
4.217905722184947266e+12 1.021119687274865874e-16
4.223062518025161133e+12 1.021119687274865874e-16
4.228225618544780762e+12 1.021119687274865874e-16
4.233395031451880859e+12 1.029156584908911875e-16
4.238570764463965332e+12 1.035955447050559128e-16
4.243752825307972168e+12 1.041635294035806831e-16
4.248941221720280762e+12 1.046302833069645822e-16
4.254135961446737305e+12 1.052969065630826182e-16
4.259337052242652344e+12 1.055156474596112895e-16
4.264544501872820312e+12 1.056733879829064104e-16
4.269758318111527832e+12 1.057829585844558626e-16
4.274978508742566895e+12 1.058531055936203135e-16
4.280205081559246094e+12 1.059162907651638129e-16
4.285438044364401855e+12 1.059300923533664222e-16
4.290677404970411621e+12 1.059392369113310295e-16
4.295923171199199219e+12 1.059440691498876162e-16
4.301175350882258301e+12 1.059440691498876162e-16
4.306433951860654297e+12 1.059440691498876162e-16
4.311698981985037109e+12 1.067779201169219178e-16
4.316970449115658203e+12 1.074833213836407576e-16
4.322248361122376465e+12 1.080726216481100403e-16
4.327532725884673828e+12 1.085568920860647893e-16
4.332823551291666992e+12 1.089462211296001687e-16
4.338120845242112793e+12 1.094754825527823932e-16
4.343424615644429199e+12 1.096391428280270868e-16
4.348734870416705078e+12 1.097528254406729047e-16
4.354051617486704590e+12 1.098256049559656899e-16
4.359374864791885742e+12 1.098911613669003951e-16
4.364704620279415039e+12 1.099054809068440471e-16
4.370040891906168945e+12 1.099149686455824144e-16
4.375383687638755859e+12 1.099199822303968732e-16
4.380733015453525879e+12 1.099199822303968732e-16
4.386088883336574707e+12 1.099199822303968732e-16
4.391451299283766602e+12 1.107851263032522887e-16
4.396820271300741699e+12 1.115170001620271079e-16
4.402195807402925781e+12 1.121284159318630455e-16
4.407577915615543945e+12 1.126308602721817736e-16
4.412966603973636719e+12 1.130348002179529578e-16
4.418361880522061523e+12 1.135839239839008056e-16
4.423763753315517578e+12 1.137537261700077728e-16
4.429172230418550781e+12 1.138716751110122129e-16
4.434587319905563477e+12 1.139471859262179545e-16
4.440009029860833008e+12 1.139914485666777876e-16
4.445437368378517578e+12 1.140300594949947073e-16
4.450872343562673828e+12 1.140399032935376356e-16
4.456313963527265625e+12 1.140451050302477553e-16
4.461762236396176758e+12 1.140451050302477553e-16
4.467217170303222656e+12 1.140451050302477553e-16
4.472678773392166016e+12 1.140451050302477553e-16
4.478147053816720703e+12 1.157020565148850570e-16
4.483622019740574219e+12 1.163364177499690542e-16
4.489103679337392578e+12 1.168577180304166684e-16
4.494592040790835938e+12 1.172768172024382505e-16
4.500087112294568359e+12 1.178465487134101534e-16
4.505588902052273438e+12 1.180227233065641477e-16
4.511097418277663086e+12 1.181450986844719395e-16
4.516612669194489258e+12 1.182234433009494567e-16
4.522134663036566406e+12 1.182693670481856480e-16
4.527663408047763672e+12 1.183094269834755711e-16
4.533198912482039062e+12 1.183196402041834403e-16
4.538741184603437500e+12 1.183250371538318091e-16
4.544290232686107422e+12 1.183250371538318091e-16
4.549846065014314453e+12 1.183250371538318091e-16
4.555408689882450195e+12 1.183250371538318091e-16
4.560978115595049805e+12 1.200441714027748335e-16
4.566554350466802734e+12 1.207023392100679614e-16
4.572137402822557617e+12 1.212432030642062263e-16
4.577727280997346680e+12 1.216780303642244231e-16
4.583323993336392578e+12 1.220156709984822012e-16
4.588927548195116211e+12 1.224519291427871525e-16
4.594537953939158203e+12 1.225788970747629398e-16
4.600155218944386719e+12 1.226601818405847322e-16
4.605779351596906250e+12 1.227078290333031461e-16
4.611410360293078125e+12 1.227493923545022813e-16
4.617048253439529297e+12 1.227599888612036994e-16
4.622693039453161133e+12 1.227655883498225986e-16
4.628344726761166016e+12 1.227655883498225986e-16
4.634003323801044922e+12 1.227655883498225986e-16
4.639668839020606445e+12 1.227655883498225986e-16
4.645341280877992188e+12 1.237318359688300109e-16
4.651020657841685547e+12 1.252321067861501337e-16
4.656706978390520508e+12 1.257932684039074648e-16
4.662400251013698242e+12 1.262444140836497803e-16
4.668100484210799805e+12 1.265947258360270361e-16
4.673807686491794922e+12 1.270473560573754475e-16
4.679521866377062500e+12 1.271790888946979644e-16
4.685243032397392578e+12 1.272634241490111914e-16
4.690971193094010742e+12 1.273128594653904878e-16
4.696706357018581055e+12 1.273393894335531276e-16
4.702448532733222656e+12 1.273669767690015134e-16
4.708197728810525391e+12 1.273727863975576927e-16
4.713953953833558594e+12 1.273727863975576927e-16
4.719717216395884766e+12 1.273727863975576927e-16
4.725487525101573242e+12 1.273727863975576927e-16
4.731264888565212891e+12 1.283752957589943716e-16
4.737049315411923828e+12 1.299318693633865690e-16
4.742840814277373047e+12 1.305140904876761810e-16
4.748639393807784180e+12 1.309821669500823657e-16
4.754445062659950195e+12 1.313456253475687901e-16
4.760257829501250977e+12 1.316184791357893784e-16
4.766077703009663086e+12 1.319519186260942133e-16
4.771904691873767578e+12 1.320394188488994207e-16
4.777738804792775391e+12 1.320907093943878968e-16
4.783580050476526367e+12 1.321182349902273815e-16
4.789428437645514648e+12 1.321468576346717566e-16
4.795283975030893555e+12 1.321528852893841429e-16
4.801146671374488281e+12 1.321528852893841429e-16
4.807016535428816406e+12 1.321528852893841429e-16
4.812893575957095703e+12 1.321528852893841429e-16
4.818777801733254883e+12 1.331930172389982450e-16
4.824669221541951172e+12 1.348080065848674158e-16
4.830567844178583008e+12 1.354120775456073879e-16
4.836473678449298828e+12 1.358977201761293843e-16
4.842386733171018555e+12 1.362748185914892122e-16
4.848307017171436523e+12 1.365579121501316595e-16
4.854234539289043945e+12 1.369038650962788073e-16
4.860169308373131836e+12 1.369946490638296099e-16
4.866111333283821289e+12 1.370478644622367190e-16
4.872060622892052734e+12 1.370764230500825001e-16
4.878017186079621094e+12 1.370942850081397308e-16
4.883981031739176758e+12 1.371123737200742559e-16
4.889952168774243164e+12 1.371123737200742559e-16
4.895930606099228516e+12 1.371123737200742559e-16
4.901916352639441406e+12 1.371123737200742559e-16
4.907909417331098633e+12 1.381915401739991012e-16
4.913909809121347656e+12 1.391044675599401824e-16
4.919917536968269531e+12 1.404938782985198987e-16
4.925932609840901367e+12 1.409977463276190665e-16
4.931955036719246094e+12 1.413889966491148558e-16
4.937984826594278320e+12 1.416827142605414311e-16
4.944021988467974609e+12 1.418945227081736614e-16
4.950066531353312500e+12 1.421358412187396981e-16
4.956118464274289062e+12 1.421910537067461716e-16
4.962177796265933594e+12 1.422206840531517978e-16
4.968244536374325195e+12 1.422392163421983284e-16
4.974318693656594727e+12 1.422579838948359335e-16
4.980400277180955078e+12 1.422579838948359335e-16
4.986489296026703125e+12 1.422579838948359335e-16
4.992585759284232422e+12 1.422579838948359335e-16
4.998689676055053711e+12 1.433776497561805268e-16
5.004801055451805664e+12 1.443248378606728639e-16
5.010919906598265625e+12 1.457663909831920405e-16
5.017046238629367188e+12 1.462891683812046755e-16
5.023180060691214844e+12 1.466951017074544405e-16
5.029321381941087891e+12 1.469998420755357157e-16
5.035470211547469727e+12 1.472195993586644677e-16
5.041626558690044922e+12 1.474699741706396294e-16
5.047790432559728516e+12 1.475272586958543167e-16
5.053961842358668945e+12 1.475580010222206937e-16
5.060140797300263672e+12 1.475772287987166277e-16
5.066327306609176758e+12 1.475899686018549333e-16
5.072521379521350586e+12 1.475967006678735052e-16
5.078723025284015625e+12 1.475967006678735052e-16
5.084932253155713867e+12 1.475967006678735052e-16
5.091149072406301758e+12 1.487583858152398669e-16
5.097373492316971680e+12 1.497411203887754431e-16
5.103605522180260742e+12 1.505621080611983008e-16
5.109845171300071289e+12 1.517791691218857693e-16
5.116092448991675781e+12 1.522003364827974400e-16
5.122347364581738281e+12 1.525165132741285808e-16
5.128609927408327148e+12 1.527445176999576205e-16
5.134880146820921875e+12 1.530042886819869403e-16
5.141158032180436523e+12 1.530637230046838582e-16
5.147443592859233398e+12 1.530956190418573223e-16
5.153736838241124023e+12 1.531155684063448461e-16
5.160037777721402344e+12 1.531287863141127541e-16
5.166346420706838867e+12 1.531357710239042127e-16
5.172662776615714844e+12 1.531357710239042127e-16
5.178986854877822266e+12 1.531357710239042127e-16
5.185318664934477539e+12 1.543410523745305560e-16
5.191658216238546875e+12 1.553606674197804903e-16
5.198005518254450195e+12 1.562124654589555060e-16
5.204360580458176758e+12 1.574752008932043738e-16
5.210723412337306641e+12 1.579121739979653248e-16
5.217094023391014648e+12 1.582402164033935535e-16
5.223472423130088867e+12 1.584767774741234414e-16
5.229858621076950195e+12 1.586410988436840114e-16
5.236252626765656250e+12 1.588079620482567398e-16
5.242654449741924805e+12 1.588410550931761982e-16
5.249064099563139648e+12 1.588617531257095180e-16
5.255481585798376953e+12 1.588754670806164054e-16
5.261906918028402344e+12 1.588827139155012525e-16
5.268340105845702148e+12 1.588827139155012525e-16
5.274781158854490234e+12 1.588827139155012525e-16
5.281230086670716797e+12 1.601332275658315878e-16
5.287686898922093750e+12 1.611911071484739763e-16
5.294151605248102539e+12 1.620748718186561021e-16
5.300624215300007812e+12 1.628011248507389352e-16
5.307104738740877930e+12 1.638383677264873045e-16
5.313593185245590820e+12 1.641787210437124009e-16
5.320089564500854492e+12 1.644241598766709976e-16
5.326593886205223633e+12 1.645946479669162234e-16
5.333106160069102539e+12 1.647677732832148748e-16
5.339626395814773438e+12 1.648021082576847534e-16
5.346154603176406250e+12 1.648235830545896084e-16
5.352690791900064453e+12 1.648378116724987468e-16
5.359234971743734375e+12 1.648453304696164987e-16
5.365787152477329102e+12 1.648453304696164987e-16
5.372347343882706055e+12 1.648453304696164987e-16
5.378915555753683594e+12 1.661427739162025328e-16
5.385491797896053711e+12 1.672403540437077232e-16
5.392076080127593750e+12 1.681572850019177216e-16
5.398668412278089844e+12 1.689107931597776949e-16
5.405268804189341797e+12 1.699869621174713698e-16
5.411877265715181641e+12 1.703400883555103402e-16
5.418493806721494141e+12 1.705947381190501024e-16
5.425118437086216797e+12 1.707716243572380724e-16
5.431751166699372070e+12 1.708848667817185186e-16
5.438392005463071289e+12 1.709868703040643062e-16
5.445040963291530273e+12 1.710091510160769774e-16
5.451698050111087891e+12 1.710239136114755089e-16
5.458363275860220703e+12 1.710317145771379672e-16
5.465036650489549805e+12 1.710317145771379672e-16
5.471718183961868164e+12 1.710317145771379672e-16
5.478407886252147461e+12 1.723778490208878538e-16
5.485105767347551758e+12 1.735166195918116402e-16
5.491811837247458008e+12 1.744679615162977482e-16
5.498526105963471680e+12 1.752497476416281269e-16
5.505248583519429688e+12 1.763663035154566095e-16
5.511979279951433594e+12 1.767326820217929379e-16
5.518718205307849609e+12 1.769968883875467981e-16
5.525465369649328125e+12 1.771804128860339418e-16
5.532220783048822266e+12 1.772979051193085305e-16
5.538984455591601562e+12 1.774037366722557966e-16
5.545756397375262695e+12 1.774268535440936271e-16
5.552536618509748047e+12 1.774421701563108495e-16
5.559325129117361328e+12 1.774502638798564703e-16
5.566121939332782227e+12 1.774502638798564703e-16
5.572927059303081055e+12 1.774502638798564703e-16
5.579740499187731445e+12 1.788469166167583217e-16
5.586562269158629883e+12 1.800284234431890691e-16
5.593392379400112305e+12 1.810154677230024075e-16
5.600230840108956055e+12 1.818265930431249257e-16
5.607077661494416992e+12 1.824786969510246918e-16
5.613932853778225586e+12 1.833651796013393693e-16
5.620796427194609375e+12 1.836393012134490073e-16
5.627668391990311523e+12 1.838297130956281680e-16
5.634548758424601562e+12 1.839516146262885022e-16
5.641437536769291016e+12 1.840230703986625631e-16
5.648334737308749023e+12 1.840854022811780106e-16
5.655240370339921875e+12 1.841012937015874214e-16
5.662154446172339844e+12 1.841096911697557910e-16
5.669076975128142578e+12 1.841096911697557910e-16
5.676007967542087891e+12 1.841096911697557910e-16
5.682947433761564453e+12 1.841096911697557910e-16
5.689895384146617188e+12 1.867846049772263096e-16
5.696851829069958984e+12 1.878086914652032545e-16
5.703816778916975586e+12 1.886502570336198829e-16
5.710790244085757812e+12 1.893268333681318517e-16
5.717772234987105469e+12 1.902465843079630033e-16
5.724762762044546875e+12 1.905309932699165886e-16
5.731761835694356445e+12 1.907285510083868778e-16
5.738769466385564453e+12 1.908550273103786614e-16
5.745785664579978516e+12 1.909291647046909612e-16
5.752810440752197266e+12 1.909938358040121850e-16
5.759843805389623047e+12 1.910103236042546814e-16
5.766885768992481445e+12 1.910190362161002771e-16
5.773936342073837891e+12 1.910190362161002771e-16
5.780995535159604492e+12 1.910190362161002771e-16
5.788063358788568359e+12 1.910190362161002771e-16
5.795139823512404297e+12 1.937943353012148989e-16
5.802224939895674805e+12 1.948568541327462635e-16
5.809318718515871094e+12 1.957300023237525259e-16
5.816421169963412109e+12 1.964319694962786959e-16
5.823532304841661133e+12 1.969770425433250672e-16
5.830652133766951172e+12 1.976813196115690057e-16
5.837780667368591797e+12 1.978862913789966791e-16
5.844917916288886719e+12 1.980175141362407108e-16
5.852063891183152344e+12 1.980944337895144576e-16
5.859218602719731445e+12 1.981615318927423887e-16
5.866382061580009766e+12 1.981786384540083160e-16
5.873554278458437500e+12 1.981876780363741110e-16
5.880735264062528320e+12 1.981876780363741110e-16
5.887925029112897461e+12 1.981876780363741110e-16
5.895123584343263672e+12 1.981876780363741110e-16
5.902330940500464844e+12 1.997475481481319303e-16
5.909547108344484375e+12 2.021695231796298025e-16
5.916772098648458984e+12 2.030754392390188898e-16
5.924005922198691406e+12 2.038037501274862270e-16
5.931248589794678711e+12 2.043692789024933334e-16
5.938500112249118164e+12 2.050999863734054038e-16
5.945760500387924805e+12 2.053126504065520335e-16
5.953029765050251953e+12 2.054487977459947215e-16
5.960307917088506836e+12 2.055286040720011036e-16
5.967594967368358398e+12 2.055714329531167677e-16
5.974890926768764648e+12 2.056159688041579018e-16
5.982195806181986328e+12 2.056253476277295475e-16
5.989509616513593750e+12 2.056253476277295475e-16
5.996832368682498047e+12 2.056253476277295475e-16
6.004164073620953125e+12 2.056253476277295475e-16
6.011504742274583984e+12 2.072437571936635232e-16
6.018854385602394531e+12 2.097566251112442989e-16
6.026213014576787109e+12 2.106965387652063629e-16
6.033580640183580078e+12 2.114521820075408999e-16
6.040957273422026367e+12 2.120389341815735097e-16
6.048342925304817383e+12 2.124794180293499345e-16
6.055737606858117188e+12 2.130177089237074195e-16
6.063141329121568359e+12 2.131589656571172248e-16
6.070554103148306641e+12 2.132417669881108380e-16
6.077975940004984375e+12 2.132862031692860635e-16
6.085406850771788086e+12 2.133324103802638591e-16
6.092846846542440430e+12 2.133421411762263845e-16
6.100295938424236328e+12 2.133421411762263845e-16
6.107754137538048828e+12 2.133421411762263845e-16
6.115221455018342773e+12 2.133421411762263845e-16
6.122697902013201172e+12 2.150212870893145815e-16
6.130183489684335938e+12 2.176284589590020701e-16
6.137678229207098633e+12 2.186036460834030554e-16
6.145182131770515625e+12 2.193876474195459802e-16
6.152695208577281250e+12 2.199964194731478099e-16
6.160217470843791992e+12 2.204534339819246977e-16
6.167748929800160156e+12 2.210119260807966715e-16
6.175289596690219727e+12 2.211584839556349658e-16
6.182839482771559570e+12 2.212443926894084318e-16
6.190398599315529297e+12 2.212904964900681248e-16
6.197966957607255859e+12 2.213193320948995005e-16
6.205544568945664062e+12 2.213485337617929827e-16
6.213131444643500000e+12 2.213485337617929827e-16
6.220727596027331055e+12 2.213485337617929827e-16
6.228333034437574219e+12 2.213485337617929827e-16
6.235947771228520508e+12 2.230906953609266576e-16
6.243571817768329102e+12 2.245644874981818483e-16
6.251205185439065430e+12 2.268074946129546551e-16
6.258847885636712891e+12 2.276209182772422378e-16
6.266499929771180664e+12 2.282525365816100550e-16
6.274161329266332031e+12 2.287267021209071957e-16
6.281832095559998047e+12 2.293061535434967008e-16
6.289512240103988281e+12 2.294582115032033588e-16
6.297201774364120117e+12 2.295473442556602225e-16
6.304900709820222656e+12 2.295951782589218629e-16
6.312609057966164062e+12 2.296250960183217495e-16
6.320326830309867188e+12 2.296553935775129101e-16
6.328054038373315430e+12 2.296553935775129101e-16
6.335790693692586914e+12 2.296553935775129101e-16
6.343536807817865234e+12 2.296553935775129101e-16
6.351292392313445312e+12 2.314629357415610837e-16
6.359057458757770508e+12 2.329920369629725291e-16
6.366832018743435547e+12 2.353192205814312991e-16
6.374616083877207031e+12 2.361631707472284720e-16
6.382409665780044922e+12 2.368184926859607901e-16
6.390212776087117188e+12 2.373104529067832472e-16
6.398025426447812500e+12 2.376652199572271209e-16
6.405847628525766602e+12 2.380694146773529788e-16
6.413679393998875000e+12 2.381618924408070953e-16
6.421520734559303711e+12 2.382115215784334141e-16
6.429371661913523438e+12 2.382425621039483732e-16
6.437232187782313477e+12 2.382631287141569994e-16
6.445102323900777344e+12 2.382739966825391838e-16
6.452982082018375977e+12 2.382739966825391838e-16
6.460871473898924805e+12 2.382739966825391838e-16
6.468770511320628906e+12 2.401493730405283126e-16
6.476679206076091797e+12 2.417358590084047170e-16
6.484597569972331055e+12 2.430612274824296273e-16
6.492525614830804688e+12 2.450260004199307661e-16
6.500463352487420898e+12 2.457059155528745941e-16
6.508410794792557617e+12 2.462163382614299969e-16
6.516367953611082031e+12 2.465844191572614217e-16
6.524334840822369141e+12 2.470037826649156416e-16
6.532311468320313477e+12 2.470997309723305864e-16
6.540297848013352539e+12 2.471512226128703756e-16
6.548293991824488281e+12 2.471834280401340769e-16
6.556299911691290039e+12 2.472047664826425587e-16
6.564315619565928711e+12 2.472160423086613185e-16
6.572341127415189453e+12 2.472160423086613185e-16
6.580376447220479492e+12 2.472160423086613185e-16
6.588421590977862305e+12 2.491617985704283001e-16
6.596476570698067383e+12 2.508078228433965997e-16
6.604541398406502930e+12 2.521829302966268392e-16
6.612616086143283203e+12 2.542214380499144980e-16
6.620700645963244141e+12 2.549268693206883610e-16
6.628795089935955078e+12 2.554564473848933731e-16
6.636899430145748047e+12 2.558383417736382118e-16
6.645013678691720703e+12 2.561036153826577885e-16
6.653137847687772461e+12 2.563729924247792691e-16
6.661271949262607422e+12 2.564264164650164268e-16
6.669415995559757812e+12 2.564598305109460575e-16
6.677569998737605469e+12 2.564819697513978998e-16
6.685733970969397461e+12 2.564936687413041721e-16
6.693907924443257812e+12 2.564936687413041721e-16
6.702091871362218750e+12 2.564936687413041721e-16
6.710285823944230469e+12 2.585124461531433004e-16
6.718489794422174805e+12 2.602202431094741048e-16
6.726703795043897461e+12 2.616469561670035275e-16
6.734927838072215820e+12 2.628193889637677079e-16
6.743161935784935547e+12 2.644938708757393182e-16
6.751406100474878906e+12 2.650433231657459050e-16
6.759660344449893555e+12 2.654395494459101274e-16
6.767924680032875977e+12 2.657147783532345290e-16
6.776199119561789062e+12 2.659942646890045851e-16
6.784483675389679688e+12 2.660496936488384596e-16
6.792778359884696289e+12 2.660843616709778707e-16
6.801083185430111328e+12 2.661073317620512765e-16
6.809398164424333008e+12 2.661194697965153708e-16
6.817723309280930664e+12 2.661194697965153708e-16
6.826058632428652344e+12 2.661194697965153708e-16
6.834404146311434570e+12 2.682140087265100315e-16
6.842759863388434570e+12 2.699858965971507393e-16
6.851125796134041992e+12 2.714661519355561719e-16
6.859501957037890625e+12 2.726825842778359072e-16
6.867888358604890625e+12 2.744199068432798015e-16
6.876285013355240234e+12 2.749899792072979448e-16
6.884691933824441406e+12 2.754010752320622220e-16
6.893109132563324219e+12 2.756866330442658192e-16
6.901536622138062500e+12 2.758694469212216136e-16
6.909974415130195312e+12 2.760341171803469731e-16
6.918422524136640625e+12 2.760700862384368291e-16
6.926880961769721680e+12 2.760939183606394580e-16
6.935349740657173828e+12 2.761065119163081105e-16
6.943828873442181641e+12 2.761065119163081105e-16
6.952318372783380859e+12 2.761065119163081105e-16
6.960818251354882812e+12 2.782796555742145850e-16
6.969328521846295898e+12 2.801180395896475850e-16
6.977849196962743164e+12 2.816538465659095051e-16
6.986380289424879883e+12 2.829159296869448030e-16
6.994921811968916992e+12 2.847184512160347088e-16
7.003473777346628906e+12 2.853099174927760167e-16
7.012036198325388672e+12 2.857364413000988151e-16
7.020609087688176758e+12 2.860327156446188125e-16
7.029192458233595703e+12 2.862223902367663536e-16
7.037786322775903320e+12 2.863932403098489972e-16
7.046390694145022461e+12 2.864305592297074505e-16
7.055005585186556641e+12 2.864552857337019121e-16
7.063631008761820312e+12 2.864683519055643661e-16
7.072266977747852539e+12 2.864683519055643661e-16
7.080913505037428711e+12 2.864683519055643661e-16
7.089570603539093750e+12 2.887230502022969981e-16
7.098238286177172852e+12 2.906304258574943911e-16
7.106916565891789062e+12 2.922238692365776766e-16
7.115605455638892578e+12 2.935333163377761127e-16
7.124304968390267578e+12 2.945860458614340798e-16
7.133015117133558594e+12 2.960171467134478410e-16
7.141735914872291992e+12 2.964596772835680710e-16
7.150467374625888672e+12 2.967670703348854796e-16
7.159209509429686523e+12 2.969638631139971576e-16
7.167962332334966797e+12 2.971411249196650452e-16
7.176725856408958008e+12 2.971798443594658078e-16
7.185500094734872070e+12 2.972054988099838724e-16
7.194285060411913086e+12 2.972190553345771582e-16
7.203080766555298828e+12 2.972190553345771582e-16
7.211887226296285156e+12 2.972190553345771582e-16
7.220704452782180664e+12 2.972190553345771582e-16
7.229532459176367188e+12 3.015373253284405649e-16
7.238371258658318359e+12 3.031905681132365540e-16
7.247220864423627930e+12 3.045491566897403971e-16
7.256081289684012695e+12 3.056413934847060954e-16
7.264952547667349609e+12 3.071262012845717471e-16
7.273834651617686523e+12 3.075853393259396908e-16
7.282727614795259766e+12 3.079042683515064744e-16
7.291631450476520508e+12 3.081084464518626770e-16
7.300546171954154297e+12 3.082281307887515718e-16
7.309471792537091797e+12 3.083325331313201173e-16
7.318408325550541016e+12 3.083591503527248563e-16
7.327355784335996094e+12 3.083732156322100728e-16
7.336314182251267578e+12 3.083732156322100728e-16
7.345283532670494141e+12 3.083732156322100728e-16
7.354263848984166016e+12 3.083732156322100728e-16
7.363255144599144531e+12 3.128535434580176296e-16
7.372257432938686523e+12 3.145688298254895862e-16
7.381270727442449219e+12 3.159784040790181068e-16
7.390295041566533203e+12 3.171116307905970323e-16
7.399330388783485352e+12 3.179915741281917792e-16
7.408376782582320312e+12 3.191285298396880707e-16
7.417434236468550781e+12 3.194594277663427355e-16
7.426502763964199219e+12 3.196712683473500054e-16
7.435582378607816406e+12 3.197954442478005885e-16
7.444673093954508789e+12 3.199037646448935182e-16
7.453774923575958984e+12 3.199313807684510049e-16
7.462887881060430664e+12 3.199459738955933397e-16
7.472011980012813477e+12 3.199459738955933397e-16
7.481147234054624023e+12 3.199459738955933397e-16
7.490293656824029297e+12 3.199459738955933397e-16
7.499451261975879883e+12 3.245944413270488374e-16
7.508620063181708008e+12 3.263740996745661991e-16
7.517800074129772461e+12 3.278365730168074745e-16
7.526991308525063477e+12 3.290123279316346325e-16
7.536193780089321289e+12 3.299252941486989574e-16
7.545407502561069336e+12 3.311049180069028861e-16
7.554632489695625977e+12 3.314482340085424213e-16
7.563868755265124023e+12 3.316680246309608935e-16
7.573116313058537109e+12 3.317968606562381630e-16
7.582375176881698242e+12 3.318660018269465743e-16
7.591645360557314453e+12 3.319378986591603097e-16
7.600926877924995117e+12 3.319530394432461764e-16
7.610219742841272461e+12 3.319530394432461764e-16
7.619523969179615234e+12 3.319530394432461764e-16
7.628839570830455078e+12 3.319530394432461764e-16
7.638166561701209961e+12 3.345657327744614826e-16
7.647504955716293945e+12 3.386224025993827966e-16
7.656854766817150391e+12 3.401397602493345612e-16
7.666216008962268555e+12 3.413596393835053553e-16
7.675588696127196289e+12 3.423068677763915257e-16
7.684972842304573242e+12 3.430179666451932041e-16
7.694368461504148438e+12 3.438869611565610111e-16
7.703775567752792969e+12 3.441150001728504404e-16
7.713194175094532227e+12 3.442486712100566842e-16
7.722624297590556641e+12 3.443204071393695428e-16
7.732065949319253906e+12 3.443950021457986903e-16
7.741519144376221680e+12 3.444107111395255321e-16
7.750983896874287109e+12 3.444107111395255321e-16
7.760460220943536133e+12 3.444107111395255321e-16
7.769948130731331055e+12 3.444107111395255321e-16
7.779447640402323242e+12 3.471214547124796676e-16
7.788958764138490234e+12 3.513303649294269403e-16
7.798481516139146484e+12 3.529046666082106668e-16
7.808015910620959961e+12 3.541703258737763927e-16
7.817561961817987305e+12 3.551531022476653327e-16
7.827119683981687500e+12 3.558908875305031692e-16
7.836689091380936523e+12 3.567924940292371574e-16
7.846270198302062500e+12 3.570290909885526337e-16
7.855863019048857422e+12 3.571677784880259487e-16
7.865467567942600586e+12 3.572422065531232147e-16
7.875083859322079102e+12 3.572887575585239740e-16
7.884711907543616211e+12 3.573358995193470042e-16
7.894351726981079102e+12 3.573358995193470042e-16
7.904003332025916992e+12 3.573358995193470042e-16
7.913666737087165039e+12 3.573358995193470042e-16
7.923341956591480469e+12 3.601483730042830236e-16
7.933029004983160156e+12 3.625276019520445282e-16
7.942727896724154297e+12 3.661486196808007918e-16
7.952438646294099609e+12 3.674617771335685725e-16
7.962161268190334961e+12 3.684814355478729332e-16
7.971895776927918945e+12 3.692469087435895183e-16
7.981642187039662109e+12 3.701823511059121919e-16
7.991400513076140625e+12 3.704278271742981987e-16
8.001170769605715820e+12 3.705717193959205031e-16
8.010952971214568359e+12 3.706489406283931977e-16
8.020747132506706055e+12 3.706972386192814022e-16
8.030553268103993164e+12 3.707461497432127221e-16
8.040371392646169922e+12 3.707461497432127221e-16
8.050201520790879883e+12 3.707461497432127221e-16
8.060043667213676758e+12 3.707461497432127221e-16
8.069897846608064453e+12 3.736641709025684798e-16
8.079764073685513672e+12 3.761326885436078259e-16
8.089642363175471680e+12 3.798895973313731616e-16
8.099532729825401367e+12 3.812520355030629703e-16
8.109435188400791016e+12 3.823099600823316883e-16
8.119349753685186523e+12 3.831041602744346445e-16
8.129276440480208008e+12 3.836768814979987624e-16
8.139215263605560547e+12 3.843293967030580878e-16
8.149166237899084961e+12 3.844786889718064141e-16
8.159129378216750000e+12 3.845588081948013698e-16
8.169104699432692383e+12 3.846089187327748270e-16
8.179092216439231445e+12 3.846421206159499779e-16
8.189091944146900391e+12 3.846596654137030975e-16
8.199103897484452148e+12 3.846596654137030975e-16
8.209128091398897461e+12 3.846596654137030975e-16
8.219164540855521484e+12 3.876871952844930286e-16
8.229213260837902344e+12 3.902483524820194753e-16
8.239274266347939453e+12 3.923879724190095957e-16
8.249347572405875977e+12 3.955598204228856468e-16
8.259433194050311523e+12 3.966574472356692635e-16
8.269531146338240234e+12 3.974814525028242569e-16
8.279641444345060547e+12 3.980756670466140700e-16
8.289764103164598633e+12 3.987526701136164644e-16
8.299899137909145508e+12 3.989075650847047800e-16
8.310046563709452148e+12 3.989906910552153278e-16
8.320206395714782227e+12 3.990426821622946930e-16
8.330378649092917969e+12 3.990771300595476510e-16
8.340563339030175781e+12 3.990953332857662718e-16
8.350760480731454102e+12 3.990953332857662718e-16
8.360970089420233398e+12 3.990953332857662718e-16
8.371192180338599609e+12 4.022364815564484970e-16
8.381426768747284180e+12 4.048937549262589318e-16
8.391673869925673828e+12 4.071136714099369656e-16
8.401933499171832031e+12 4.104045538446140950e-16
8.412205671802526367e+12 4.115433728528408793e-16
8.422490403153257812e+12 4.123983017322978882e-16
8.432787708578263672e+12 4.130148162065721230e-16
8.443097603450565430e+12 4.134430629271930883e-16
8.453420103161972656e+12 4.138779340601544793e-16
8.463755223123113281e+12 4.139641796166516255e-16
8.474102978763459961e+12 4.140181218676162752e-16
8.484463385531348633e+12 4.140538625398813441e-16
8.494836458893996094e+12 4.140727489043427458e-16
8.505222214337538086e+12 4.140727489043427458e-16
8.515620667367035156e+12 4.140727489043427458e-16
8.526031833506511719e+12 4.173317794934732944e-16
8.536455728298971680e+12 4.200887761232481589e-16
8.546892367306411133e+12 4.223920025558069105e-16
8.557341766109864258e+12 4.258063865949007071e-16
8.567803940309414062e+12 4.269879436764096685e-16
8.578278905524204102e+12 4.278749566823497478e-16
8.588766677392486328e+12 4.285146079681724246e-16
8.599267271571629883e+12 4.289589261097975448e-16
8.609780703738140625e+12 4.294101172674639100e-16
8.620306989587694336e+12 4.294995994830677325e-16
8.630846144835161133e+12 4.295555661012567582e-16
8.641398185214610352e+12 4.295926480643322691e-16
8.651963126479362305e+12 4.296122432041324951e-16
8.662540984401993164e+12 4.296122432041324951e-16
8.673131774774354492e+12 4.296122432041324951e-16
8.683735513407615234e+12 4.329935800483755219e-16
8.694352216132271484e+12 4.358540423940814056e-16
8.704981898798169922e+12 4.382437052659242925e-16
8.715624577274542969e+12 4.402074632264841662e-16
8.726280267450014648e+12 4.430121247759762098e-16
8.736948985232643555e+12 4.439324259748391577e-16
8.747630746549935547e+12 4.445960823600947116e-16
8.758325567348862305e+12 4.450570750576942417e-16
8.769033463595899414e+12 4.453522022042643560e-16
8.779754451277044922e+12 4.456180390461382747e-16
8.790488546397830078e+12 4.456761060028466117e-16
8.801235764983367188e+12 4.457145795932517432e-16
8.811996123078357422e+12 4.457349101076063966e-16
8.822769636747111328e+12 4.457349101076063966e-16
8.833556322073583984e+12 4.457349101076063966e-16
8.844356195161400391e+12 4.492431431669608970e-16
8.855169272133863281e+12 4.522109541330082710e-16
8.865995569133994141e+12 4.546902972667704576e-16
8.876835102324554688e+12 4.567277519526401230e-16
8.887687887888052734e+12 4.596376680069902899e-16
8.898553942026796875e+12 4.605925066519219672e-16
8.909433280962896484e+12 4.612810690099636664e-16
8.920325920938296875e+12 4.617593620332076813e-16
8.931231878214792969e+12 4.620655648340536838e-16
8.942151169074076172e+12 4.623413781114690467e-16
8.953083809817728516e+12 4.624016242290740280e-16
8.964029816767273438e+12 4.624415416723779161e-16
8.974989206264181641e+12 4.624626351587290138e-16
8.985961994669904297e+12 4.624626351587290138e-16
8.996948198365902344e+12 4.624626351587290138e-16
9.007947833753656250e+12 4.661025266471216117e-16
9.018960917254703125e+12 4.691817148571719510e-16
9.029987465310658203e+12 4.717541038110136328e-16
9.041027494383230469e+12 4.738680209435449999e-16
9.052081020954267578e+12 4.755675038580860832e-16
9.063148061525757812e+12 4.778778137642161472e-16
9.074228632619865234e+12 4.785922167767470270e-16
9.085322750778960938e+12 4.790884593794502031e-16
9.096430432565636719e+12 4.794061534863308711e-16
9.107551694562726562e+12 4.796923175991094150e-16
9.118686553373351562e+12 4.797548246580673283e-16
9.129835025620923828e+12 4.797962401397818265e-16
9.140997127949179688e+12 4.798181252312598175e-16
9.152172877022203125e+12 4.798181252312598175e-16
9.163362289524458984e+12 4.798181252312598175e-16
9.174565382160800781e+12 4.798181252312598175e-16
9.185782171656511719e+12 4.867893613465400919e-16
9.197012674757318359e+12 4.894582879826872072e-16
9.208256908229423828e+12 4.916515370763729485e-16
9.219514888859535156e+12 4.934147988924066385e-16
9.230786633454867188e+12 4.958118110693624230e-16
9.242072158843197266e+12 4.965530244952091889e-16
9.253371481872873047e+12 4.970678902966533072e-16
9.264684619412835938e+12 4.973975069600798435e-16
9.276011588352656250e+12 4.975907203934545668e-16
9.287352405602554688e+12 4.977592632085329359e-16
9.298707088093419922e+12 4.978022329476664503e-16
9.310075652776843750e+12 4.978249393519576388e-16
9.321458116625148438e+12 4.978249393519576388e-16
9.332854496631394531e+12 4.978249393519576388e-16
9.344264809809427734e+12 4.978249393519576388e-16
9.355689073193892578e+12 5.050577949149378873e-16
9.367127303840259766e+12 5.078268821396740550e-16
9.378579518824849609e+12 5.101024403973401664e-16
9.390045735244867188e+12 5.119318746360019036e-16
9.401525970218408203e+12 5.133524186925704407e-16
9.413020240884509766e+12 5.151878728741572048e-16
9.424528564403154297e+12 5.157220607734884224e-16
9.436050957955306641e+12 5.160640474281205810e-16
9.447587438742939453e+12 5.162645118555645455e-16
9.459138023989052734e+12 5.164393798154903444e-16
9.470702730937707031e+12 5.164839621408617441e-16
9.482281576854042969e+12 5.165075206805349579e-16
9.493874579024304688e+12 5.165075206805349579e-16
9.505481754755882812e+12 5.165075206805349579e-16
9.517103121377318359e+12 5.165075206805349579e-16
9.528738696238335938e+12 5.240118138546341928e-16
9.540388496709882812e+12 5.268848205361766426e-16
9.552052540184134766e+12 5.292457768903545292e-16
9.563730844074533203e+12 5.311438668978365199e-16
9.575423425815810547e+12 5.326177217224477913e-16
9.587130302864015625e+12 5.345220575917759600e-16
9.598851492696533203e+12 5.350762927167181225e-16
9.610587012812125000e+12 5.354311135887296171e-16
9.622336880730941406e+12 5.356391011285634689e-16
9.634101113994548828e+12 5.357507197691256044e-16
9.645879730165968750e+12 5.358667870354186666e-16
9.657672746829687500e+12 5.358912296897647628e-16
9.669480181591697266e+12 5.358912296897647628e-16
9.681302052079507812e+12 5.358912296897647628e-16
9.693138375942183594e+12 5.358912296897647628e-16
9.704989170850369141e+12 5.401090535253756903e-16
9.716854454496312500e+12 5.466579731694572053e-16
9.728734244593886719e+12 5.491075324754228543e-16
9.740628558878625000e+12 5.510768547939655527e-16
9.752537415107750000e+12 5.526060210552902421e-16
9.764460831060179688e+12 5.545818236329797795e-16
9.776398824536587891e+12 5.551568583241517872e-16
9.788351413359396484e+12 5.555249950613889489e-16
9.800318615372820312e+12 5.557407880441026988e-16
9.812300448442892578e+12 5.558565955554207381e-16
9.824296930457492188e+12 5.559770186423461818e-16
9.836308079326359375e+12 5.560023785907882739e-16
9.848333912981136719e+12 5.560023785907882739e-16
9.860374449375392578e+12 5.560023785907882739e-16
9.872429706484634766e+12 5.560023785907882739e-16
9.884499702306363281e+12 5.603784906731491331e-16
9.896584454860064453e+12 5.671731808967925818e-16
9.908683982187267578e+12 5.697146682829632726e-16
9.920798302351560547e+12 5.717578961483560908e-16
9.932927433438601562e+12 5.733444495969906372e-16
9.945071393556175781e+12 5.745354995814405458e-16
9.957230200834201172e+12 5.759910157475619979e-16
9.969403873424757812e+12 5.763729680733521859e-16
9.981592429502121094e+12 5.765968594248516854e-16
9.993795887262792969e+12 5.767170130086095658e-16
1.000601426492550781e+13 5.767921630225071048e-16
1.001824758073128906e+13 5.768682670503473715e-16
1.003049585294344531e+13 5.768682670503473715e-16
1.004275909984763672e+13 5.768682670503473715e-16
1.005503733975185742e+13 5.768682670503473715e-16
1.006733059098649023e+13 5.814086076866013683e-16
1.007963887190434180e+13 5.852495362970694359e-16
1.009196220088064258e+13 5.910951572519074507e-16
1.010430059631308398e+13 5.932150642222435985e-16
1.011665407662187500e+13 5.948611585084159380e-16
1.012902266024972266e+13 5.960969067119422811e-16
1.014140636566188086e+13 5.976070460939759359e-16
1.015380521134619922e+13 5.980033324854710023e-16
1.016621921581311133e+13 5.982356261247077200e-16
1.017864839759568555e+13 5.983602888821187908e-16
1.019109277524966016e+13 5.984382591569866880e-16
1.020355236735344531e+13 5.985172192484291596e-16
1.021602719250816797e+13 5.985172192484291596e-16
1.022851726933770898e+13 5.985172192484291596e-16
1.024102261648870312e+13 5.985172192484291596e-16
1.025354325263058984e+13 6.032279516760358853e-16
1.026607919645562500e+13 6.072130242525250135e-16
1.027863046667893555e+13 6.132780221012705899e-16
1.029119708203851758e+13 6.154774858218849435e-16
1.030377906129526758e+13 6.171853554189044921e-16
1.031637642323304492e+13 6.184674792948591571e-16
1.032898918665864844e+13 6.193920567027960201e-16
1.034161737040187500e+13 6.204454502075429785e-16
1.035426099331556055e+13 6.206864614590647852e-16
1.036692007427557031e+13 6.208158026122730159e-16
1.037959463218085156e+13 6.208966989880376880e-16
1.039228468595346484e+13 6.209786223266247779e-16
1.040499025453859961e+13 6.209786223266247779e-16
1.041771135690460156e+13 6.209786223266247779e-16
1.043044801204302344e+13 6.209786223266247779e-16
1.044320023896861914e+13 6.258661410795821382e-16
1.045596805671939844e+13 6.300007671167866974e-16
1.046875148435665234e+13 6.334548808704232828e-16
1.048155054096496484e+13 6.385753808364336143e-16
1.049436524565225391e+13 6.403473440738530664e-16
1.050719561754981250e+13 6.416775840277547173e-16
1.052004167581230859e+13 6.426368593611125962e-16
1.053290343961782812e+13 6.437297850553256248e-16
1.054578092816791992e+13 6.439798410773114384e-16
1.055867416068759375e+13 6.441140361990996289e-16
1.057158315642536328e+13 6.441979684876920803e-16
1.058450793465328906e+13 6.442535797453869710e-16
1.059744851466697852e+13 6.442829662793948776e-16
1.061040491578563672e+13 6.442829662793948776e-16
1.062337715735209180e+13 6.442829662793948776e-16
1.063636525873281445e+13 6.493539058684316062e-16
1.064936923931794727e+13 6.536436978708122846e-16
1.066238911852135938e+13 6.572274390416780657e-16
1.067542491578063477e+13 6.625401032596088534e-16
1.068847665055712500e+13 6.643785654702164403e-16
1.070154434233599023e+13 6.657587272222458492e-16
1.071462801062619531e+13 6.667540026391979644e-16
1.072772767496056250e+13 6.674453463970652466e-16
1.074084335489580078e+13 6.681473843316783208e-16
1.075397507001252344e+13 6.682866155837977718e-16
1.076712283991527734e+13 6.683736977182170473e-16
1.078028668423259180e+13 6.684313959783149651e-16
1.079346662261698438e+13 6.684618853423905562e-16
1.080666267474500000e+13 6.684618853423905562e-16
1.081987486031723633e+13 6.684618853423905562e-16
1.083310319905839453e+13 6.737231292609126272e-16
1.084634771071727148e+13 6.781739103613314460e-16
1.085960841506681055e+13 6.818921436610416657e-16
1.087288533190414844e+13 6.874041837508445975e-16
1.088617848105060547e+13 6.893116405357575004e-16
1.089948788235173633e+13 6.907435975719132521e-16
1.091281355567737695e+13 6.917762240985661399e-16
1.092615552092163477e+13 6.924935128924517884e-16
1.093951379800294922e+13 6.932218971985949885e-16
1.095288840686411914e+13 6.933663535790387841e-16
1.096627936747231250e+13 6.934567037680089384e-16
1.097968669981910938e+13 6.935165673524038319e-16
1.099311042392054883e+13 6.935482009340124236e-16
1.100655055981711914e+13 6.935482009340124236e-16
1.102000712757382031e+13 6.935482009340124236e-16
1.103348014728019141e+13 6.990068910020287338e-16
1.104696963905031641e+13 7.036247028662990064e-16
1.106047562302288086e+13 7.074824755713888733e-16
1.107399811936119531e+13 7.106526850385548179e-16
1.108753714825321289e+13 7.151804144099795141e-16
1.110109272991156641e+13 7.166661105252216956e-16
1.111466488457361914e+13 7.177374898895515470e-16
1.112825363250145508e+13 7.184816973955558828e-16
1.114185899398193555e+13 7.189581384299732232e-16
1.115548098932674023e+13 7.193872944103719655e-16
1.116911963887236133e+13 7.194810352988029777e-16
1.118277496298016211e+13 7.195431454686853172e-16
1.119644698203640430e+13 7.195759662084983101e-16
1.121013571645227148e+13 7.195759662084983101e-16
1.122384118666389062e+13 7.195759662084983101e-16
1.123756341313239453e+13 7.252395122672089377e-16
1.125130241634391211e+13 7.300306232952909483e-16
1.126505821680962891e+13 7.340331720985890540e-16
1.127883083506581250e+13 7.373223545048689760e-16
1.129262029167382422e+13 7.420200023868559238e-16
1.130642660722016602e+13 7.435614543236900525e-16
1.132024980231652344e+13 7.446730408583033192e-16
1.133408989759976758e+13 7.454451772930478582e-16
1.134794691373200195e+13 7.459394984047174945e-16
1.136182087140058789e+13 7.463847599291995783e-16
1.137571179131820117e+13 7.464820187646707268e-16
1.138961969422281250e+13 7.465464598308350095e-16
1.140354460087775391e+13 7.465805122810192150e-16
1.141748653207176172e+13 7.465805122810192150e-16
1.143144550861896484e+13 7.465805122810192150e-16
1.144542155135894336e+13 7.524566022512254402e-16
1.145941468115677539e+13 7.574275160861993607e-16
1.147342491890302734e+13 7.615802742053194625e-16
1.148745228551380664e+13 7.649928944166434778e-16
1.150149680193081055e+13 7.677364692019133388e-16
1.151555848912132422e+13 7.714661377677953965e-16
1.152963736807826562e+13 7.726194403840972840e-16
1.154373345982023242e+13 7.734205538760331040e-16
1.155784678539150977e+13 7.739334260759292721e-16
1.157197736586210742e+13 7.743953975600498291e-16
1.158612522232780859e+13 7.744963063655405492e-16
1.160029037591017969e+13 7.745631658028315628e-16
1.161447284775660156e+13 7.745984961875259427e-16
1.162867265904033398e+13 7.745984961875259427e-16
1.164288983096050000e+13 7.745984961875259427e-16
1.165712438474214453e+13 7.806951065055181002e-16
1.167137634163628125e+13 7.858525708618866177e-16
1.168564572291987891e+13 7.901611754144927536e-16
1.169993254989592969e+13 7.937018658561362636e-16
1.171423684389348438e+13 7.965484026567756405e-16
1.172855862626764844e+13 8.004180397754614480e-16
1.174289791839964453e+13 8.016146240119119568e-16
1.175725474169684961e+13 8.024458020240905892e-16
1.177162911759278906e+13 8.029779215051658987e-16
1.178602106754720508e+13 8.032898372646280775e-16
1.180043061304608594e+13 8.035619258003414289e-16
1.181485777560167188e+13 8.036312943663964547e-16
1.182930257675250586e+13 8.036679506444586108e-16
1.184376503806348047e+13 8.036679506444586108e-16
1.185824518112583594e+13 8.036679506444586108e-16
1.187274302755721094e+13 8.036679506444586108e-16
1.188725859900168750e+13 8.153443729128454771e-16
1.190179191712979883e+13 8.198146725686971141e-16
1.191634300363857031e+13 8.234882395135175828e-16
1.193091188025155273e+13 8.264416023308525257e-16
1.194549856871887695e+13 8.287348697839229806e-16
1.196010309081724023e+13 8.316979509476304625e-16
1.197472546834996875e+13 8.325603217538689336e-16
1.198936572314706055e+13 8.331124108360949406e-16
1.200402387706518750e+13 8.334360322998784272e-16
1.201869995198774414e+13 8.337183318872993979e-16
1.203339396982489258e+13 8.337903037457459003e-16
1.204810595251357031e+13 8.338283356758536090e-16
1.206283592201753125e+13 8.338283356758536090e-16
1.207758390032739844e+13 8.338283356758536090e-16
1.209234990946066992e+13 8.338283356758536090e-16
1.210713397146175195e+13 8.459429555743954174e-16
1.212193610840202734e+13 8.505810184945631140e-16
1.213675634237984570e+13 8.543924485872240922e-16
1.215159469552056836e+13 8.574566464324294548e-16
1.216645118997663281e+13 8.598359765800607042e-16
1.218132584792753125e+13 8.629102574857822679e-16
1.219621869157988477e+13 8.638049917022265865e-16
1.221112974316747656e+13 8.643777998130987924e-16
1.222605902495125000e+13 8.647135662777429090e-16
1.224100655921936914e+13 8.648937587852357070e-16
1.225597236828727148e+13 8.650811329697432406e-16
1.227095647449764648e+13 8.651205921779384004e-16
1.228595890022050781e+13 8.651205921779384004e-16
1.230097966785324023e+13 8.651205921779384004e-16
1.231601879982058398e+13 8.651205921779384004e-16
1.233107631857470117e+13 8.719296721781437746e-16
1.234615224659521875e+13 8.825019766435357677e-16
1.236124660638923633e+13 8.864564436695752965e-16
1.237635942049136133e+13 8.896356360056643299e-16
1.239149071146377539e+13 8.921042586444441623e-16
1.240664050189622656e+13 8.952939124423369154e-16
1.242180881440607812e+13 8.962222246165025584e-16
1.243699567163836523e+13 8.968165293083437978e-16
1.245220109626579297e+13 8.971648965564906786e-16
1.246742511098877930e+13 8.973518514033320175e-16
1.248266773853552148e+13 8.975462574441492828e-16
1.249792900166198242e+13 8.975871974939172601e-16
1.251320892315194141e+13 8.975871974939172601e-16
1.252850752581706445e+13 8.975871974939172601e-16
1.254382483249687305e+13 8.975871974939172601e-16
1.255916086605883203e+13 9.046518114797084926e-16
1.257451564939834570e+13 9.156208777832325367e-16
1.258988920543884180e+13 9.197237496921639915e-16
1.260528155713174219e+13 9.230222520802070254e-16
1.262069272745653906e+13 9.255835182158726368e-16
1.263612273942083398e+13 9.275062999498773891e-16
1.265157161606033789e+13 9.298560249272550070e-16
1.266703938043892383e+13 9.304726329326941808e-16
1.268252605564868945e+13 9.308340738517869565e-16
1.269803166480993555e+13 9.310280448178595321e-16
1.271355623107123633e+13 9.311493638858409312e-16
1.272909977760948438e+13 9.312722230743937232e-16
1.274466232762988867e+13 9.312722230743937232e-16
1.276024390436602930e+13 9.312722230743937232e-16
1.277584453107991406e+13 9.312722230743937232e-16
1.279146423106196484e+13 9.386019608314372558e-16
1.280710302763108203e+13 9.448025967999062745e-16
1.282276094413469727e+13 9.542395250083132011e-16
1.283843800394876367e+13 9.576618149655513650e-16
1.285413423047781250e+13 9.603192013617769939e-16
1.286984964715501367e+13 9.623141420482228063e-16
1.288558427744216602e+13 9.647520484816093783e-16
1.290133814482974805e+13 9.653917968086732322e-16
1.291711127283698047e+13 9.657668020328713770e-16
1.293290368501181836e+13 9.659680524220157270e-16
1.294871540493100977e+13 9.660939244024267900e-16
1.296454645620014062e+13 9.662213943016947016e-16
1.298039686245364453e+13 9.662213943016947016e-16
1.299626664735484375e+13 9.662213943016947016e-16
1.301215583459601367e+13 9.662213943016947016e-16
1.302806444789837891e+13 9.738262055051216226e-16
1.304399251101216016e+13 9.802595415185512881e-16
1.305994004771664062e+13 9.900506226928081278e-16
1.307590708182015234e+13 9.936013457706113653e-16
1.309189363716013281e+13 9.963584596685036516e-16
1.310789973760319141e+13 9.984282673185626340e-16
1.312392540704508984e+13 9.999208667685138626e-16
1.313997066941080469e+13 1.001621421586607573e-15
1.315603554865458789e+13 1.002010500162793473e-15
1.317212006875995312e+13 1.002219303160224977e-15
1.318822425373974609e+13 1.002349898916656753e-15
1.320434812763616016e+13 1.002482152559308613e-15
1.322049171452080859e+13 1.002482152559308613e-15
1.323665503849470703e+13 1.002482152559308613e-15
1.325283812368833984e+13 1.002482152559308613e-15
1.326904099426172070e+13 1.010372360279795411e-15
1.328526367440436719e+13 1.017047129202233993e-15
1.330150618833538281e+13 1.027205654142106049e-15
1.331776856030349414e+13 1.030889630232027797e-15
1.333405081458705859e+13 1.033750214246737869e-15
1.335035297549411328e+13 1.035897698498951476e-15
1.336667506736243555e+13 1.037446312841710286e-15
1.338301711455953906e+13 1.039210686788138677e-15
1.339937914148272656e+13 1.039614366866917576e-15
1.341576117255914844e+13 1.039831005910060700e-15
1.343216323224580664e+13 1.039966502718343933e-15
1.344858534502959375e+13 1.040056279228059631e-15
1.346502753542736719e+13 1.040103719630690626e-15
1.348148982798593555e+13 1.040103719630690626e-15
1.349797224728211914e+13 1.040103719630690626e-15
1.351447481792280859e+13 1.048290034347402307e-15
1.353099756454495312e+13 1.055215296773451489e-15
1.354754051181562500e+13 1.061000739998090117e-15
1.356410368443207617e+13 1.069577284937852762e-15
1.358068710712173438e+13 1.072545222138949128e-15
1.359729080464225586e+13 1.074773298073142657e-15
1.361391480178158594e+13 1.076380029458898162e-15
1.363055912335795898e+13 1.077496106170119912e-15
1.364722379421994727e+13 1.078629447117079262e-15
1.366390883924652344e+13 1.078854216280315923e-15
1.368061428334706250e+13 1.078994798069162483e-15
1.369734015146138672e+13 1.079087943749065519e-15
1.371408646855983203e+13 1.079137164514853045e-15
1.373085325964324805e+13 1.079137164514853045e-15
1.374764054974304102e+13 1.079137164514853045e-15
1.376444836392124805e+13 1.087630698654270504e-15
1.378127672727052539e+13 1.094815855208293265e-15
1.379812566491420508e+13 1.100818416951957323e-15
1.381499520200635352e+13 1.109716826036501299e-15
1.383188536373177734e+13 1.112796145219002146e-15
1.384879617530607617e+13 1.115107837313327983e-15
1.386572766197566602e+13 1.116774866782636233e-15
1.388267984901786133e+13 1.117932828084761376e-15
1.389965276174085352e+13 1.119108701522042029e-15
1.391664642548377344e+13 1.119341905915899670e-15
1.393366086561675391e+13 1.119487763516574266e-15
1.395069610754092773e+13 1.119584404806284493e-15
1.396775217668847852e+13 1.119635472749437437e-15
1.398482909852270703e+13 1.119635472749437437e-15
1.400192689853802344e+13 1.119635472749437437e-15
1.401904560226000781e+13 1.128447755769803244e-15
1.403618523524546484e+13 1.135902559866703127e-15
1.405334582308243359e+13 1.142130388243457042e-15
1.407052739139022266e+13 1.147248243023708363e-15
1.408772996581949609e+13 1.154557621677462627e-15
1.410495357205225391e+13 1.156956067913947746e-15
1.412219823580189258e+13 1.158685658358360826e-15
1.413946398281326562e+13 1.159887076113733285e-15
1.415675083886268750e+13 1.161107078218317198e-15
1.417405882975797852e+13 1.161349034403638120e-15
1.419138798133853906e+13 1.161500365809001287e-15
1.420873831947533594e+13 1.161600633893216776e-15
1.422610987007096680e+13 1.161653618335375489e-15
1.424350265905972266e+13 1.161653618335375489e-15
1.426091671240757031e+13 1.161653618335375489e-15
1.427835205611223438e+13 1.170796612377235722e-15
1.429580871620323828e+13 1.178531183462125552e-15
1.431328671874190820e+13 1.184992732371845458e-15
1.433078608982143750e+13 1.190302652134386587e-15
1.434830685556693555e+13 1.197886340189630027e-15
1.436584904213543555e+13 1.200374796313795125e-15
1.438341267571594922e+13 1.202169295547600909e-15
1.440099778252952734e+13 1.203415800608068290e-15
1.441860438882925781e+13 1.204213812124512072e-15
1.443623252090032422e+13 1.204932623876585313e-15
1.445388220506007227e+13 1.205089634509855369e-15
1.447155346765799414e+13 1.205193665496428488e-15
1.448924633507580078e+13 1.205248638360764452e-15
1.450696083372748242e+13 1.205248638360764452e-15
1.452469699005929688e+13 1.205248638360764452e-15
1.454245483054983398e+13 1.214734754484849227e-15
1.456023438171008398e+13 1.222759591769586833e-15
1.457803567008341797e+13 1.229463632373619159e-15
1.459585872224567578e+13 1.234972825012969182e-15
1.461370356480517773e+13 1.239401938443863031e-15
1.463157022440279492e+13 1.245422960807321326e-15
1.464945872771195117e+13 1.247284804754558895e-15
1.466736910143867773e+13 1.248578089175254419e-15
1.468530137232168164e+13 1.249406048799715241e-15
1.470325556713233789e+13 1.250151836418115011e-15
1.472123171267474805e+13 1.250314739411718154e-15
1.473922983578581641e+13 1.250422674516413499e-15
1.475724996333522461e+13 1.250479710425260726e-15
1.477529212222550977e+13 1.250479710425260726e-15
1.479335633939212500e+13 1.250479710425260726e-15
1.481144264180342383e+13 1.260321825459748139e-15
1.482955105646074219e+13 1.268647822174979262e-15
1.484768161039844336e+13 1.275603454802460384e-15
1.486583433068391992e+13 1.281319398714001508e-15
1.488400924441766016e+13 1.285914729755435134e-15
1.490220637873330664e+13 1.292161711549799058e-15
1.492042576079765234e+13 1.294093427550876662e-15
1.493866741781070312e+13 1.295435246887083151e-15
1.495693137700574414e+13 1.296294278524611224e-15
1.497521766564933398e+13 1.296797822399908034e-15
1.499352631104136523e+13 1.297237070855751269e-15
1.501185734051512891e+13 1.297349056593936887e-15
1.503021078143731250e+13 1.297408232970087969e-15
1.504858666120806445e+13 1.297408232970087969e-15
1.506698500726105078e+13 1.297408232970087969e-15
1.508540584706345703e+13 1.297408232970087969e-15
1.510384920811605078e+13 1.316258165172178112e-15
1.512231511795324219e+13 1.323474831673180789e-15
1.514080360414308594e+13 1.329405285904626738e-15
1.515931469428733789e+13 1.334173072440204523e-15
1.517784841602152344e+13 1.340654493564954907e-15
1.519640479701493555e+13 1.342658703807363249e-15
1.521498386497068750e+13 1.344050879497571391e-15
1.523358564762579492e+13 1.344942149231593397e-15
1.525221017275115625e+13 1.345464590310825137e-15
1.527085746815161914e+13 1.345920323065366679e-15
1.528952756166605664e+13 1.346036511450900700e-15
1.530822048116735156e+13 1.346097908622702604e-15
1.532693625456246680e+13 1.346097908622702604e-15
1.534567490979248242e+13 1.346097908622702604e-15
1.536443647483265820e+13 1.346097908622702604e-15
1.538322097769243750e+13 1.365655248918614143e-15
1.540202844641550586e+13 1.373142745480886415e-15
1.542085890907985156e+13 1.379295760264719359e-15
1.543971239379778125e+13 1.384242474275935868e-15
1.545858892871596289e+13 1.388083566259279583e-15
1.547748854201549805e+13 1.393046557945519702e-15
1.549641126191192383e+13 1.394490979783921854e-15
1.551535711665527148e+13 1.395415697459128218e-15
1.553432613453013477e+13 1.395957744924421721e-15
1.555331834385566406e+13 1.396248640240768835e-15
1.557233377298563281e+13 1.396551129358857221e-15
1.559137245030850391e+13 1.396614830669252579e-15
1.561043440424742188e+13 1.396614830669252579e-15
1.562951966326028516e+13 1.396614830669252579e-15
1.564862825583980469e+13 1.396614830669252579e-15
1.566776021051350391e+13 1.407607127231699861e-15
1.568691555584378711e+13 1.424674617410780514e-15
1.570609432042799805e+13 1.431058545091955634e-15
1.572529653289841797e+13 1.436190901443518040e-15
1.574452222192234375e+13 1.440176143524008083e-15
1.576377141620213477e+13 1.445325388425950535e-15
1.578304414447522070e+13 1.446824017127720935e-15
1.580234043551416797e+13 1.447783437992356689e-15
1.582166031812674219e+13 1.448345827640320723e-15
1.584100382115590430e+13 1.448647639797059234e-15
1.586037097347988086e+13 1.448961480852551475e-15
1.587976180401222852e+13 1.449027572772211289e-15
1.589917634170182617e+13 1.449027572772211289e-15
1.591861461553295117e+13 1.449027572772211289e-15
1.593807665452533594e+13 1.449027572772211289e-15
1.595756248773416797e+13 1.460432392810849369e-15
1.597707214425016406e+13 1.478140398858340304e-15
1.599660565319962500e+13 1.484763905232086801e-15
1.601616304374443750e+13 1.490088870786936604e-15
1.603574434508214648e+13 1.494223672689358744e-15
1.605534958644601367e+13 1.497327731834558977e-15
1.607497879710501562e+13 1.501121030457977376e-15
1.609463200636392383e+13 1.502116456867765542e-15
1.611430924356333398e+13 1.502699952108290281e-15
1.613401053807972461e+13 1.503013090797145698e-15
1.615373591932548047e+13 1.503338709810269412e-15
1.617348541674893555e+13 1.503407282054972605e-15
1.619325905983445703e+13 1.503407282054972605e-15
1.621305687810243555e+13 1.503407282054972605e-15
1.623287890110934570e+13 1.503407282054972605e-15
1.625272515844783008e+13 1.515240106922350415e-15
1.627259567974668555e+13 1.525250156655813968e-15
1.629249049467092969e+13 1.540484742459212806e-15
1.631240963292187305e+13 1.546009545535621698e-15
1.633235312423712305e+13 1.550299520003162992e-15
1.635232099839063086e+13 1.553520069570687928e-15
1.637231328519278125e+13 1.557455724682167793e-15
1.639233001449038281e+13 1.558488507868178819e-15
1.641237121616672852e+13 1.559093900760717845e-15
1.643243692014167188e+13 1.559418791048497340e-15
1.645252715637163086e+13 1.559621993557138817e-15
1.647264195484963086e+13 1.559827775679759817e-15
1.649278134560540820e+13 1.559827775679759817e-15
1.651294535870538477e+13 1.559827775679759817e-15
1.653313402425272852e+13 1.559827775679759817e-15
1.655334737238745703e+13 1.572104667719062132e-15
1.657358543328639258e+13 1.582490378761282224e-15
1.659384823716326758e+13 1.598296694435526400e-15
1.661413581426877148e+13 1.604028834619099268e-15
1.663444819489054492e+13 1.608479805032307102e-15
1.665478540935327344e+13 1.611821216723164694e-15
1.667514748801873438e+13 1.614230807417108128e-15
1.669553446128579492e+13 1.616976112639050153e-15
1.671594635959050391e+13 1.617604224967793496e-15
1.673638321340613281e+13 1.617941307873388159e-15
1.675684505324318164e+13 1.618152136250268888e-15
1.677733190964946875e+13 1.618365641049955625e-15
1.679784381321017188e+13 1.618365641049955625e-15
1.681838079454783594e+13 1.618365641049955625e-15
1.683894288432244922e+13 1.618365641049955625e-15
1.685953011323151758e+13 1.631103265398661530e-15
1.688014251201004297e+13 1.641878735723440078e-15
1.690078011143059961e+13 1.658278237384857981e-15
1.692144294230341797e+13 1.664225495708767314e-15
1.694213103547637500e+13 1.668843503990435413e-15
1.696284442183505859e+13 1.672310313568646887e-15
1.698358313230281445e+13 1.674810332384103743e-15
1.700434719784082617e+13 1.677658664561962079e-15
1.702513664944809766e+13 1.678310348951359100e-15
1.704595151816153320e+13 1.678660082044399824e-15
1.706679183505600781e+13 1.678878822476274607e-15
1.708765763124436914e+13 1.679023753952936175e-15
1.710854893787749414e+13 1.679100339772863031e-15
1.712946578614437695e+13 1.679100339772863031e-15
1.715040820727211523e+13 1.679100339772863031e-15
1.717137623252598242e+13 1.692315986984661022e-15
1.719236989320950977e+13 1.703495843640422221e-15
1.721338922066446289e+13 1.712835623415151266e-15
1.723443424627093945e+13 1.726681242126664140e-15
1.725550500144741797e+13 1.731472556943377816e-15
1.727660151765076758e+13 1.735069470393001931e-15
1.729772382637631250e+13 1.737663310954118306e-15
1.731887195915791406e+13 1.739465058942953745e-15
1.734004594756795508e+13 1.741294677598479311e-15
1.736124582321742773e+13 1.741657535620461224e-15
1.738247161775598633e+13 1.741884485034219403e-15
1.740372336287196484e+13 1.742034855559602289e-15
1.742500109029242969e+13 1.742114315524025147e-15
1.744630483178326562e+13 1.742114315524025147e-15
1.746763461914917578e+13 1.742114315524025147e-15
1.748899048423373828e+13 1.755825925039691655e-15
1.751037245891949023e+13 1.767425344004816131e-15
1.753178057512792969e+13 1.777115630918579980e-15
1.755321486481957031e+13 1.791480853766355964e-15
1.757467535999403516e+13 1.796451979037826622e-15
1.759616209269003906e+13 1.800183878951049769e-15
1.761767509498547656e+13 1.802875062239309005e-15
1.763921439899746875e+13 1.804744426975868792e-15
1.766078003688239844e+13 1.806642708321087464e-15
1.768237204083594531e+13 1.807019183829801045e-15
1.770399044309318750e+13 1.807254650295528873e-15
1.772563527592858203e+13 1.807410663988514853e-15
1.774730657165604688e+13 1.807493105959523413e-15
1.776900436262903516e+13 1.807493105959523413e-15
1.779072868124051953e+13 1.807493105959523413e-15
1.781247955992310156e+13 1.821719290458628029e-15
1.783425703114901172e+13 1.833754017241922907e-15
1.785606112743021094e+13 1.843807965272382478e-15
1.787789188131839062e+13 1.852070017929476914e-15
1.789974932540502734e+13 1.863869975904249224e-15
1.792163349232147266e+13 1.867741928109207204e-15
1.794354441473895703e+13 1.870534107242950952e-15
1.796548212536864453e+13 1.872473626276659724e-15
1.798744665696172266e+13 1.874443147113541352e-15
1.800943804230939062e+13 1.874833751151691416e-15
1.803145631424294141e+13 1.875078054300856291e-15
1.805350150563383594e+13 1.875239922940585611e-15
1.807557364939368750e+13 1.875325458828163370e-15
1.809767277847435156e+13 1.875325458828163370e-15
1.811979892586800781e+13 1.875325458828163370e-15
1.814195212460712891e+13 1.890085529494654056e-15
1.816413240776458203e+13 1.902571900508929001e-15
1.818633980845369922e+13 1.913003157281688215e-15
1.820857435982825781e+13 1.921575271686408326e-15
1.823083609508257812e+13 1.933818063390693667e-15
1.825312504745158984e+13 1.937835323828026432e-15
1.827544125021082422e+13 1.940732289021339817e-15
1.829778473667650000e+13 1.942744595131832513e-15
1.832015554020559766e+13 1.944032871851849825e-15
1.834255369419583984e+13 1.945193291754556578e-15
1.836497923208578906e+13 1.945446763213888630e-15
1.838743218735492578e+13 1.945614706527238278e-15
1.840991259352362109e+13 1.945703452441172091e-15
1.843242048415323828e+13 1.945703452441172091e-15
1.845495589284618750e+13 1.945703452441172091e-15
1.847751885324594141e+13 1.961017445177138450e-15
1.850010939903711719e+13 1.973972409914894892e-15
1.852272756394551953e+13 1.984795135229326515e-15
1.854537338173817188e+13 1.993688947507866572e-15
1.856804688622337891e+13 2.000839124674185209e-15
1.859074811125080469e+13 2.010559213647477684e-15
1.861347709071147266e+13 2.013564897355176015e-15
1.863623385853784375e+13 2.015652722126136560e-15
1.865901844870388281e+13 2.016989345830591433e-15
1.868183089522507422e+13 2.018193314453930719e-15
1.870467123215848828e+13 2.018456298295586281e-15
1.872753949360283984e+13 2.018630544255432971e-15
1.875043571369854297e+13 2.018722620662927264e-15
1.877335992662773047e+13 2.018722620662927264e-15
1.879631216661433203e+13 2.018722620662927264e-15
1.881929246792414453e+13 2.034611323286122671e-15
1.884230086486481641e+13 2.048052467327465243e-15
1.886533739178596484e+13 2.059281352377780951e-15
1.888840208307921094e+13 2.068508935341717539e-15
1.891149497317819922e+13 2.075927447329906459e-15
1.893461609655868359e+13 2.086012315843977163e-15
1.895776548773858203e+13 2.089130798099675043e-15
1.898094318127799609e+13 2.091296975626795383e-15
1.900414921177926953e+13 2.092683760701423592e-15
1.902738361388709375e+13 2.093496661065246614e-15
1.905064642228847266e+13 2.094205765568509707e-15
1.907393767171282812e+13 2.094386550703192513e-15
1.909725739693206641e+13 2.094482082592393841e-15
1.912060563276057422e+13 2.094482082592393841e-15
1.914398241405532422e+13 2.094482082592393841e-15
1.916738777571589453e+13 2.094482082592393841e-15
1.919082175268454297e+13 2.124912631938437501e-15
1.921428437994621484e+13 2.136562919256093930e-15
1.923777569252867969e+13 2.146136798790496358e-15
1.926129572550248828e+13 2.153833715781328720e-15
1.928484451398108203e+13 2.164297053434465521e-15
1.930842209312084766e+13 2.167532567388976378e-15
1.933202849812113281e+13 2.169780038127070188e-15
1.935566376422431641e+13 2.171218867048628792e-15
1.937932792671589453e+13 2.172062274275324389e-15
1.940302102092447656e+13 2.172797990347244434e-15
1.942674308222186328e+13 2.172985560061635127e-15
1.945049414602312500e+13 2.173084677111298401e-15
1.947427424778660547e+13 2.173084677111298401e-15
1.949808342301400391e+13 2.173084677111298401e-15
1.952192170725044922e+13 2.173084677111298401e-15
1.954578913608449219e+13 2.204657236766770274e-15
1.956968574514819922e+13 2.216744740911283973e-15
1.959361157011723438e+13 2.226677912977844709e-15
1.961756664671084375e+13 2.234663683070025798e-15
1.964155101069194531e+13 2.240864582780893897e-15
1.966556469786720703e+13 2.248876630877034439e-15
1.968960774408705078e+13 2.251208445631526182e-15
1.971368018524573438e+13 2.252701271523143946e-15
1.973778205728139062e+13 2.253576330486946973e-15
1.976191339617612109e+13 2.254045939830032380e-15
1.978607423795598047e+13 2.254534265726164997e-15
1.981026461869108594e+13 2.254637102481682668e-15
1.983448457449566797e+13 2.254637102481682668e-15
1.985873414152809375e+13 2.254637102481682668e-15
1.988301335599091797e+13 2.254637102481682668e-15
1.990732225413101562e+13 2.272382610496444743e-15
1.993166087223951562e+13 2.299935659310594781e-15
1.995602924665193359e+13 2.310241607588861584e-15
1.998042741374824219e+13 2.318527070981688846e-15
2.000485540995284766e+13 2.324960680635353003e-15
2.002931327173470703e+13 2.333273408203999120e-15
2.005380103560737500e+13 2.335692732272207535e-15
2.007831873812903125e+13 2.337241581554630079e-15
2.010286641590253906e+13 2.338149480095091694e-15
2.012744410557556250e+13 2.338636713132876553e-15
2.015205184384051953e+13 2.339143365126294035e-15
2.017668966743469922e+13 2.339250061182334358e-15
2.020135761314032812e+13 2.339250061182334358e-15
2.022605571778458594e+13 2.339250061182334358e-15
2.025078401823966406e+13 2.339250061182334358e-15
2.027554255142286719e+13 2.357661530000776097e-15
2.030033135429660938e+13 2.386248601087878166e-15
2.032515046386849219e+13 2.396941315278530628e-15
2.034999991719139062e+13 2.405537718986808799e-15
2.037487975136344922e+13 2.412212771818766246e-15
2.039979000352817578e+13 2.417223836260716045e-15
2.042473071087450781e+13 2.423347580352029835e-15
2.044970191063683594e+13 2.424954555494362621e-15
2.047470364009506250e+13 2.425896526028770931e-15
2.049973593657469531e+13 2.426402044150598133e-15
2.052479883744685156e+13 2.426927709990699520e-15
2.054989238012833984e+13 2.427038410180696855e-15
2.057501660208174609e+13 2.427038410180696855e-15
2.060017154081541797e+13 2.427038410180696855e-15
2.062535723388356641e+13 2.427038410180696855e-15
2.065057371888635156e+13 2.446140832256777019e-15
2.067582103346986719e+13 2.475800730834654660e-15
2.070109921532623828e+13 2.486894725649677447e-15
2.072640830219367188e+13 2.495813738770859197e-15
2.075174833185653906e+13 2.502739295761101133e-15
2.077711934214537500e+13 2.507938417513119322e-15
2.080252137093697266e+13 2.514291976019054972e-15
2.082795445615445312e+13 2.515959258392738207e-15
2.085341863576727734e+13 2.516936579589050461e-15
2.087891394779132812e+13 2.517461069005157152e-15
2.090444043028899609e+13 2.517789110713751091e-15
2.092999812136917578e+13 2.518121316844246103e-15
2.095558705918735938e+13 2.518121316844246103e-15
2.098120728194570312e+13 2.518121316844246103e-15
2.100685882789305469e+13 2.518121316844246103e-15
2.103254173532501562e+13 2.537940622559128936e-15
2.105825604258404297e+13 2.554706884048864708e-15
2.108400178805943359e+13 2.580223945009480557e-15
2.110977901018742578e+13 2.589477674563760756e-15
2.113558774745128516e+13 2.596663136736504622e-15
2.116142803838128125e+13 2.602057373291520552e-15
2.118729992155480078e+13 2.605947316646737440e-15
2.121320343559642188e+13 2.610379223622879768e-15
2.123913861917791797e+13 2.611393222135434865e-15
2.126510551101833984e+13 2.611937394808441767e-15
2.129110414988410938e+13 2.612277747402681317e-15
2.131713457458901172e+13 2.612622420702978998e-15
2.134319682399428125e+13 2.612622420702978998e-15
2.136929093700869922e+13 2.612622420702978998e-15
2.139541695258858594e+13 2.612622420702978998e-15
2.142157490973789062e+13 2.633185513563953779e-15
2.144776484750828125e+13 2.650580986286589529e-15
2.147398680499912891e+13 2.677055662121389513e-15
2.150024082135761328e+13 2.686656669486249962e-15
2.152652693577881641e+13 2.694111790671256716e-15
2.155284518750569141e+13 2.699708464378730348e-15
2.157919561582918359e+13 2.703744391145690331e-15
2.160557826008829688e+13 2.708342620569700030e-15
2.163199315967010938e+13 2.709394672840073184e-15
2.165844035400983984e+13 2.709959267451429139e-15
2.168491988259096875e+13 2.710312392939350184e-15
2.171143178494520312e+13 2.710546364308852633e-15
2.173797610065259766e+13 2.710670001282582841e-15
2.176455286934159375e+13 2.710670001282582841e-15
2.179116213068909766e+13 2.710670001282582841e-15
2.181780392442050781e+13 2.732004794442948775e-15
2.184447829030978516e+13 2.750053091699270311e-15
2.187118526817954297e+13 2.765130845097479418e-15
2.189792489790106641e+13 2.787482638138967083e-15
2.192469721939437109e+13 2.795217538211778288e-15
2.195150227262831641e+13 2.801024246217343653e-15
2.197834009762060156e+13 2.805211634922225594e-15
2.200521073443784375e+13 2.809982428612086321e-15
2.203211422319567188e+13 2.811073962737524261e-15
2.205905060405875000e+13 2.811659745690223772e-15
2.208601991724082031e+13 2.812026123418291255e-15
2.211302220300483984e+13 2.812268875362637432e-15
2.214005750166295312e+13 2.812397152236128221e-15
2.216712585357658594e+13 2.812397152236128221e-15
2.219422729915655859e+13 2.812397152236128221e-15
2.222136187886304688e+13 2.834532606385607611e-15
2.224852963320569531e+13 2.853258227646172046e-15
2.227573060274372266e+13 2.868901825243510517e-15
2.230296482808587891e+13 2.892092445668537113e-15
2.233023234989058984e+13 2.900117624287591857e-15
2.235753320886600000e+13 2.906142248845723651e-15
2.238486744577000000e+13 2.910486783615113931e-15
2.241223510141030859e+13 2.913504608573408625e-15
2.243963621664457812e+13 2.916569115306326662e-15
2.246707083238036719e+13 2.917176881765254137e-15
2.249453898957525391e+13 2.917557009069046873e-15
2.252204072923692188e+13 2.917808871109301118e-15
2.254957609242316016e+13 2.917941962010640671e-15
2.257714512024195312e+13 2.917941962010640671e-15
2.260474785385158203e+13 2.917941962010640671e-15
2.263238433446060156e+13 2.940908124687761990e-15
2.266005460332796484e+13 2.960336488849443352e-15
2.268775870176308594e+13 2.976567165882304522e-15
2.271549667112586328e+13 2.989905081286235933e-15
2.274326855282675391e+13 3.008954444413003179e-15
2.277107438832687500e+13 3.015205163586700097e-15
2.279891421913801172e+13 3.019712741863451781e-15
2.282678808682269922e+13 3.022843821011647187e-15
2.285469603299428125e+13 3.026023333827515252e-15
2.288263809931700781e+13 3.026653908798833519e-15
2.291061432750605078e+13 3.027048301678147021e-15
2.293862475932755469e+13 3.027309615701776924e-15
2.296666943659878516e+13 3.027447701293803216e-15
2.299474840118808594e+13 3.027447701293803216e-15
2.302286169501499219e+13 3.027447701293803216e-15
2.305100936005032812e+13 3.051275747673616580e-15
2.307919143831619922e+13 3.071433227564220877e-15
2.310740797188607031e+13 3.088273016193778710e-15
2.313565900288489453e+13 3.102111482433134535e-15
2.316394457348908984e+13 3.121875737980391575e-15
2.319226472592663672e+13 3.128361036742400889e-15
2.322061950247717969e+13 3.133037777291054541e-15
2.324900894547202344e+13 3.136286360879483070e-15
2.327743309729421484e+13 3.138366101426003019e-15
2.330589200037866406e+13 3.140239435225449768e-15
2.333438569721212500e+13 3.140648629044734127e-15
2.336291423033328516e+13 3.140919749769701340e-15
2.339147764233289453e+13 3.141063017495244011e-15
2.342007597585372266e+13 3.141063017495244011e-15
2.344870927359068359e+13 3.141063017495244011e-15
2.347737757829091797e+13 3.165785292707729336e-15
2.350608093275379688e+13 3.186699250885511778e-15
2.353481937983101953e+13 3.204171010105047060e-15
2.356359296242671094e+13 3.218528812059716688e-15
2.359240172349741016e+13 3.230071761750988526e-15
2.362124570605217578e+13 3.245763470558139085e-15
2.365012495315269141e+13 3.250615721770775338e-15
2.367903950791325000e+13 3.253986219554929941e-15
2.370798941350084375e+13 3.256144009469473845e-15
2.373697471313529688e+13 3.258087646518711549e-15
2.376599545008922266e+13 3.258512196733796136e-15
2.379505166768813672e+13 3.258793492190067209e-15
2.382414340931058203e+13 3.258942136526387150e-15
2.385327071838807812e+13 3.258942136526387150e-15
2.388243363840525000e+13 3.258942136526387150e-15
2.391163221289992578e+13 3.284592199563013648e-15
2.394086648546312109e+13 3.306291025459692267e-15
2.397013649973916016e+13 3.324418472124290370e-15
2.399944229942573828e+13 3.339315099640948076e-15
2.402878392827396484e+13 3.351291237948000266e-15
2.405816143008843359e+13 3.367571831728160422e-15
2.408757484872728516e+13 3.372606180241958320e-15
2.411702422810232812e+13 3.376103167468470014e-15
2.414650961217900391e+13 3.378341935820174772e-15
2.417603104497651953e+13 3.379654248478360310e-15
2.420558857056792969e+13 3.380798997400887333e-15
2.423518223308013672e+13 3.381090849430009073e-15
2.426481207669399609e+13 3.381245072152791519e-15
2.429447814564441016e+13 3.381245072152791519e-15
2.432418048422033203e+13 3.381245072152791519e-15
2.435391913676485547e+13 3.381245072152791519e-15
2.438369414767532422e+13 3.430370889878507141e-15
2.441350556140333594e+13 3.449178630899253726e-15
2.444335342245482812e+13 3.464634305247642044e-15
2.447323777539017969e+13 3.477059889052975404e-15
2.450315866482422266e+13 3.493951467726281238e-15
2.453311613542633203e+13 3.499174747364477595e-15
2.456311023192053906e+13 3.502802970981736114e-15
2.459314099908550391e+13 3.505125756763064086e-15
2.462320848175463672e+13 3.506487318436369216e-15
2.465331272481621484e+13 3.507675027972468461e-15
2.468345377321332812e+13 3.507977832745896479e-15
2.471363167194403906e+13 3.508137843203147855e-15
2.474384646606145312e+13 3.508137843203147855e-15
2.477409820067371875e+13 3.508137843203147855e-15
2.480438692094414062e+13 3.508137843203147855e-15
2.483471267209126172e+13 3.559107275043873349e-15
2.486507549938888672e+13 3.578620840790244179e-15
2.489547544816616797e+13 3.594656542112326290e-15
2.492591256380771094e+13 3.607548438393487432e-15
2.495638689175357422e+13 3.617558913901751551e-15
2.498689847749937109e+13 3.630493232303460987e-15
2.501744736659637500e+13 3.634257617405308339e-15
2.504803360465150781e+13 3.636667573657294475e-15
2.507865723732745703e+13 3.638080232583237152e-15
2.510931831034276953e+13 3.639312514976678813e-15
2.514001686947185547e+13 3.639626683533555051e-15
2.517075296054508203e+13 3.639792698929781038e-15
2.520152662944889453e+13 3.639792698929781038e-15
2.523233792212579297e+13 3.639792698929781038e-15
2.526318688457446094e+13 3.639792698929781038e-15
2.529407356284981250e+13 3.667859013924321680e-15
2.532499800306310156e+13 3.712052651509105463e-15
2.535596025138191797e+13 3.728690147298337002e-15
2.538696035403029688e+13 3.742065856023819615e-15
2.541799835728883203e+13 3.752452008819493419e-15
2.544907430749464844e+13 3.765871731700505130e-15
2.548018825104153516e+13 3.769777388211754850e-15
2.551134023438003125e+13 3.772277786304067776e-15
2.554253030401743750e+13 3.773743460081592506e-15
2.557375850651790234e+13 3.774530028905308979e-15
2.560502488850255078e+13 3.775347946886215017e-15
2.563632949664946484e+13 3.775520192577263235e-15
2.566767237769379297e+13 3.775520192577263235e-15
2.569905357842786719e+13 3.775520192577263235e-15
2.573047314570118750e+13 3.775520192577263235e-15
2.576193112642051562e+13 3.804296204989682294e-15
2.579342756755003125e+13 3.849297274958368802e-15
2.582496251611125781e+13 3.866223062323537120e-15
2.585653601918324219e+13 3.880100740207931058e-15
2.588814812390259766e+13 3.890876668864470657e-15
2.591979887746355078e+13 3.898966323625140279e-15
2.595148832711801562e+13 3.908852242298768282e-15
2.598321652017571094e+13 3.911446476370401207e-15
2.601498350400417969e+13 3.912967154562902308e-15
2.604678932602885156e+13 3.913783242068504202e-15
2.607863403373318359e+13 3.914631855215503321e-15
2.611051767465865625e+13 3.914810565014467810e-15
2.614244029640486328e+13 3.914810565014467810e-15
2.617440194662964062e+13 3.914810565014467810e-15
2.620640267304904688e+13 3.914810565014467810e-15
2.623844252343748047e+13 3.944370141381491685e-15
2.627052154562778516e+13 3.990305218987334545e-15
2.630263978751124219e+13 4.007644383400546429e-15
2.633479729703769922e+13 4.021497489497722823e-15
2.636699412221564844e+13 4.032479274386388228e-15
2.639923031111225000e+13 4.040872521074741007e-15
2.643150591185342578e+13 4.051129442615096109e-15
2.646382097262397266e+13 4.053821034181698689e-15
2.649617554166757031e+13 4.055398781017732144e-15
2.652856966728688281e+13 4.056245494994588823e-15
2.656100339784361719e+13 4.056775071933853582e-15
2.659347678175865234e+13 4.057311371743248695e-15
2.662598986751202344e+13 4.057311371743248695e-15
2.665854270364302734e+13 4.057311371743248695e-15
2.669113533875037109e+13 4.057311371743248695e-15
2.672376782149210547e+13 4.087516625957217649e-15
2.675644020058580078e+13 4.113135796712631603e-15
2.678915252480860156e+13 4.152179693607432138e-15
2.682190484299727344e+13 4.166380640507443802e-15
2.685469720404826953e+13 4.177583012483184822e-15
2.688752965691787500e+13 4.186029802638691548e-15
2.692040225062217578e+13 4.192309565979756328e-15
2.695331503423720312e+13 4.199464252929751137e-15
2.698626805689901953e+13 4.201101210105104029e-15
2.701926136780371094e+13 4.201979699916163561e-15
2.705229501620753125e+13 4.202529151039012080e-15
2.708536905142697266e+13 4.203085577330657434e-15
2.711848352283880469e+13 4.203085577330657434e-15
2.715163847988014062e+13 4.203085577330657434e-15
2.718483397204859375e+13 4.203085577330657434e-15
2.721807004890224219e+13 4.234062854137731145e-15
2.725134676005976172e+13 4.260384649969828406e-15
2.728466415520052734e+13 4.300256949412378245e-15
2.731802228406460547e+13 4.314882386840199480e-15
2.735142119645289453e+13 4.326192516422687506e-15
2.738486094222719141e+13 4.334873927768404257e-15
2.741834157131023828e+13 4.341110060244879030e-15
2.745186313368580078e+13 4.348533251261780540e-15
2.748542567939879688e+13 4.350231640846686174e-15
2.751902925855528906e+13 4.351143098988667078e-15
2.755267392132259766e+13 4.351713170141726046e-15
2.758635971792941797e+13 4.352090883824133324e-15
2.762008669866582031e+13 4.352290478230616030e-15
2.765385491388335156e+13 4.352290478230616030e-15
2.768766441399515625e+13 4.352290478230616030e-15
2.772151524947599609e+13 4.384146944374149128e-15
2.775540747086230469e+13 4.411132411318212518e-15
2.778934112875237891e+13 4.433500694326105940e-15
2.782331627380631641e+13 4.466721600936189201e-15
2.785733295674615234e+13 4.478360827850034062e-15
2.789139122835598047e+13 4.487103331716979499e-15
2.792549113948194141e+13 4.493513461326614851e-15
2.795963274103235547e+13 4.500938576664853456e-15
2.799381608397775781e+13 4.502700704120321730e-15
2.802804121935105469e+13 4.503646367842455551e-15
2.806230819824750391e+13 4.504237832862792393e-15
2.809661707182482422e+13 4.504629721541334067e-15
2.813096789130332031e+13 4.504836806409696640e-15
2.816536070796588281e+13 4.504836806409696640e-15
2.819979557315810156e+13 4.504836806409696640e-15
2.823427253828837891e+13 4.537592031157838040e-15
2.826879165482793359e+13 4.565105129443792153e-15
2.830335297431089453e+13 4.588113627723710755e-15
2.833795654833446484e+13 4.622134077525235349e-15
2.837260242855886328e+13 4.634025932083234951e-15
2.840729066670748828e+13 4.642977216695308698e-15
2.844202131456700781e+13 4.649457240813119291e-15
2.847679442398735547e+13 4.654019187323939251e-15
2.851161004688187500e+13 4.658731739306480385e-15
2.854646823522739844e+13 4.659712892290002084e-15
2.858136904106427734e+13 4.660326554055563465e-15
2.861631251649648438e+13 4.660733149695387406e-15
2.865129871369174219e+13 4.660948006130800258e-15
2.868632768488149219e+13 4.660948006130800258e-15
2.872139948236106250e+13 4.660948006130800258e-15
2.875651415848973438e+13 4.694367317814902116e-15
2.879167176569076562e+13 4.722658384257656253e-15
2.882687235645151953e+13 4.746243671949038361e-15
2.886211598332357031e+13 4.765525872341264133e-15
2.889740269892267969e+13 4.793277434644950399e-15
2.893273255592895312e+13 4.802466324641832682e-15
2.896810560708695312e+13 4.809043816669478804e-15
2.900352190520566797e+13 4.813640632334706172e-15
2.903898150315865625e+13 4.818461982535263507e-15
2.907448445388416016e+13 4.819479956635931836e-15
2.911003081038510938e+13 4.820116648155403123e-15
2.914562062572922656e+13 4.820538502685468206e-15
2.918125395304916016e+13 4.820761422342530746e-15
2.921693084554247656e+13 4.820761422342530746e-15
2.925265135647178125e+13 4.820761422342530746e-15
2.928841553916483594e+13 4.855123926926546615e-15
2.932422344701456250e+13 4.884225640878876329e-15
2.936007513347917969e+13 4.908313389141558070e-15
2.939597065208224609e+13 4.928191304567596030e-15
2.943191005641279297e+13 4.956565247603895805e-15
2.946789340012533594e+13 4.965838507054791478e-15
2.950392073693998438e+13 4.972610757315121393e-15
2.953999212064257812e+13 4.977282035579869484e-15
2.957610760508465234e+13 4.980237571537128101e-15
2.961226724418359375e+13 4.983139838119368994e-15
2.964847109192276172e+13 4.983800423662930631e-15
2.968471920235144922e+13 4.984238109725214755e-15
2.972101162958504297e+13 4.984469395203861011e-15
2.975734842780514062e+13 4.984469395203861011e-15
2.979372965125952344e+13 4.984469395203861011e-15
2.983015535426230078e+13 5.019869950649227071e-15
2.986662559119403906e+13 5.049534495759406231e-15
2.990314041650173828e+13 5.074351524309515405e-15
2.993969988469896484e+13 5.094624452473719423e-15
2.997630405036597656e+13 5.123640341399013759e-15
3.001295296814971875e+13 5.133209290825821970e-15
3.004964669276394922e+13 5.139998762171356333e-15
3.008638527898936719e+13 5.144803311157456652e-15
3.012316878167358984e+13 5.147934732565466334e-15
3.015999725573130078e+13 5.150751256241488880e-15
3.019687075614436328e+13 5.151436632514012694e-15
3.023378933796182031e+13 5.151890744240839754e-15
3.027075305630000391e+13 5.152130709497102192e-15
3.030776196634269531e+13 5.152130709497102192e-15
3.034481612334108594e+13 5.152130709497102192e-15
3.038191558261392578e+13 5.188238794128738128e-15
3.041906039954762891e+13 5.218791624692693958e-15
3.045625062959628906e+13 5.244246570625253318e-15
3.049348632828180469e+13 5.265066817411241671e-15
3.053076755119398047e+13 5.281824847539003473e-15
3.056809435399055859e+13 5.304479031460414980e-15
3.060546679239732422e+13 5.311544934564578977e-15
3.064288492220822656e+13 5.316385460383601387e-15
3.068034879928539453e+13 5.319509302518982420e-15
3.071785847955925000e+13 5.321423652550297901e-15
3.075541401902864453e+13 5.323209915780099806e-15
3.079301547376084375e+13 5.323681069600639526e-15
3.083066289989167188e+13 5.323930040372820108e-15
3.086835635362557812e+13 5.323930040372820108e-15
3.090609589123577344e+13 5.323930040372820108e-15
3.094388156906420703e+13 5.323930040372820108e-15
3.098171344352173438e+13 5.392524061943222731e-15
3.101959157108820703e+13 5.418583908558698933e-15
3.105751600831248828e+13 5.440017621871225426e-15
3.109548681181258594e+13 5.457117051732558989e-15
3.113350403827575781e+13 5.480329726406312297e-15
3.117156774445852734e+13 5.487373108026956418e-15
3.120967798718682422e+13 5.492388514098374944e-15
3.124783482335607812e+13 5.495654192360391840e-15
3.128603830993124219e+13 5.497578711653041383e-15
3.132428850394691406e+13 5.499333875551711427e-15
3.136258546250746875e+13 5.499822711028741480e-15
3.140092924278704688e+13 5.500081025279587135e-15
3.143931990202969531e+13 5.500081025279587135e-15
3.147775749754948828e+13 5.500081025279587135e-15
3.151624208673053125e+13 5.500081025279587135e-15
3.155477372702707812e+13 5.570494253481329501e-15
3.159335247596368750e+13 5.597336136889434142e-15
3.163197839113518359e+13 5.619157550356401863e-15
3.167065153020681641e+13 5.636784102746719118e-15
3.170937195091438672e+13 5.650292630561821289e-15
3.174813971106422656e+13 5.667743990638063186e-15
3.178695486853334766e+13 5.672791769091809786e-15
3.182581748126956250e+13 5.676055252954704795e-15
3.186472760729149609e+13 5.678038737772687219e-15
3.190368530468869141e+13 5.679882544653163739e-15
3.194269063162177734e+13 5.680389725351244304e-15
3.198174364632241797e+13 5.680657733726707411e-15
3.202084440709349219e+13 5.680657733726707411e-15
3.205999297230920312e+13 5.680657733726707411e-15
3.209918940041506250e+13 5.680657733726707411e-15
3.213843374992804688e+13 5.719803277594119958e-15
3.217772607943673047e+13 5.780338503977662932e-15
3.221706644760125391e+13 5.802784160073878436e-15
3.225645491315349219e+13 5.820637690680799065e-15
3.229589153489715234e+13 5.834566742705231492e-15
3.233537637170780078e+13 5.852237904549076256e-15
3.237490948253299219e+13 5.857455054313144757e-15
3.241449092639237500e+13 5.860853233078000337e-15
3.245412076237773438e+13 5.862869841977813701e-15
3.249379904965309766e+13 5.863987053138707736e-15
3.253352584745481641e+13 5.865239565550728161e-15
3.257330121509171875e+13 5.865517631855948651e-15
3.261312521194507422e+13 5.865517631855948651e-15
3.265299789746877344e+13 5.865517631855948651e-15
3.269291933118943750e+13 5.865517631855948651e-15
3.273288957270641406e+13 5.905786775394069800e-15
3.277290868169191016e+13 5.967920848247306471e-15
3.281297671789114453e+13 5.990886635055435251e-15
3.285309374112234375e+13 6.009238822279928728e-15
3.289325981127683984e+13 6.023300820114480803e-15
3.293347498831926172e+13 6.033881101128300596e-15
3.297373933228748047e+13 6.046733173441620039e-15
3.301405290329278516e+13 6.050120176492743894e-15
3.305441576152000391e+13 6.052156063862529662e-15
3.309482796722749609e+13 6.053289051999979697e-15
3.313528958074728516e+13 6.054564338821479992e-15
3.317580066248521484e+13 6.054852840514628053e-15
3.321636127292092578e+13 6.054852840514628053e-15
3.325697147260800000e+13 6.054852840514628053e-15
3.329763132217412109e+13 6.054852840514628053e-15
3.333834088232100781e+13 6.096321265683486638e-15
3.337910021382462109e+13 6.160038043723317927e-15
3.341990937753527734e+13 6.183497491072423323e-15
3.346076843437762891e+13 6.202242676199234920e-15
3.350167744535081641e+13 6.216740036681729289e-15
3.354263647152859375e+13 6.227445468586328794e-15
3.358364557405937500e+13 6.240519699181066079e-15
3.362470481416627734e+13 6.244005020157963457e-15
3.366581425314736719e+13 6.246079655677019345e-15
3.370697395237557812e+13 6.247230312117049733e-15
3.374818397329887891e+13 6.248005783734799936e-15
3.378944437744043359e+13 6.248837460288214723e-15
3.383075522639854297e+13 6.248837460288214723e-15
3.387211658184685156e+13 6.248837460288214723e-15
3.391352850553443750e+13 6.248837460288214723e-15
3.395499105928581641e+13 6.291228637016938779e-15
3.399650430500110156e+13 6.327007425219682681e-15
3.403806830465614453e+13 6.380606656071781895e-15
3.407968312030248438e+13 6.399725363472649727e-15
3.412134881406758594e+13 6.414404124996446486e-15
3.416306544815481641e+13 6.425399177726445277e-15
3.420483308484366406e+13 6.438726628601361665e-15
3.424665178648969922e+13 6.442221561957177813e-15
3.428852161552473438e+13 6.444289964590100425e-15
3.433044263445695703e+13 6.445421340718217895e-15
3.437241490587093359e+13 6.446183373605876435e-15
3.441443849242773438e+13 6.447024318847431223e-15
3.445651345686509766e+13 6.447024318847431223e-15
3.449863986199741016e+13 6.447024318847431223e-15
3.454081777071586328e+13 6.447024318847431223e-15
3.458304724598857422e+13 6.490628644389404075e-15
3.462532835086060547e+13 6.527211267642398843e-15
3.466766114845410938e+13 6.582010738799482782e-15
3.471004570196843359e+13 6.601603899771758790e-15
3.475248207468016016e+13 6.616652770971472185e-15
3.479497032994323828e+13 6.627767398296988629e-15
3.483751053118910156e+13 6.635685572073466027e-15
3.488010274192671484e+13 6.644742923903392859e-15
3.492274702574266016e+13 6.646825630388532112e-15
3.496544344630132812e+13 6.647963193339956088e-15
3.500819206734489453e+13 6.648729843704137691e-15
3.505099295269344922e+13 6.649242015280074395e-15
3.509384616624517188e+13 6.649543016560232589e-15
3.513675177197632812e+13 6.649543016560232589e-15
3.517970983394136719e+13 6.649543016560232589e-15
3.522272041627311719e+13 6.694298255476581888e-15
3.526578358318278906e+13 6.731799897681358995e-15
3.530889939896005469e+13 6.762744193640835211e-15
3.535206792797325781e+13 6.807854228803210840e-15
3.539528923466940625e+13 6.823141891320009165e-15
3.543856338357425781e+13 6.834502773825071769e-15
3.548189043929254688e+13 6.842591507454777709e-15
3.552527046650792969e+13 6.851719779065252756e-15
3.556870352998314062e+13 6.853792644721783752e-15
3.561218969456014844e+13 6.854923552474098068e-15
3.565572902516015625e+13 6.855688773850395570e-15
3.569932158678371094e+13 6.856196747176841410e-15
3.574296744451090625e+13 6.856478761226587165e-15
3.578666666350134375e+13 6.856478761226587165e-15
3.583041930899430469e+13 6.856478761226587165e-15
3.587422544630882031e+13 6.902277358988418709e-15
3.591808514084382031e+13 6.940744517626658350e-15
3.596199845807814062e+13 6.972396945754839715e-15
3.600596546357068750e+13 7.018328127844355670e-15
3.604998622296056250e+13 7.033927899984055421e-15
3.609406080196705469e+13 7.045406877845920639e-15
3.613818926638980469e+13 7.053524755964791297e-15
3.618237168210896094e+13 7.059111475629826715e-15
3.622660811508517969e+13 7.064678209512861604e-15
3.627089863135971094e+13 7.065757636574509856e-15
3.631524329705464844e+13 7.066494976227660903e-15
3.635964217837284375e+13 7.066987893833765852e-15
3.640409534159810938e+13 7.067252462250524869e-15
3.644860285309532812e+13 7.067252462250524869e-15
3.649316477931048438e+13 7.067252462250524869e-15
3.653778118677078906e+13 7.114323913335666872e-15
3.658245214208484375e+13 7.153572480908277434e-15
3.662717771194263281e+13 7.185974476023400570e-15
3.667195796311567188e+13 7.212163123024272088e-15
3.671679296245718750e+13 7.248655944008820405e-15
3.676168277690205469e+13 7.260307590312482275e-15
3.680662747346700000e+13 7.268521533044554770e-15
3.685162711925073438e+13 7.274138661533950828e-15
3.689668178143395312e+13 7.279670932413142123e-15
3.694179152727947656e+13 7.280727860181149157e-15
3.698695642413242969e+13 7.281429260081956146e-15
3.703217653942020312e+13 7.281880491855540299e-15
3.707745194065263281e+13 7.282118614530226568e-15
3.712278269542215625e+13 7.282118614530226568e-15
3.716816887140377344e+13 7.282118614530226568e-15
3.721361053635523438e+13 7.330166716757406526e-15
3.725910775811718750e+13 7.370481728632248797e-15
3.730466060461316406e+13 7.403494651791852460e-15
3.735026914384972656e+13 7.430149302195473636e-15
3.739593344391666406e+13 7.467387354394380165e-15
3.744165357298693750e+13 7.479144412339267103e-15
3.748742959931685156e+13 7.487378873672653964e-15
3.753326159124624219e+13 7.492967256235026093e-15
3.757914961719841406e+13 7.496430142093597585e-15
3.762509374568033594e+13 7.499407895316440212e-15
3.767109404528278906e+13 7.500074162008599659e-15
3.771715058468036719e+13 7.500460287598758236e-15
3.776326343263161719e+13 7.500667187396677931e-15
3.780943265797915625e+13 7.500667187396677931e-15
3.785565832964982812e+13 7.500667187396677931e-15
3.790194051665466406e+13 7.549928677635957650e-15
3.794827928808908594e+13 7.590935098093381114e-15
3.799467471313305469e+13 7.624739851865831316e-15
3.804112686105101562e+13 7.651932933735349414e-15
3.808763580119216406e+13 7.689551419955297052e-15
3.813420160299046875e+13 7.701391770322241764e-15
3.818082433596477344e+13 7.709637718708587364e-15
3.822750406971889844e+13 7.715193165244834879e-15
3.827424087394182031e+13 7.718593484447574141e-15
3.832103481840767188e+13 7.721402637713992245e-15
3.836788597297587500e+13 7.722021334706812502e-15
3.841479440759133594e+13 7.722338600916706293e-15
3.846176019228439844e+13 7.722487102508215900e-15
3.850878339717103906e+13 7.722487102508215900e-15
3.855586409245300781e+13 7.722487102508215900e-15
3.860300234841782812e+13 7.772901547226725828e-15
3.865019823543896094e+13 7.814938428717101763e-15
3.869745182397596875e+13 7.849300813180083513e-15
3.874476318457447656e+13 7.876946850350364000e-15
3.879213238786637500e+13 7.898717026041813525e-15
3.883955950456996094e+13 7.927073571877489541e-15
3.888704460548994531e+13 7.935304598222948958e-15
3.893458776151760156e+13 7.940803211190573519e-15
3.898218904363091406e+13 7.944125870845525500e-15
3.902984852289459375e+13 7.946771677232623135e-15
3.907756627046025781e+13 7.947318804150056952e-15
3.912534235756655469e+13 7.947552541612058433e-15
3.917317685553915625e+13 7.947558087521501251e-15
3.922106983579095312e+13 7.947558087521501251e-15
3.926902136982220312e+13 7.947558087521501251e-15
3.931703152922053906e+13 7.947558087521501251e-15
3.936510038566106250e+13 8.041886791979207039e-15
3.941322801090662500e+13 8.077013815622358378e-15
3.946141447680771094e+13 8.105143578850588586e-15
3.950965985530267969e+13 8.127154472448746049e-15
3.955796421841788281e+13 8.155594704956508916e-15
3.960632763826768750e+13 8.163739898506983335e-15
3.965475018705462500e+13 8.169119013387366248e-15
3.970323193706950000e+13 8.172319612389075023e-15
3.975177296069154688e+13 8.174014664941227121e-15
3.980037333038844531e+13 8.175192068490993344e-15
3.984903311871646094e+13 8.175333491395962366e-15
3.989775239832064062e+13 8.175166793777662848e-15
3.994653124193476562e+13 8.175166793777662848e-15
3.999536972238155469e+13 8.175166793777662848e-15
4.004426791257282031e+13 8.175166793777662848e-15
4.009322588550945312e+13 8.271632407308045518e-15
4.014224371428160156e+13 8.307283011214809325e-15
4.019132147206881250e+13 8.335782245308993982e-15
4.024045923214007031e+13 8.358046035345783890e-15
4.028965706785391406e+13 8.374690899182778999e-15
4.033891505265864844e+13 8.394652896635466740e-15
4.038823326009230469e+13 8.399914473602494684e-15
4.043761176378282812e+13 8.402966260390686550e-15
4.048705063744823438e+13 8.404509625575971643e-15
4.053654995489661719e+13 8.405447145346976390e-15
4.058610979002628125e+13 8.405490040163209041e-15
4.063573021682598438e+13 8.405137249813578407e-15
4.068541130937483594e+13 8.405137249813578407e-15
4.073515314184254688e+13 8.405137249813578407e-15
4.078495578848955469e+13 8.405137249813578407e-15
4.083481932366702344e+13 8.503414524322060663e-15
4.088474382181703125e+13 8.539740522653687169e-15
4.093472935747271875e+13 8.568666898626984661e-15
4.098477600525828906e+13 8.591122644282061020e-15
4.103488383988918750e+13 8.607802257585784634e-15
4.108505293617225781e+13 8.627563136739136501e-15
4.113528336900576562e+13 8.632669713423926875e-15
4.118557521337951562e+13 8.635558295987764845e-15
4.123592854437506250e+13 8.636933193392152306e-15
4.128634343716571094e+13 8.637438746916242160e-15
4.133681996701666406e+13 8.637481928837331571e-15
4.138735820928520312e+13 8.636946101542537794e-15
4.143795823942066406e+13 8.636946101542537794e-15
4.148862013296467188e+13 8.636946101542537794e-15
4.153934396555120312e+13 8.636946101542537794e-15
4.159012981290671875e+13 8.691876507628518637e-15
4.164097775085021094e+13 8.774084515742170549e-15
4.169188785529340625e+13 8.803262712831908587e-15
4.174286020224085938e+13 8.825837950889803773e-15
4.179389486779002344e+13 8.842500709469263341e-15
4.184499192813134375e+13 8.854197610967536148e-15
4.189615145954852344e+13 8.866809357883279042e-15
4.194737353841842969e+13 8.869502100782344002e-15
4.199865824121134375e+13 8.870686464869146543e-15
4.205000564449106250e+13 8.870968781627784584e-15
4.210141582491496875e+13 8.870525622322439043e-15
4.215288885923411719e+13 8.869822575248496472e-15
4.220442482429350781e+13 8.869822575248496472e-15
4.225602379703200781e+13 8.869822575248496472e-15
4.230768585448253906e+13 8.869822575248496472e-15
4.235941107377228906e+13 8.925690916993367813e-15
4.241119953212266406e+13 9.009187044655299049e-15
4.246305130684948438e+13 9.038676570818755780e-15
4.251496647536315625e+13 9.061349965326413698e-15
4.256694511516864844e+13 9.077957369325535935e-15
4.261898730386573438e+13 9.089498545608259237e-15
4.267109311914908594e+13 9.101654843933167990e-15
4.272326263880829688e+13 9.104089363165887456e-15
4.277549594072810156e+13 9.105056826503448450e-15
4.282779310288846875e+13 9.105112536701541904e-15
4.288015420336468750e+13 9.104946364677439935e-15
4.293257932032748438e+13 9.103286963912925426e-15
4.298506853204321875e+13 9.103286963912925426e-15
4.303762191687386719e+13 9.103286963912925426e-15
4.309023955327722656e+13 9.103286963912925426e-15
4.314292151980707812e+13 9.160301183143801568e-15
4.319566789511316406e+13 9.207203873752992639e-15
4.324847875794139062e+13 9.274641848242301184e-15
4.330135418713402344e+13 9.297310835116176581e-15
4.335429426162961719e+13 9.313771054104619685e-15
4.340729906046327344e+13 9.325081076626371910e-15
4.346036866276675781e+13 9.336683760311319423e-15
4.351350314776853906e+13 9.338823686545707358e-15
4.356670259479392969e+13 9.339551850946123223e-15
4.361996708326532031e+13 9.339344569924800239e-15
4.367329669270210156e+13 9.339010664738543243e-15
4.372669150272090625e+13 9.336892817150626948e-15
4.378015159303576562e+13 9.336892817150626948e-15
4.383367704345811719e+13 9.336892817150626948e-15
4.388726793389696875e+13 9.336892817150626948e-15
4.394092434435902344e+13 9.394793040695770591e-15
4.399464635494886719e+13 9.442294536395944410e-15
4.404843404586895312e+13 9.510251391651399066e-15
4.410228749741977344e+13 9.532877400641480465e-15
4.415620679000008594e+13 9.549148965986601865e-15
4.421019200410685156e+13 9.560159988391093262e-15
4.426424322033547656e+13 9.567049351923943437e-15
4.431836051937996094e+13 9.572886688541373940e-15
4.437254398203285938e+13 9.573306623333759286e-15
4.442679368918555469e+13 9.572819886134801693e-15
4.448110972182835938e+13 9.572320076389736350e-15
4.453549216105054688e+13 9.569846450443562029e-15
4.458994108804054688e+13 9.569846450443562029e-15
4.464445658408608594e+13 9.569846450443562029e-15
4.469903873057422656e+13 9.569846450443562029e-15
4.475368760899152344e+13 9.628747956429407770e-15
4.480840330092425000e+13 9.676895541141028863e-15
4.486318588805831250e+13 9.715356572980325954e-15
4.491803545217952344e+13 9.767745296407796704e-15
4.497295207517375000e+13 9.783761585447958569e-15
4.502793583902689844e+13 9.794431782138539355e-15
4.508298682582509375e+13 9.800925698968577456e-15
4.513810511775492188e+13 9.805992632873834612e-15
4.519329079710335156e+13 9.806012848834310934e-15
4.524854394625797656e+13 9.805238269735323234e-15
4.530386464770717188e+13 9.804241361840661663e-15
4.535925298404009375e+13 9.802559641743303462e-15
4.541470903794688281e+13 9.801548303506920990e-15
4.547023289221884375e+13 9.801548303506920990e-15
4.552582462974842188e+13 9.801548303506920990e-15
4.558148433352940625e+13 9.861258044887290692e-15
4.563721208665713281e+13 9.909869928391945160e-15
4.569300797232846094e+13 9.948517526364919323e-15
4.574887207384196094e+13 1.000060540948884796e-14
4.580480447459810938e+13 1.001626242747222020e-14
4.586080525809928906e+13 1.002651929764094736e-14
4.591687450794996094e+13 1.003255816783462829e-14
4.597301230785687500e+13 1.003570955705647598e-14
4.602921874162906250e+13 1.003632566765980421e-14
4.608549389317801562e+13 1.003526272370989135e-14
4.614183784651782031e+13 1.003310683427419356e-14
4.619825068576533594e+13 1.003131997106558372e-14
4.625473249514018750e+13 1.003034909696022818e-14
4.631128335896498438e+13 1.003034909696022818e-14
4.636790336166546875e+13 1.003034909696022818e-14
4.642459258777057031e+13 1.009086891668756914e-14
4.648135112191252344e+13 1.013993884943460590e-14
4.653817904882713281e+13 1.017873493943468604e-14
4.659507645335371875e+13 1.023044631194248270e-14
4.665204342043532812e+13 1.024567385128363603e-14
4.670908003511892969e+13 1.025540369181972963e-14
4.676618638255539844e+13 1.026092472244122733e-14
4.682336254799971094e+13 1.026355362091143987e-14
4.688060861681115625e+13 1.026326858369859830e-14
4.693792467445331250e+13 1.026192487876091963e-14
4.699531080649422656e+13 1.025894325406505351e-14
4.705276709860664844e+13 1.025716124436702371e-14
4.711029363656800781e+13 1.025627681513454581e-14
4.716789050626058594e+13 1.025627681513454581e-14
4.722555779367173438e+13 1.025627681513454581e-14
4.728329558489388281e+13 1.031748439721870893e-14
4.734110396612470312e+13 1.036687654734489138e-14
4.739898302366732812e+13 1.040568959288229398e-14
4.745693284393032031e+13 1.043519963074258840e-14
4.751495351342789844e+13 1.047152458662788643e-14
4.757304511878011719e+13 1.048066985588587028e-14
4.763120774671286719e+13 1.048559883081785159e-14
4.768944148405807031e+13 1.048764892718433625e-14
4.774774641775388281e+13 1.048767939352630702e-14
4.780612263484466406e+13 1.048470428392448062e-14
4.786457022248119531e+13 1.048152937840806514e-14
4.792308926792090625e+13 1.047985347481417775e-14
4.798167985852781250e+13 1.047909447139693109e-14
4.804034208177274219e+13 1.047909447139693109e-14
4.809907602523353906e+13 1.047909447139693109e-14
4.815788177659504688e+13 1.054088553462012324e-14
4.821675942364932031e+13 1.059050356764221285e-14
4.827570905429581250e+13 1.062923361256156261e-14
4.833473075654135938e+13 1.065839398514492331e-14
4.839382461850044531e+13 1.069359738603175565e-14
4.845299072839523438e+13 1.070207346525157814e-14
4.851222917455584375e+13 1.070627411061641707e-14
4.857154004542028125e+13 1.070769705450435058e-14
4.863092342953471094e+13 1.070698790091189052e-14
4.869037941555360156e+13 1.070330456784112531e-14
4.874990809223975000e+13 1.070051489401431269e-14
4.880950954846446875e+13 1.069902583976383535e-14
4.886918387320781250e+13 1.069842022201086952e-14
4.892893115555851562e+13 1.069842022201086952e-14
4.898875148471427344e+13 1.069842022201086952e-14
4.904864494998186719e+13 1.076071408796381011e-14
4.910861164077722656e+13 1.081045664146719605e-14
4.916865164662557812e+13 1.084900406486937512e-14
4.922876505716167969e+13 1.087774385706618766e-14
4.928895196212981250e+13 1.089822429900672061e-14
4.934921245138396094e+13 1.091932206115848615e-14
4.940954661488806250e+13 1.092273563508356528e-14
4.946995454271594531e+13 1.092348799933681637e-14
4.953043632505157031e+13 1.092198987760992878e-14
4.959099205218924219e+13 1.091765184909199653e-14
4.965162181453357031e+13 1.091554313817719025e-14
4.971232570259969531e+13 1.091429023697502298e-14
4.977310380701351562e+13 1.091384969364584896e-14
4.983395621851160938e+13 1.091384969364584896e-14
4.989488302794153906e+13 1.091384969364584896e-14
4.995588432626197656e+13 1.091384969364584896e-14
5.001696020454274219e+13 1.102618181407102330e-14
5.007811075396499219e+13 1.106439340224063959e-14
5.013933606582143750e+13 1.109258107375465989e-14
5.020063623151632812e+13 1.111234339731716493e-14
5.026201134256566406e+13 1.113177032060327564e-14
5.032346149059739844e+13 1.113431300807240923e-14
5.038498676735145312e+13 1.113435676666794811e-14
5.044658726467988281e+13 1.113207432273535416e-14
5.050826307454714844e+13 1.112938959543677893e-14
5.057001428903004688e+13 1.112557061313241494e-14
5.063184100031796094e+13 1.112455636602450009e-14
5.069374330071305469e+13 1.112426498344206808e-14
5.075572128263025781e+13 1.112426498344206808e-14
5.081777503859749219e+13 1.112426498344206808e-14
5.087990466125587500e+13 1.112426498344206808e-14
5.094211024335972656e+13 1.123670050640263064e-14
5.100439187777678125e+13 1.127444538378030987e-14
5.106674965748828906e+13 1.130190303158040349e-14
5.112918367558924219e+13 1.132082604832816286e-14
5.119169402528839844e+13 1.133242201733049478e-14
5.125428079990846094e+13 1.133990910368771437e-14
5.131694409288629688e+13 1.133916214411162966e-14
5.137968399777294531e+13 1.133613843649687691e-14
5.144250060823380469e+13 1.133309332143580171e-14
5.150539401804889844e+13 1.132920005297108482e-14
5.156836432111278906e+13 1.132833140750530919e-14
5.163141161143485156e+13 1.132811936671999690e-14
5.169453598313947656e+13 1.132811936671999690e-14
5.175773753046604688e+13 1.132811936671999690e-14
5.182101634776916406e+13 1.132811936671999690e-14
5.188437252951887500e+13 1.144036131218079744e-14
5.194780617030063281e+13 1.147750981911842806e-14
5.201131736481552344e+13 1.150413127587844711e-14
5.207490620788051562e+13 1.152204476853761014e-14
5.213857279442842188e+13 1.153258159139075216e-14
5.220231721950808594e+13 1.153793623133163327e-14
5.226613957828468750e+13 1.153575199758862436e-14
5.233003996603961719e+13 1.153206103451399196e-14
5.239401847817081250e+13 1.152871099530927622e-14
5.245807521019289062e+13 1.152625430380668765e-14
5.252221025773715625e+13 1.152397151354446476e-14
5.258642371655187500e+13 1.152381478053065778e-14
5.265071568250240625e+13 1.152381478053065778e-14
5.271508625157127344e+13 1.152381478053065778e-14
5.277953551985832031e+13 1.152381478053065778e-14
5.284406358358096875e+13 1.158666759673010669e-14
5.290867053907420312e+13 1.167184882035580067e-14
5.297335648279077344e+13 1.169748033817209968e-14
5.303812151130145312e+13 1.171424238109003496e-14
5.310296572129499219e+13 1.172360934292265839e-14
5.316788920957833594e+13 1.172667178783783222e-14
5.323289207307689062e+13 1.172286411450479631e-14
5.329797440883446094e+13 1.171860090041700981e-14
5.336313631401352344e+13 1.171500626771202974e-14
5.342837788589540625e+13 1.171250651011642928e-14
5.349369922188028906e+13 1.171038494957601870e-14
5.355910041948747656e+13 1.171028553258054273e-14
5.362458157635545312e+13 1.171028553258054273e-14
5.369014279024218750e+13 1.171028553258054273e-14
5.375578415902503906e+13 1.171028553258054273e-14
5.382150578070107031e+13 1.177291242787500218e-14
5.388730775338723438e+13 1.185648283908553510e-14
5.395319017532033594e+13 1.188096888502965847e-14
5.401915314485730469e+13 1.189643511507196363e-14
5.408519676047539844e+13 1.190452244512567262e-14
5.415132112077217969e+13 1.190668162616115922e-14
5.421752632446577344e+13 1.190004123047389928e-14
5.428381247039506250e+13 1.189531007929848217e-14
5.435017965751970312e+13 1.189153253506652594e-14
5.441662798492032812e+13 1.188903446765571900e-14
5.448315755179878906e+13 1.188770143517519813e-14
5.454976845747814062e+13 1.188707258930720384e-14
5.461646080140289062e+13 1.188707258930720384e-14
5.468323468313915625e+13 1.188707258930720384e-14
5.475009020237476562e+13 1.188707258930720384e-14
5.481702745891936719e+13 1.194927495412910634e-14
5.488404655270477344e+13 1.199661512081644714e-14
5.495114758378484375e+13 1.205406183204302564e-14
5.501833065233578906e+13 1.206808490681127765e-14
5.508559585865636719e+13 1.207458203162235822e-14
5.515294330316789062e+13 1.207533418029854102e-14
5.522037308641442969e+13 1.206672199762541292e-14
5.528788530906307031e+13 1.206162481444621932e-14
5.535548007190389844e+13 1.205772373888973107e-14
5.542315747585020312e+13 1.205526893208199735e-14
5.549091762193877344e+13 1.205405499514358471e-14
5.555876061132978906e+13 1.205358273942644608e-14
5.562668654530714844e+13 1.205358273942644608e-14
5.569469552527865625e+13 1.205358273942644608e-14
5.576278765277600000e+13 1.205358273942644608e-14
5.583096302945500781e+13 1.211511046080067930e-14
5.589922175709587500e+13 1.216143952388807605e-14
5.596756393760314844e+13 1.221601216466013652e-14
5.603598967300596875e+13 1.222844860713633748e-14
5.610449906545828906e+13 1.223318539307261750e-14
5.617309221723889844e+13 1.223247607567470035e-14
5.624176923075160938e+13 1.222872211060489229e-14
5.631053020852545312e+13 1.221693116451328238e-14
5.637937525321488281e+13 1.221295964866114648e-14
5.644830446759976562e+13 1.221058333058985487e-14
5.651731795458561719e+13 1.220950425168902547e-14
5.658641581720387500e+13 1.220914900438468868e-14
5.665559815861184375e+13 1.220914900438468868e-14
5.672486508209294531e+13 1.220914900438468868e-14
5.679421669105696875e+13 1.220914900438468868e-14
5.686365308904003125e+13 1.226982709440449340e-14
5.693317437970486719e+13 1.231487281219944987e-14
5.700278066684098438e+13 1.234634589240018099e-14
5.707247205436473438e+13 1.237690278801247827e-14
5.714224864631950781e+13 1.237974546332024463e-14
5.721211054687598438e+13 1.237753678308843792e-14
5.728205786033210156e+13 1.237264847290663361e-14
5.735209069111333594e+13 1.236048707084981259e-14
5.742220914377291406e+13 1.235648678552957606e-14
5.749241332299177344e+13 1.235421259975448712e-14
5.756270333357888281e+13 1.235326533125479659e-14
5.763307928047139062e+13 1.235298913269884200e-14
5.770354126873469531e+13 1.235298913269884200e-14
5.777408940356260938e+13 1.235298913269884200e-14
5.784472379027767969e+13 1.235298913269884200e-14
5.791544453433108594e+13 1.241258171171041761e-14
5.798625174130298438e+13 1.245615432277828871e-14
5.805714551690267188e+13 1.248591545267311276e-14
5.812812596696858594e+13 1.251267537255550353e-14
5.819919319746860156e+13 1.251355006393208346e-14
5.827034731450019531e+13 1.250982008280248142e-14
5.834158842429048438e+13 1.250380163360777397e-14
5.841291663319647656e+13 1.249709095506067872e-14
5.848433204770527344e+13 1.248731462534040504e-14
5.855583477443410156e+13 1.248513795786943219e-14
5.862742492013052344e+13 1.248429353697424445e-14
5.869910259167269531e+13 1.248409089140461055e-14
5.877086789606936719e+13 1.248409089140461055e-14
5.884272094046011719e+13 1.248409089140461055e-14
5.891466183211558594e+13 1.248409089140461055e-14
5.898669067843748438e+13 1.254235356043209553e-14
5.905880758695882812e+13 1.258420667947977466e-14
5.913101266534420312e+13 1.261192006284013673e-14
5.920330602138971875e+13 1.263432600140372697e-14
5.927568776302332031e+13 1.263319600820519253e-14
5.934815799830485938e+13 1.262793736647207000e-14
5.942071683542641406e+13 1.262080301057098989e-14
5.949336438271221875e+13 1.261359345417679849e-14
5.956610074861896094e+13 1.260354835280997753e-14
5.963892604173603906e+13 1.260144518853115654e-14
5.971184037078548438e+13 1.260070880713322407e-14
5.978484384462225000e+13 1.260057730836314500e-14
5.985793657223450781e+13 1.260057730836314500e-14
5.993111866274354688e+13 1.260057730836314500e-14
6.000439022540408594e+13 1.260057730836314500e-14
6.007775136960451562e+13 1.265718620560676733e-14
6.015120220486683594e+13 1.269707421300500497e-14
6.022474284084700000e+13 1.272251414076443163e-14
6.029837338733508594e+13 1.273602808413435527e-14
6.037209395425530469e+13 1.273658672475381658e-14
6.044590465166628125e+13 1.272980463965986551e-14
6.051980558976128125e+13 1.272157784826113907e-14
6.059379687886819531e+13 1.271368672827405824e-14
6.066787862944980469e+13 1.270328596221001800e-14
6.074205095210403125e+13 1.270128038919627094e-14
6.081631395756392188e+13 1.270066050395013567e-14
6.089066775669790625e+13 1.270058394446523461e-14
6.096511246051005469e+13 1.270058394446523461e-14
6.103964818014007031e+13 1.270058394446523461e-14
6.111427502686350000e+13 1.270058394446523461e-14
6.118899311209206250e+13 1.275527592733086783e-14
6.126380254737359375e+13 1.279294805269836430e-14
6.133870344439228125e+13 1.281586116229990794e-14
6.141369591496896875e+13 1.282691496053097350e-14
6.148878007106112500e+13 1.282251167874891223e-14
6.156395602476307812e+13 1.281422155883035742e-14
6.163922388830632031e+13 1.280493406434938583e-14
6.171458377405944531e+13 1.279640806955724507e-14
6.179003579452842188e+13 1.278983642300780774e-14
6.186558006235688281e+13 1.278385559525730851e-14
6.194121669032607812e+13 1.278334759142675453e-14
6.201694579135513281e+13 1.278330555063561665e-14
6.209276747850133594e+13 1.278330555063561665e-14
6.216868186496010156e+13 1.278330555063561665e-14
6.224468906406525000e+13 1.278330555063561665e-14
6.232078918928914844e+13 1.283577925300399636e-14
6.239698235424300000e+13 1.287093572015369065e-14
6.247326867267679688e+13 1.289109664601399213e-14
6.254964825847960156e+13 1.289952796484764371e-14
6.262612122567980469e+13 1.289745753408731790e-14
6.270268768844514844e+13 1.288059060713582001e-14
6.277934776108290625e+13 1.287028120310955355e-14
6.285610155804023438e+13 1.286117277075860039e-14
6.293294919390410938e+13 1.285438957738972581e-14
6.300989078340159375e+13 1.284858543270792365e-14
6.308692644140010938e+13 1.284817164765388623e-14
6.316405628290742969e+13 1.284815806050139729e-14
6.324128042307193750e+13 1.284815806050139729e-14
6.331859897718285938e+13 1.284815806050139729e-14
6.339601206067032812e+13 1.284815806050139729e-14
6.347351978910556250e+13 1.289810913578306536e-14
6.355112227820118750e+13 1.293029946809065960e-14
6.362881964381121094e+13 1.294749529751769525e-14
6.370661200193126562e+13 1.295315112897959270e-14
6.378449946869892188e+13 1.294855542128021629e-14
6.386248216039359375e+13 1.292830654169646615e-14
6.394056019343691406e+13 1.291701952234798324e-14
6.401873368439292969e+13 1.290738483646343818e-14
6.409700274996807031e+13 1.290044456133613888e-14
6.417536750701151562e+13 1.289646001331656266e-14
6.425382807251532031e+13 1.289452660706463272e-14
6.433238456361455469e+13 1.289452627241148940e-14
6.441103709758745312e+13 1.289452627241148940e-14
6.448978579185572656e+13 1.289452627241148940e-14
6.456863076398457031e+13 1.289452627241148940e-14
6.464757213168292188e+13 1.289452627241148940e-14
6.472661001280368750e+13 1.297053400103520385e-14
6.480574452534378125e+13 1.298456488221252333e-14
6.488497578744441406e+13 1.298730269161644674e-14
6.496430391739128906e+13 1.298044603670724770e-14
6.504372903361464062e+13 1.296953410583337001e-14
6.512325125468947656e+13 1.294465757258492407e-14
6.520287069933592969e+13 1.293455340800916326e-14
6.528258748641911719e+13 1.292750331723465887e-14
6.536240173494955469e+13 1.292360508484889397e-14
6.544231356408321875e+13 1.292190740553393246e-14
6.552232309312182812e+13 1.292190740553393246e-14
6.560243044151292188e+13 1.292190740553393246e-14
6.568263572885001562e+13 1.292190740553393246e-14
6.576293907487297656e+13 1.292190740553393246e-14
6.584334059946797656e+13 1.292190740553393246e-14
6.592384042266771094e+13 1.299118738641829782e-14
6.600443866465175781e+13 1.300186743433888137e-14
6.608513544574654688e+13 1.300155605605596419e-14
6.616593088642557031e+13 1.299260286823496476e-14
6.624682510730975000e+13 1.297981114311234300e-14
6.632781822916735156e+13 1.295265158603287537e-14
6.640891037291430469e+13 1.294212693884157205e-14
6.649010165961449219e+13 1.293499240188160557e-14
6.657139221047965625e+13 1.293121731080254923e-14
6.665278214686978125e+13 1.292991572708425892e-14
6.673427159029330469e+13 1.292975315091716612e-14
6.681586066240710156e+13 1.292975315091716612e-14
6.689754948501683594e+13 1.292975315091716612e-14
6.697933818007713281e+13 1.292975315091716612e-14
6.706122686969166406e+13 1.292975315091716612e-14
6.714321567611337500e+13 1.297024188088932349e-14
6.722530472174473438e+13 1.299888484004771054e-14
6.730749412913780469e+13 1.299540515636536634e-14
6.738978402099450000e+13 1.298435763591274428e-14
6.747217452016677344e+13 1.296967702709401816e-14
6.755466574965675000e+13 1.294028450824596195e-14
6.763725783261689844e+13 1.292936470254907688e-14
6.771995089235036719e+13 1.292220164450959882e-14
6.780274505231093750e+13 1.291859378636740839e-14
6.788564043610335938e+13 1.291745518475275201e-14
6.796863716748356250e+13 1.291735589254355545e-14
6.805173537035871094e+13 1.291735589254355545e-14
6.813493516878742188e+13 1.291735589254355545e-14
6.821823668698013281e+13 1.291735589254355545e-14
6.830164004929899219e+13 1.291735589254355545e-14
6.838514538025823438e+13 1.295356311458258612e-14
6.846875280452439844e+13 1.297449449682987322e-14
6.855246244691635156e+13 1.296773995267991864e-14
6.863627443240555469e+13 1.295433166186002092e-14
6.872018888611637500e+13 1.293770026350229031e-14
6.880420593332603125e+13 1.292085842607779953e-14
6.888832569946496094e+13 1.289481744376033391e-14
6.897254831011690625e+13 1.288769725243658984e-14
6.905687389101926562e+13 1.288428661343569354e-14
6.914130256806303906e+13 1.288331886984258742e-14
6.922583446729317188e+13 1.288326718640611509e-14
6.931046971490875000e+13 1.288326718640611509e-14
6.939520843726313281e+13 1.288326718640611509e-14
6.948005076086408594e+13 1.288326718640611509e-14
6.956499681237420312e+13 1.288326718640611509e-14
6.965004671861079688e+13 1.291460623418052352e-14
6.973520060654622656e+13 1.292784738132482021e-14
6.982045860330821094e+13 1.291737591839133514e-14
6.990582083617977344e+13 1.290120917472016717e-14
6.999128743259954688e+13 1.288249179424654129e-14
7.007685852016210156e+13 1.286423470008025509e-14
7.016253422661789062e+13 1.283719032872907072e-14
7.024831467987354688e+13 1.283017581986993786e-14
7.033420000799216406e+13 1.282699418106120314e-14
7.042019033919334375e+13 1.282620241693854718e-14
7.050628580185343750e+13 1.282618343441494512e-14
7.059248652450581250e+13 1.282618343441494512e-14
7.067879263584095312e+13 1.282618343441494512e-14
7.076520426470660938e+13 1.282618343441494512e-14
7.085172154010818750e+13 1.282618343441494512e-14
7.093834459120873438e+13 1.285243741851638606e-14
7.102507354732917188e+13 1.286130411540741610e-14
7.111190853794865625e+13 1.284342467246428225e-14
7.119884969270454688e+13 1.282444792086424124e-14
7.128589714139267188e+13 1.280364726753266495e-14
7.137305101396768750e+13 1.278404738069602027e-14
7.146031144054298438e+13 1.276781433027477554e-14
7.154767855139107812e+13 1.274933424176564984e-14
7.163515247694379688e+13 1.274642293357894953e-14
7.172273334779240625e+13 1.274580066846816902e-14
7.181042129468775000e+13 1.274579958243373512e-14
7.189821644854071875e+13 1.274579958243373512e-14
7.198611894042207812e+13 1.274579958243373512e-14
7.207412890156287500e+13 1.274579958243373512e-14
7.216224646335468750e+13 1.274579958243373512e-14
7.225047175734964062e+13 1.276690835064544453e-14
7.233880491526073438e+13 1.277125186790510952e-14
7.242724606896195312e+13 1.274577409531743653e-14
7.251579535048860938e+13 1.272398277382791838e-14
7.260445289203732812e+13 1.270114944062100729e-14
7.269321882596640625e+13 1.268029534077269697e-14
7.278209328479604688e+13 1.266349194039524362e-14
7.287107640120831250e+13 1.264518844532239578e-14
7.296016830804754688e+13 1.264257385159922059e-14
7.304936913832057812e+13 1.264211936774697749e-14
7.313867902519678125e+13 1.264211936774697749e-14
7.322809810200829688e+13 1.264211936774697749e-14
7.331762650225042188e+13 1.264211936774697749e-14
7.340726435958151562e+13 1.264211936774697749e-14
7.349701180782339062e+13 1.264211936774697749e-14
7.358686898096154688e+13 1.265809736236498292e-14
7.367683601314518750e+13 1.265777329037616673e-14
7.376691303868757812e+13 1.264518542442276515e-14
7.385710019206623438e+13 1.259993414644948424e-14
7.394739760792300000e+13 1.257513314062837259e-14
7.403780542106434375e+13 1.255312100166032084e-14
7.412832376646164062e+13 1.253583963944016500e-14
7.421895277925118750e+13 1.252418583835654128e-14
7.430969259473446875e+13 1.251560741708731287e-14
7.440054334837854688e+13 1.251530341872223450e-14
7.449150517581595312e+13 1.251530341872223450e-14
7.458257821284506250e+13 1.251530341872223450e-14
7.467376259543037500e+13 1.251530341872223450e-14
7.476505845970253125e+13 1.251530341872223450e-14
7.485646594195856250e+13 1.251530341872223450e-14
7.494798517866229688e+13 1.252616089654828373e-14
7.503961630644426562e+13 1.252102151641575901e-14
7.513135946210203125e+13 1.250412858832225395e-14
7.522321478260054688e+13 1.245248923708059605e-14
7.531518240507209375e+13 1.242579516632339558e-14
7.540726246681662500e+13 1.240271419835589709e-14
7.549945510530200000e+13 1.238508264361972613e-14
7.559176045816414062e+13 1.237358706060987123e-14
7.568417866320715625e+13 1.236574323547564275e-14
7.577670985840381250e+13 1.236557156245081965e-14
7.586935418189535938e+13 1.236557156245081965e-14
7.596211177199206250e+13 1.236557156245081965e-14
7.605498276717320312e+13 1.236557156245081965e-14
7.614796730608751562e+13 1.236557156245081965e-14
7.624106552755307812e+13 1.236557156245081965e-14
7.633427757055773438e+13 1.237124755734238723e-14
7.642760357425934375e+13 1.236113483459210574e-14
7.652104367798576562e+13 1.233983409534923034e-14
7.661459802123528125e+13 1.231192787603113513e-14
7.670826674367676562e+13 1.225329013866694886e-14
7.680204998514971875e+13 1.222926853935301207e-14
7.689594788566470312e+13 1.221143331665427988e-14
7.698996058540345312e+13 1.220020446851388753e-14
7.708408822471906250e+13 1.219318243596549812e-14
7.717833094413620312e+13 1.219310562957379644e-14
7.727268888435143750e+13 1.219310562957379644e-14
7.736716218623326562e+13 1.219310562957379644e-14
7.746175099082235938e+13 1.219310562957379644e-14
7.755645543933203125e+13 1.219310562957379644e-14
7.765127567314800000e+13 1.219310562957379644e-14
7.774621183382896875e+13 1.219341941750265979e-14
7.784126406310673438e+13 1.217815686432526798e-14
7.793643250288631250e+13 1.215234515167992311e-14
7.803171729524618750e+13 1.212076958761148854e-14
7.812711858243865625e+13 1.205769488696318332e-14
7.822263650688984375e+13 1.203289376027763160e-14
7.831827121119998438e+13 1.201499794446652746e-14
7.841402283814378125e+13 1.200416294014229242e-14
7.850989153067035938e+13 1.199923943990927844e-14
7.860587743190362500e+13 1.199800801704863455e-14
7.870198068514259375e+13 1.199800801704863455e-14
7.879820143386135938e+13 1.199800801704863455e-14
7.889453982170942188e+13 1.199800801704863455e-14
7.899099599251200000e+13 1.199800801704863455e-14
7.908757009027007812e+13 1.199800801704863455e-14
7.918426225916064062e+13 1.199260026235685134e-14
7.928107264353714062e+13 1.197197457667921067e-14
7.937800138792931250e+13 1.194152513452183817e-14
7.947504863704365625e+13 1.190623149770300421e-14
7.957221453576365625e+13 1.187074612494830888e-14
7.966949922914987500e+13 1.181353968020353472e-14
7.976690286244015625e+13 1.179574759408528942e-14
7.986442558105007812e+13 1.178542787045877693e-14
7.996206753057287500e+13 1.178108577577140724e-14
8.005982885677981250e+13 1.178020793596636344e-14
8.015770970562034375e+13 1.178020793596636344e-14
8.025571022322248438e+13 1.178020793596636344e-14
8.035383055589273438e+13 1.178020793596636344e-14
8.045207085011656250e+13 1.178020793596636344e-14
8.055043125255856250e+13 1.178020793596636344e-14
8.064891191006257812e+13 1.176844852980641041e-14
8.074751296965193750e+13 1.174215614036267938e-14
8.084623457852989062e+13 1.170693120166236824e-14
8.094507688407948438e+13 1.166795118260318299e-14
8.104404003386400000e+13 1.162995226828299608e-14
8.114312417562718750e+13 1.157092896285881757e-14
8.124232945729340625e+13 1.155341836587277460e-14
8.134165602696779688e+13 1.154373325848457979e-14
8.144110403293667188e+13 1.154000801881971805e-14
8.154067362366759375e+13 1.153943637261798744e-14
8.164036494780957812e+13 1.153943637261798744e-14
8.174017815419353125e+13 1.153943637261798744e-14
8.184011339183217188e+13 1.153943637261798744e-14
8.194017080992043750e+13 1.153943637261798744e-14
8.204035055783576562e+13 1.153943637261798744e-14
8.214065278513809375e+13 1.153943637261798744e-14
8.224107764157025000e+13 1.148882224521359354e-14
8.234162527705820312e+13 1.144879916340025195e-14
8.244229584171114062e+13 1.140621763655156222e-14
8.254308948582178125e+13 1.136585766762773994e-14
8.264400635986667188e+13 1.130542000871235556e-14
8.274504661450623438e+13 1.128836520160299941e-14
8.284621040058509375e+13 1.127943007860669054e-14
8.294749786913239062e+13 1.127634778484659092e-14
8.304890917136182812e+13 1.127602559413371589e-14
8.315044445867195312e+13 1.127602559413371589e-14
8.325210388264654688e+13 1.127602559413371589e-14
8.335388759505460938e+13 1.127602559413371589e-14
8.345579574785065625e+13 1.127602559413371589e-14
8.355782849317512500e+13 1.127602559413371589e-14
8.365998598335434375e+13 1.127602559413371589e-14
8.376226837090087500e+13 1.121254573031583577e-14
8.386467580851384375e+13 1.116774330250088836e-14
8.396720844907893750e+13 1.112167106740743835e-14
8.406986644566885938e+13 1.107911534475226859e-14
8.417264995154334375e+13 1.104376608537310508e-14
8.427555912014968750e+13 1.100130864346342274e-14
8.437859410512262500e+13 1.099322027709508591e-14
8.448175506028471875e+13 1.099077385450313064e-14
8.458504213964676562e+13 1.099063548547299535e-14
8.468845549740768750e+13 1.099063548547299535e-14
8.479199528795493750e+13 1.099063548547299535e-14
8.489566166586484375e+13 1.099063548547299535e-14
8.499945478590264062e+13 1.099063548547299535e-14
8.510337480302270312e+13 1.099063548547299535e-14
8.520742187236904688e+13 1.099063548547299535e-14
8.531159614927517188e+13 1.095815028773774407e-14
8.541589778926454688e+13 1.086450292889925426e-14
8.552032694805089062e+13 1.081506408221452378e-14
8.562488378153817188e+13 1.077053567456829910e-14
8.572956844582093750e+13 1.073447082560818900e-14
8.583438109718476562e+13 1.069308722453349456e-14
8.593932189210610938e+13 1.068593068891831900e-14
8.604439098725276562e+13 1.068410035043090752e-14
8.614958853948423438e+13 1.068407024007407328e-14
8.625491470585156250e+13 1.068407024007407328e-14
8.636036964359793750e+13 1.068407024007407328e-14
8.646595351015879688e+13 1.068407024007407328e-14
8.657166646316203125e+13 1.068407024007407328e-14
8.667750866042817188e+13 1.068407024007407328e-14
8.678348025997089062e+13 1.068407024007407328e-14
8.688958141999684375e+13 1.064431791278689230e-14
8.699581229890620312e+13 1.053994633105841496e-14
8.710217305529284375e+13 1.048732465430285930e-14
8.720866384794443750e+13 1.044108326410066766e-14
8.731528483584281250e+13 1.040457499316139169e-14
8.742203617816428125e+13 1.037928513505888607e-14
8.752891803427962500e+13 1.035852366306995346e-14
8.763593056375448438e+13 1.035724874937355871e-14
8.774307392634970312e+13 1.035724874934142998e-14
8.785034828202132812e+13 1.035724874934142998e-14
8.795775379092096875e+13 1.035724874934142998e-14
8.806529061339614062e+13 1.035724874934142998e-14
8.817295890999032812e+13 1.035724874934142998e-14
8.828075884144326562e+13 1.035724874934142998e-14
8.838869056869118750e+13 1.035724874934142998e-14
8.849675425286726562e+13 1.031008746078960315e-14
8.860495005530148438e+13 1.025384547548716262e-14
8.871327813752109375e+13 1.013951584616680682e-14
8.882173866125096875e+13 1.009184118339895325e-14
8.893033178841354688e+13 1.005519781577885280e-14
8.903905768112925000e+13 1.003066846846832600e-14
8.914791650171682812e+13 1.001207383560503847e-14
8.925690841269339062e+13 1.001128358416640101e-14
8.936603357677467188e+13 1.001128358416640101e-14
8.947529215687553125e+13 1.001128358416640101e-14
8.958468431610984375e+13 1.001128358416640101e-14
8.969421021779090625e+13 1.001128358416640101e-14
8.980387002543185938e+13 1.001128358416640101e-14
8.991366390274556250e+13 1.001128358416640101e-14
9.002359201364506250e+13 1.001128358416640101e-14
9.013365452224392188e+13 9.956573312946173994e-15
9.024385159285623438e+13 9.894282499085694297e-15
9.035418338999695312e+13 9.772905390367872387e-15
9.046465007838232812e+13 9.724127971435524973e-15
9.057525182292987500e+13 9.687665375623846137e-15
9.068598878875867188e+13 9.664152854366503024e-15
9.079686114118985938e+13 9.652002242417507872e-15
9.090786904574656250e+13 9.647442861191858301e-15
9.101901266815425000e+13 9.647442861191858301e-15
9.113029217434114062e+13 9.647442861191858301e-15
9.124170773043818750e+13 9.647442861191858301e-15
9.135325950277948438e+13 9.647442861191858301e-15
9.146494765790257812e+13 9.647442861191858301e-15
9.157677236254853125e+13 9.647442861191858301e-15
9.168873378366218750e+13 9.647442861191858301e-15
9.180083208839271875e+13 9.585105188890038927e-15
9.191306744409346875e+13 9.516876973750797628e-15
9.202544001832240625e+13 9.388992648079336552e-15
9.213794997884248438e+13 9.339470447352275343e-15
9.225059749362160938e+13 9.303526852134250270e-15
9.236338273083307812e+13 9.281268339739743492e-15
9.247630585885592188e+13 9.270505869611279318e-15
9.258936704627485938e+13 9.267176156793458649e-15
9.270256646188082812e+13 9.267176156793458649e-15
9.281590427467100000e+13 9.267176156793458649e-15
9.292938065384940625e+13 9.267176156793458649e-15
9.304299576882671875e+13 9.267176156793458649e-15
9.315674978922076562e+13 9.267176156793458649e-15
9.327064288485689062e+13 9.267176156793458649e-15
9.338467522576792188e+13 9.267176156793458649e-15
9.349884698219457812e+13 9.197221764402001294e-15
9.361315832458581250e+13 9.123210935369442517e-15
9.372760942359889062e+13 9.052063031915385101e-15
9.384220045009967188e+13 8.939578102258167542e-15
9.395693157516307812e+13 8.904488235610094753e-15
9.407180297007304688e+13 8.883715105319553368e-15
9.418681480632292188e+13 8.874421167686405204e-15
9.430196725561587500e+13 8.872149382672372542e-15
9.441726048986482812e+13 8.872126994105574333e-15
9.453269468119287500e+13 8.872126994105574333e-15
9.464827000193375000e+13 8.872126994105574333e-15
9.476398662463167188e+13 8.872126994105574333e-15
9.487984472204185938e+13 8.872126994105574333e-15
9.499584446713084375e+13 8.872126994105574333e-15
9.511198603307653125e+13 8.872126994105574333e-15
9.522826959326850000e+13 8.794613919678525399e-15
9.534469532130848438e+13 8.715016517959914977e-15
9.546126339101032812e+13 8.640340721339328210e-15
9.557797397640037500e+13 8.526318836201653165e-15
9.569482725171785938e+13 8.492424980006194869e-15
9.581182339141490625e+13 8.473333144478439286e-15
9.592896257015692188e+13 8.465532017086350682e-15
9.604624496282303125e+13 8.464040065732632637e-15
9.616367074450598438e+13 8.464040065732632637e-15
9.628124009051259375e+13 8.464040065732632637e-15
9.639895317636418750e+13 8.464040065732632637e-15
9.651681017779650000e+13 8.464040065732632637e-15
9.663481127076015625e+13 8.464040065732632637e-15
9.675295663142100000e+13 8.464040065732632637e-15
9.687124643616015625e+13 8.464040065732632637e-15
9.698968086157434375e+13 8.379063991244018849e-15
9.710826008447637500e+13 8.294163751745602433e-15
9.722698428189507812e+13 8.216348139093838461e-15
9.734585363107568750e+13 8.151015640573147347e-15
9.746486830948031250e+13 8.069293631202971816e-15
9.758402849478787500e+13 8.052057483591797093e-15
9.770333436489459375e+13 8.045746316283985614e-15
9.782278609791406250e+13 8.044895159465128950e-15
9.794238387217789062e+13 8.044895159465128950e-15
9.806212786623546875e+13 8.044895159465128950e-15
9.818201825885454688e+13 8.044895159465128950e-15
9.830205522902154688e+13 8.044895159465128950e-15
9.842223895594160938e+13 8.044895159465128950e-15
9.854256961903890625e+13 8.044895159465128950e-15
9.866304739795718750e+13 8.044895159465128950e-15
9.878367247255964062e+13 7.952641541419520001e-15
9.890444502292937500e+13 7.862782187093643885e-15
9.902536522936984375e+13 7.782275515971768496e-15
9.914643327240471875e+13 7.716287538135641093e-15
9.926764933277846875e+13 7.637324829236046530e-15
9.938901359145657812e+13 7.622075183274225834e-15
9.951052622962571875e+13 7.617192272353963124e-15
9.963218742869407812e+13 7.616806981736261318e-15
9.975399737029173438e+13 7.616806981736261318e-15
9.987595623627071875e+13 7.616806981736261318e-15
9.999806420870535938e+13 7.616806981736261318e-15
1.001203214698927656e+14 7.616806981736261318e-15
1.002427282023526875e+14 7.616806981736261318e-15
1.003652845888283281e+14 7.616806981736261318e-15
1.004879908122859062e+14 7.616806981736261318e-15
1.006108470559156719e+14 7.517539865248326610e-15
1.007338535031318281e+14 7.423122954308607664e-15
1.008570103375725000e+14 7.340432783120539224e-15
1.009803177431006875e+14 7.274307966111560273e-15
1.011037759038041094e+14 7.227235247029801765e-15
1.012273850039952969e+14 7.185632698428487589e-15
1.013511452282123906e+14 7.182067050688955723e-15
1.014750567612191875e+14 7.181956455234938063e-15
1.015991197880050312e+14 7.181956455234938063e-15
1.017233344937857500e+14 7.181956455234938063e-15
1.018477010640036406e+14 7.181956455234938063e-15
1.019722196843273906e+14 7.181956455234938063e-15
1.020968905406529844e+14 7.181956455234938063e-15
1.022217138191036875e+14 7.181956455234938063e-15
1.023466897060300156e+14 7.181956455234938063e-15
1.024718183880106562e+14 7.075997165720329720e-15
1.025971000518523594e+14 6.977509029751142223e-15
1.027225348845899688e+14 6.893185061663810595e-15
1.028481230734873125e+14 6.827454540249338530e-15
1.029738648060371719e+14 6.782173013294372055e-15
1.030997602699612188e+14 6.745057568503097421e-15
1.032258096532109844e+14 6.742659762108333162e-15
1.033520131439677500e+14 6.742656595747681988e-15
1.034783709306425938e+14 6.742656595747681988e-15
1.036048832018772188e+14 6.742656595747681988e-15
1.037315501465439844e+14 6.742656595747681988e-15
1.038583719537458125e+14 6.742656595747681988e-15
1.039853488128172188e+14 6.742656595747681988e-15
1.041124809133241250e+14 6.742656595747681988e-15
1.042397684450639062e+14 6.742656595747681988e-15
1.043672115980663281e+14 6.742656595747681988e-15
1.044948105625934844e+14 6.528403608763773197e-15
1.046225655291397500e+14 6.443045444954637811e-15
1.047504766884327031e+14 6.378263182918580886e-15
1.048785442314331094e+14 6.335182863285706650e-15
1.050067683493349375e+14 6.302723247051474788e-15
1.051351492335662656e+14 6.301287141398793175e-15
1.052636870757888125e+14 6.301287141398793175e-15
1.053923820678989531e+14 6.301287141398793175e-15
1.055212344020276406e+14 6.301287141398793175e-15
1.056502442705404375e+14 6.301287141398793175e-15
1.057794118660384219e+14 6.301287141398793175e-15
1.059087373813580938e+14 6.301287141398793175e-15
1.060382210095714375e+14 6.301287141398793175e-15
1.061678629439867969e+14 6.301287141398793175e-15
1.062976633781488906e+14 6.301287141398793175e-15
1.064276225058386250e+14 6.078336884672112971e-15
1.065577405210742812e+14 5.992567195377440736e-15
1.066880176181112812e+14 5.929282047642630790e-15
1.068184539914422188e+14 5.888794375931066482e-15
1.069490498357978125e+14 5.868068740712518247e-15
1.070798053461468438e+14 5.860354554560919852e-15
1.072107207176961406e+14 5.860354554560919852e-15
1.073417961458915469e+14 5.860354554560919852e-15
1.074730318264178125e+14 5.860354554560919852e-15
1.076044279551986094e+14 5.860354554560919852e-15
1.077359847283975156e+14 5.860354554560919852e-15
1.078677023424178906e+14 5.860354554560919852e-15
1.079995809939028906e+14 5.860354554560919852e-15
1.081316208797364688e+14 5.860354554560919852e-15
1.082638221970432188e+14 5.860354554560919852e-15
1.083961851431884688e+14 5.737130896521524187e-15
1.085287099157791094e+14 5.544425012159602337e-15
1.086613967126636562e+14 5.483196053590995379e-15
1.087942457319322344e+14 5.445657366036146615e-15
1.089272571719174062e+14 5.427771107486265576e-15
1.090604312311942500e+14 5.422374442770931301e-15
1.091937681085802656e+14 5.422374442770931301e-15
1.093272680031364219e+14 5.422374442770931301e-15
1.094609311141669844e+14 5.422374442770931301e-15
1.095947576412195938e+14 5.422374442770931301e-15
1.097287477840861875e+14 5.422374442770931301e-15
1.098629017428029531e+14 5.422374442770931301e-15
1.099972197176503125e+14 5.422374442770931301e-15
1.101317019091538906e+14 5.422374442770931301e-15
1.102663485180844844e+14 5.422374442770931301e-15
1.104011597454579844e+14 5.294600210771209798e-15
1.105361357925364219e+14 5.101285956744248422e-15
1.106712768608278594e+14 5.042639832225559101e-15
1.108065831520863750e+14 5.008348540361996129e-15
1.109420548683130781e+14 4.993323426448891187e-15
1.110776922117560469e+14 4.989803436105452203e-15
1.112134953849102500e+14 4.989775117055278964e-15
1.113494645905186094e+14 4.989775117055278964e-15
1.114856000315718750e+14 4.989775117055278964e-15
1.116219019113086875e+14 4.989775117055278964e-15
1.117583704332164375e+14 4.989775117055278964e-15
1.118950058010313750e+14 4.989775117055278964e-15
1.120318082187384219e+14 4.989775117055278964e-15
1.121687778905722969e+14 4.989775117055278964e-15
1.123059150210173906e+14 4.989775117055278964e-15
1.124432198148077031e+14 4.858171654498569551e-15
1.125806924769280000e+14 4.665703736221762707e-15
1.127183332126135156e+14 4.610161652979695324e-15
1.128561422273502031e+14 4.579376338378532443e-15
1.129941197268754844e+14 4.567173859753754421e-15
1.131322659171783594e+14 4.565012159265305445e-15
1.132705810044993125e+14 4.565012159265305445e-15
1.134090651953313125e+14 4.565012159265305445e-15
1.135477186964198125e+14 4.565012159265305445e-15
1.136865417147626719e+14 4.565012159265305445e-15
1.138255344576111719e+14 4.565012159265305445e-15
1.139646971324699688e+14 4.565012159265305445e-15
1.141040299470970625e+14 4.565012159265305445e-15
1.142435331095048594e+14 4.565012159265305445e-15
1.143832068279600000e+14 4.565012159265305445e-15
1.145230513109834531e+14 4.430383725237531678e-15
1.146630667673514531e+14 4.320914668491310012e-15
1.148032534060955000e+14 4.188284423728773017e-15
1.149436114365022969e+14 4.161182871698231929e-15
1.150841410681147656e+14 4.151679387448127819e-15
1.152248425107320156e+14 4.150561746987527775e-15
1.153657159744093125e+14 4.150561746987527775e-15
1.155067616694590781e+14 4.150561746987527775e-15
1.156479798064508906e+14 4.150561746987527775e-15
1.157893705962113438e+14 4.150561746987527775e-15
1.159309342498252344e+14 4.150561746987527775e-15
1.160726709786353438e+14 4.150561746987527775e-15
1.162145809942425469e+14 4.150561746987527775e-15
1.163566645085068750e+14 4.150561746987527775e-15
1.164989217335469062e+14 4.150561746987527775e-15
1.166413528817409062e+14 4.013758789500039075e-15
1.167839581657267656e+14 3.905140211848066168e-15
1.169267377984020781e+14 3.779488678616617671e-15
1.170696919929249531e+14 3.756169075232798202e-15
1.172128209627142344e+14 3.749153166933446027e-15
1.173561249214492188e+14 3.748730484691902867e-15
1.174996040830709062e+14 3.748730484691902867e-15
1.176432586617817969e+14 3.748730484691902867e-15
1.177870888720459219e+14 3.748730484691902867e-15
1.179310949285899062e+14 3.748730484691902867e-15
1.180752770464028594e+14 3.748730484691902867e-15
1.182196354407363906e+14 3.748730484691902867e-15
1.183641703271056562e+14 3.748730484691902867e-15
1.185088819212892656e+14 3.748730484691902867e-15
1.186537704393292969e+14 3.748730484691902867e-15
1.187988360975323125e+14 3.610677875877633907e-15
1.189440791124693750e+14 3.503766036532579304e-15
1.190894997009758750e+14 3.429735245071298888e-15
1.192350980801527500e+14 3.366609202852957902e-15
1.193808744673663281e+14 3.361793550130172597e-15
1.195268290802483125e+14 3.361720145429629129e-15
1.196729621366968906e+14 3.361720145429629129e-15
1.198192738548766250e+14 3.361720145429629129e-15
1.199657644532184062e+14 3.361720145429629129e-15
1.201124341504206094e+14 3.361720145429629129e-15
1.202592831654489531e+14 3.361720145429629129e-15
1.204063117175364688e+14 3.361720145429629129e-15
1.205535200261846562e+14 3.361720145429629129e-15
1.207009083111633125e+14 3.361720145429629129e-15
1.208484767925106094e+14 3.361720145429629129e-15
1.209962256905340625e+14 3.223373687150902901e-15
1.211441552258105625e+14 3.119009630426982245e-15
1.212922656191862969e+14 3.049231335673756047e-15
1.214405570917778125e+14 2.994472619465010158e-15
1.215890298649720000e+14 2.991498086905536653e-15
1.217376841604260938e+14 2.991498086905536653e-15
1.218865202000686406e+14 2.991498086905536653e-15
1.220355382060995156e+14 2.991498086905536653e-15
1.221847384009899219e+14 2.991498086905536653e-15
1.223341210074833906e+14 2.991498086905536653e-15
1.224836862485957812e+14 2.991498086905536653e-15
1.226334343476152969e+14 2.991498086905536653e-15
1.227833655281034062e+14 2.991498086905536653e-15
1.229334800138950000e+14 2.991498086905536653e-15
1.230837780290981719e+14 2.991498086905536653e-15
1.232342597980954375e+14 2.853863923840222491e-15
1.233849255455436406e+14 2.752899595825058477e-15
1.235357754963738906e+14 2.687942871094232833e-15
1.236868098757926562e+14 2.653813164265452018e-15
1.238380289092818281e+14 2.640000222126165782e-15
1.239894328225984844e+14 2.640000222126165782e-15
1.241410218417761562e+14 2.640000222126165782e-15
1.242927961931247031e+14 2.640000222126165782e-15
1.244447561032302969e+14 2.640000222126165782e-15
1.245969017989565156e+14 2.640000222126165782e-15
1.247492335074442812e+14 2.640000222126165782e-15
1.249017514561118750e+14 2.640000222126165782e-15
1.250544558726559375e+14 2.640000222126165782e-15
1.252073469850515625e+14 2.640000222126165782e-15
1.253604250215521250e+14 2.640000222126165782e-15
1.255136902106904844e+14 2.504107443115971433e-15
1.256671427812788750e+14 2.407365718247288222e-15
1.258207829624089062e+14 2.347729743905251215e-15
1.259746109834526562e+14 2.318540903583275468e-15
1.261286270740626562e+14 2.308927152744459662e-15
1.262828314641717656e+14 2.308927152744459662e-15
1.264372243839943906e+14 2.308927152744459662e-15
1.265918060640264062e+14 2.308927152744459662e-15
1.267465767350450469e+14 2.308927152744459662e-15
1.269015366281101562e+14 2.308927152744459662e-15
1.270566859745640000e+14 2.308927152744459662e-15
1.272120250060313750e+14 2.308927152744459662e-15
1.273675539544205469e+14 2.308927152744459662e-15
1.275232730519233906e+14 2.308927152744459662e-15
1.276791825310152656e+14 2.308927152744459662e-15
1.278352826244560938e+14 2.175808689506283108e-15
1.279915735652904219e+14 2.084066768892961269e-15
1.281480555868472812e+14 2.030157674271230439e-15
1.283047289227413906e+14 2.005890280253878207e-15
1.284615938068730781e+14 1.999628411742006831e-15
1.286186504734282656e+14 1.999628411742006831e-15
1.287758991568796562e+14 1.999628411742006831e-15
1.289333400919861719e+14 1.999628411742006831e-15
1.290909735137940469e+14 1.999628411742006831e-15
1.292487996576370000e+14 1.999628411742006831e-15
1.294068187591359375e+14 1.999628411742006831e-15
1.295650310542003750e+14 1.999628411742006831e-15
1.297234367790281406e+14 1.999628411742006831e-15
1.298820361701054688e+14 1.999628411742006831e-15
1.300408294642081719e+14 1.999628411742006831e-15
1.301998168984014531e+14 1.870334582081163893e-15
1.303589987100400625e+14 1.784331929895593464e-15
1.305183751367691875e+14 1.736463233599858301e-15
1.306779464165246875e+14 1.716971843872792348e-15
1.308377127875329219e+14 1.713203957467665764e-15
1.309976744883117812e+14 1.713203912873516958e-15
1.311578317576709219e+14 1.713203912873516958e-15
1.313181848347114688e+14 1.713203912873516958e-15
1.314787339588272969e+14 1.713203912873516958e-15
1.316394793697049531e+14 1.713203912873516958e-15
1.318004213073236562e+14 1.713203912873516958e-15
1.319615600119564062e+14 1.713203912873516958e-15
1.321228957241699219e+14 1.713203912873516958e-15
1.322844286848246875e+14 1.713203912873516958e-15
1.324461591350760781e+14 1.713203912873516958e-15
1.326080873163742188e+14 1.713203912873516958e-15
1.327702134704641094e+14 1.509144940175365951e-15
1.329325378393867031e+14 1.467517740222946926e-15
1.330950606654788281e+14 1.452529158116572216e-15
1.332577821913732188e+14 1.450568610249822068e-15
1.334207026599996250e+14 1.450568610249822068e-15
1.335838223145848594e+14 1.450568610249822068e-15
1.337471413986526719e+14 1.450568610249822068e-15
1.339106601560249062e+14 1.450568610249822068e-15
1.340743788308215312e+14 1.450568610249822068e-15
1.342382976674606094e+14 1.450568610249822068e-15
1.344024169106593906e+14 1.450568610249822068e-15
1.345667368054343125e+14 1.450568610249822068e-15
1.347312575971010000e+14 1.450568610249822068e-15
1.348959795312753438e+14 1.450568610249822068e-15
1.350609028538735781e+14 1.450568610249822068e-15
1.352260278111121719e+14 1.259288575986589540e-15
1.353913546495090312e+14 1.223964497682345447e-15
1.355568836158834375e+14 1.213075210094319421e-15
1.357226149573560000e+14 1.212314975297289394e-15
1.358885489213499531e+14 1.212314975297289394e-15
1.360546857555909219e+14 1.212314975297289394e-15
1.362210257081070781e+14 1.212314975297289394e-15
1.363875690272302031e+14 1.212314975297289394e-15
1.365543159615956719e+14 1.212314975297289394e-15
1.367212667601424688e+14 1.212314975297289394e-15
1.368884216721143125e+14 1.212314975297289394e-15
1.370557809470596094e+14 1.212314975297289394e-15
1.372233448348315781e+14 1.212314975297289394e-15
1.373911135855891875e+14 1.212314975297289394e-15
1.375590874497972969e+14 1.212314975297289394e-15
1.377272666782265781e+14 1.100442847837446365e-15
1.378956515219547344e+14 1.006099550517681096e-15
1.380642422323663594e+14 9.987734993841108678e-16
1.382330390611530156e+14 9.986253619886969101e-16
1.384020422603144531e+14 9.986253619886969101e-16
1.385712520821583906e+14 9.986253619886969101e-16
1.387406687793007344e+14 9.986253619886969101e-16
1.389102926046665781e+14 9.986253619886969101e-16
1.390801238114902031e+14 9.986253619886969101e-16
1.392501626533152188e+14 9.986253619886969101e-16
1.394204093839954844e+14 9.986253619886969101e-16
1.395908642576952656e+14 9.986253619886969101e-16
1.397615275288892500e+14 9.986253619886969101e-16
1.399323994523634844e+14 9.986253619886969101e-16
1.401034802832156406e+14 9.986253619886969101e-16
1.402747702768548438e+14 8.943620876038237792e-16
1.404462696890028594e+14 8.137287763513261607e-16
1.406179787756941250e+14 8.093153003552181124e-16
1.407898977932756875e+14 8.093152063336814575e-16
1.409620269984083750e+14 8.093152063336814575e-16
1.411343666480668750e+14 8.093152063336814575e-16
1.413069169995395938e+14 8.093152063336814575e-16
1.414796783104299062e+14 8.093152063336814575e-16
1.416526508386561875e+14 8.093152063336814575e-16
1.418258348424516875e+14 8.093152063336814575e-16
1.419992305803658750e+14 8.093152063336814575e-16
1.421728383112639062e+14 8.093152063336814575e-16
1.423466582943276875e+14 8.093152063336814575e-16
1.425206907890560625e+14 8.093152063336814575e-16
1.426949360552647500e+14 8.093152063336814575e-16
1.428693943530874688e+14 7.134057850884308733e-16
1.430440659429760938e+14 6.462440580252244628e-16
1.432189510857003438e+14 6.440085246117002350e-16
1.433940500423493438e+14 6.440085246117002350e-16
1.435693630743313125e+14 6.440085246117002350e-16
1.437448904433735938e+14 6.440085246117002350e-16
1.439206324115241562e+14 6.440085246117002350e-16
1.440965892411511250e+14 6.440085246117002350e-16
1.442727611949430938e+14 6.440085246117002350e-16
1.444491485359101875e+14 6.440085246117002350e-16
1.446257515273840938e+14 6.440085246117002350e-16
1.448025704330180625e+14 6.440085246117002350e-16
1.449796055167881250e+14 6.440085246117002350e-16
1.451568570429929375e+14 6.440085246117002350e-16
1.453343252762539375e+14 6.440085246117002350e-16
1.455120104815165000e+14 5.570790970095913425e-16
1.456899129240500312e+14 5.153792603186760807e-16
1.458680328694475625e+14 5.019856975207566893e-16
1.460463705836275625e+14 5.019856975207566893e-16
1.462249263328334375e+14 5.019856975207566893e-16
1.464037003836336875e+14 5.019856975207566893e-16
1.465826930029231875e+14 5.019856975207566893e-16
1.467619044579231250e+14 5.019856975207566893e-16
1.469413350161808750e+14 5.019856975207566893e-16
1.471209849455714688e+14 5.019856975207566893e-16
1.473008545142973750e+14 5.019856975207566893e-16
1.474809439908885312e+14 5.019856975207566893e-16
1.476612536442036250e+14 5.019856975207566893e-16
1.478417837434300312e+14 5.019856975207566893e-16
1.480225345580838125e+14 5.019856975207566893e-16
1.482035063580109375e+14 4.245123044184137260e-16
1.483846994133874062e+14 3.905134113625219227e-16
1.485661139947189688e+14 3.820837447469732142e-16
1.487477503728425625e+14 3.820837447469732142e-16
1.489296088189263438e+14 3.820837447469732142e-16
1.491116896044693750e+14 3.820837447469732142e-16
1.492939930013032500e+14 3.820837447469732142e-16
1.494765192815919062e+14 3.820837447469732142e-16
1.496592687178314062e+14 3.820837447469732142e-16
1.498422415828516562e+14 3.820837447469732142e-16
1.500254381498159062e+14 3.820837447469732142e-16
1.502088586922210625e+14 3.820837447469732142e-16
1.503925034838988438e+14 3.820837447469732142e-16
1.505763727990156875e+14 3.820837447469732142e-16
1.507604669120728438e+14 3.820837447469732142e-16
1.509447860979075625e+14 3.143618366394759713e-16
1.511293306316930938e+14 2.876773265244649341e-16
1.513141007889388125e+14 2.828223795690999102e-16
1.514990968454911875e+14 2.828223795690999102e-16
1.516843190775340312e+14 2.828223795690999102e-16
1.518697677615884062e+14 2.828223795690999102e-16
1.520554431745137812e+14 2.828223795690999102e-16
1.522413455935082500e+14 2.828223795690999102e-16
1.524274752961081875e+14 2.828223795690999102e-16
1.526138325601899375e+14 2.828223795690999102e-16
1.528004176639694375e+14 2.828223795690999102e-16
1.529872308860022812e+14 2.828223795690999102e-16
1.531742725051852500e+14 2.828223795690999102e-16
1.533615428007559688e+14 2.828223795690999102e-16
1.535490420522930312e+14 2.828223795690999102e-16
1.537367705397173125e+14 2.249482297950820499e-16
1.539247285432918438e+14 2.049937430782924289e-16
1.541129163436220000e+14 2.026414826209135965e-16
1.543013342216565312e+14 2.026414826209135965e-16
1.544899824586877812e+14 2.026414826209135965e-16
1.546788613363514375e+14 2.026414826209135965e-16
1.548679711366281250e+14 2.026414826209135965e-16
1.550573121418430000e+14 2.026414826209135965e-16
1.552468846346661562e+14 2.026414826209135965e-16
1.554366888981135625e+14 2.026414826209135965e-16
1.556267252155473750e+14 2.026414826209135965e-16
1.558169938706755000e+14 2.026414826209135965e-16
1.560074951475533750e+14 2.026414826209135965e-16
1.561982293305836562e+14 2.026414826209135965e-16
1.563891967045161250e+14 2.026414826209135965e-16
1.565803975544493750e+14 1.544951613279944356e-16
1.567718321658304062e+14 1.404953984273022279e-16
1.569635008244548125e+14 1.396977838756170881e-16
1.571554038164681250e+14 1.396977838756170881e-16
1.573475414283652188e+14 1.396977838756170881e-16
1.575399139469916250e+14 1.396977838756170881e-16
1.577325216595435938e+14 1.396977838756170881e-16
1.579253648535680938e+14 1.396977838756170881e-16
1.581184438169639375e+14 1.396977838756170881e-16
1.583117588379821250e+14 1.396977838756170881e-16
1.585053102052254688e+14 1.396977838756170881e-16
1.586990982076501562e+14 1.396977838756170881e-16
1.588931231345656562e+14 1.396977838756170881e-16
1.590873852756346250e+14 1.396977838756170881e-16
1.592818849208744062e+14 1.396977838756170881e-16
1.594766223606568125e+14 1.009313927603942614e-16
1.596715978857082812e+14 9.194088955285594730e-17
1.598668117871111250e+14 9.183575751984144578e-17
1.600622643563035625e+14 9.183575751984144578e-17
1.602579558850796250e+14 9.183575751984144578e-17
1.604538866655905312e+14 9.183575751984144578e-17
1.606500569903447500e+14 9.183575751984144578e-17
1.608464671522078750e+14 9.183575751984144578e-17
1.610431174444040000e+14 9.183575751984144578e-17
1.612400081605157812e+14 9.183575751984144578e-17
1.614371395944841875e+14 9.183575751984144578e-17
1.616345120406102500e+14 9.183575751984144578e-17
1.618321257935546250e+14 9.183575751984144578e-17
1.620299811483378125e+14 9.183575751984144578e-17
1.622280784003415000e+14 9.183575751984144578e-17
1.624264178453085000e+14 6.186834515279245686e-17
1.626249997793426875e+14 5.680649818655578481e-17
1.628238244989104688e+14 5.680649818655578481e-17
1.630228923008406562e+14 5.680649818655578481e-17
1.632222034823245312e+14 5.680649818655578481e-17
1.634217583409172812e+14 5.680649818655578481e-17
1.636215571745376875e+14 5.680649818655578481e-17
1.638216002814684062e+14 5.680649818655578481e-17
1.640218879603572500e+14 5.680649818655578481e-17
1.642224205102171875e+14 5.680649818655578481e-17
1.644231982304261562e+14 5.680649818655578481e-17
1.646242214207287188e+14 5.680649818655578481e-17
1.648254903812359062e+14 5.680649818655578481e-17
1.650270054124250312e+14 5.680649818655578481e-17
1.652287668151414688e+14 5.680649818655578481e-17
1.654307748905981875e+14 3.482385505063176806e-17
1.656330299403760625e+14 3.253082271500107077e-17
1.658355322664251875e+14 3.253082271500107077e-17
1.660382821710647500e+14 3.253082271500107077e-17
1.662412799569830938e+14 3.253082271500107077e-17
1.664445259272390938e+14 3.253082271500107077e-17
1.666480203852621562e+14 3.253082271500107077e-17
1.668517636348522188e+14 3.253082271500107077e-17
1.670557559801810000e+14 3.253082271500107077e-17
1.672599977257923125e+14 3.253082271500107077e-17
1.674644891766015625e+14 3.253082271500107077e-17
1.676692306378976562e+14 3.253082271500107077e-17
1.678742224153426250e+14 3.253082271500107077e-17
1.680794648149716562e+14 3.253082271500107077e-17
1.682849581431947500e+14 3.253082271500107077e-17
1.684907027067964062e+14 3.253082271500107077e-17
1.686966988129357500e+14 1.682421009507834955e-17
1.689029467691478750e+14 1.682421009507834955e-17
1.691094468833440000e+14 1.682421009507834955e-17
1.693161994638110625e+14 1.682421009507834955e-17
1.695232048192136875e+14 1.682421009507834955e-17
1.697304632585936875e+14 1.682421009507834955e-17
1.699379750913702188e+14 1.682421009507834955e-17
1.701457406273413125e+14 1.682421009507834955e-17
1.703537601766837500e+14 1.682421009507834955e-17
1.705620340499529375e+14 1.682421009507834955e-17
1.707705625580845625e+14 1.682421009507834955e-17
1.709793460123943750e+14 1.682421009507834955e-17
1.711883847245783438e+14 1.682421009507834955e-17
1.713976790067140000e+14 1.682421009507834955e-17
1.716072291712602812e+14 1.682421009507834955e-17
1.718170355310578125e+14 7.464011492867701601e-18
1.720270983993300938e+14 7.464011492867701601e-18
1.722374180896836250e+14 7.464011492867701601e-18
1.724479949161077500e+14 7.464011492867701601e-18
1.726588291929762500e+14 7.464011492867701601e-18
1.728699212350472500e+14 7.464011492867701601e-18
1.730812713574632500e+14 7.464011492867701601e-18
1.732928798757525625e+14 7.464011492867701601e-18
1.735047471058287188e+14 7.464011492867701601e-18
1.737168733639919688e+14 7.464011492867701601e-18
1.739292589669292812e+14 7.464011492867701601e-18
1.741419042317142188e+14 7.464011492867701601e-18
1.743548094758085938e+14 7.464011492867701601e-18
1.745679750170622812e+14 7.464011492867701601e-18
1.747814011737133438e+14 7.464011492867701601e-18
1.749950882643892812e+14 2.512845456303596967e-18
1.752090366081072812e+14 2.512845456303596967e-18
1.754232465242740000e+14 2.512845456303596967e-18
1.756377183326871250e+14 2.512845456303596967e-18
1.758524523535352500e+14 2.512845456303596967e-18
1.760674489073980312e+14 2.512845456303596967e-18
1.762827083152475312e+14 2.512845456303596967e-18
1.764982308984482188e+14 2.512845456303596967e-18
1.767140169787569375e+14 2.512845456303596967e-18
1.769300668783244688e+14 2.512845456303596967e-18
1.771463809196953750e+14 2.512845456303596967e-18
1.773629594258081875e+14 2.512845456303596967e-18
1.775798027199966250e+14 2.512845456303596967e-18
1.777969111259897812e+14 2.512845456303596967e-18
1.780142849679120312e+14 2.512845456303596967e-18
1.782319245702845312e+14 4.846707898587472617e-19
1.784498302580251875e+14 4.846707898587472617e-19
1.786680023564485625e+14 4.846707898587472617e-19
1.788864411912676562e+14 4.846707898587472617e-19
1.791051470885935312e+14 4.846707898587472617e-19
1.793241203749354375e+14 4.846707898587472617e-19
1.795433613772023438e+14 4.846707898587472617e-19
1.797628704227030000e+14 4.846707898587472617e-19
1.799826478391456562e+14 4.846707898587472617e-19
1.802026939546398125e+14 4.846707898587472617e-19
1.804230090976961250e+14 4.846707898587472617e-19
1.806435935972263125e+14 4.846707898587472617e-19
1.808644477825447500e+14 4.846707898587472617e-19
1.810855719833685312e+14 4.846707898587472617e-19
1.813069665298171875e+14 4.846707898587472617e-19
1.815286317524145000e+14 1.155850779074830407e-20
1.817505679820882500e+14 1.155850779074830407e-20
1.819727755501703438e+14 1.155850779074830407e-20
1.821952547883983438e+14 1.155850779074830407e-20
1.824180060289152500e+14 1.155850779074830407e-20
1.826410296042697188e+14 1.155850779074830407e-20
1.828643258474175000e+14 1.155850779074830407e-20
1.830878950917214062e+14 1.155850779074830407e-20
1.833117376709512500e+14 1.155850779074830407e-20
1.835358539192855312e+14 1.155850779074830407e-20
1.837602441713112188e+14 1.155850779074830407e-20
1.839849087620238125e+14 1.155850779074830407e-20
1.842098480268290312e+14 1.155850779074830407e-20
1.844350623015425000e+14 1.155850779074830407e-20
1.846605519223900000e+14 1.155850779074830407e-20
1.848863172260088438e+14 0.000000000000000000e+00
1.851123585494479688e+14 0.000000000000000000e+00
1.853386762301677812e+14 0.000000000000000000e+00
1.855652706060418750e+14 0.000000000000000000e+00
1.857921420153568750e+14 0.000000000000000000e+00
1.860192907968125312e+14 0.000000000000000000e+00
1.862467172895230625e+14 0.000000000000000000e+00
1.864744218330175000e+14 0.000000000000000000e+00
1.867024047672392812e+14 0.000000000000000000e+00
1.869306664325480625e+14 0.000000000000000000e+00
1.871592071697196562e+14 0.000000000000000000e+00
1.873880273199458438e+14 0.000000000000000000e+00
1.876171272248362188e+14 0.000000000000000000e+00
1.878465072264179688e+14 0.000000000000000000e+00
1.880761676671359062e+14 0.000000000000000000e+00
1.883061088898540312e+14 0.000000000000000000e+00
1.885363312378555938e+14 0.000000000000000000e+00
1.887668350548429375e+14 0.000000000000000000e+00
1.889976206849391562e+14 0.000000000000000000e+00
1.892286884726881250e+14 0.000000000000000000e+00
1.894600387630543438e+14 0.000000000000000000e+00
1.896916719014246875e+14 0.000000000000000000e+00
1.899235882336081875e+14 0.000000000000000000e+00
1.901557881058362500e+14 0.000000000000000000e+00
1.903882718647640625e+14 0.000000000000000000e+00
1.906210398574705625e+14 0.000000000000000000e+00
1.908540924314585938e+14 0.000000000000000000e+00
1.910874299346563125e+14 0.000000000000000000e+00
1.913210527154173438e+14 0.000000000000000000e+00
1.915549611225205938e+14 0.000000000000000000e+00
1.917891555051721875e+14 0.000000000000000000e+00
1.920236362130042812e+14 0.000000000000000000e+00
1.922584035960771875e+14 0.000000000000000000e+00
1.924934580048792500e+14 0.000000000000000000e+00
1.927287997903266250e+14 0.000000000000000000e+00
1.929644293037651562e+14 0.000000000000000000e+00
1.932003468969701250e+14 0.000000000000000000e+00
1.934365529221465000e+14 0.000000000000000000e+00
1.936730477319302812e+14 0.000000000000000000e+00
1.939098316793886562e+14 0.000000000000000000e+00
1.941469051180198438e+14 0.000000000000000000e+00
1.943842684017549062e+14 0.000000000000000000e+00
1.946219218849575938e+14 0.000000000000000000e+00
1.948598659224242812e+14 0.000000000000000000e+00
1.950981008693857500e+14 0.000000000000000000e+00
1.953366270815070312e+14 0.000000000000000000e+00
1.955754449148874375e+14 0.000000000000000000e+00
1.958145547260622500e+14 0.000000000000000000e+00
1.960539568720026250e+14 0.000000000000000000e+00
1.962936517101155625e+14 0.000000000000000000e+00
1.965336395982456562e+14 0.000000000000000000e+00
1.967739208946748750e+14 0.000000000000000000e+00
1.970144959581228125e+14 0.000000000000000000e+00
1.972553651477480938e+14 0.000000000000000000e+00
1.974965288231484375e+14 0.000000000000000000e+00
1.977379873443607188e+14 0.000000000000000000e+00
1.979797410718625625e+14 0.000000000000000000e+00
1.982217903665721875e+14 0.000000000000000000e+00
1.984641355898486250e+14 0.000000000000000000e+00
1.987067771034932188e+14 0.000000000000000000e+00
1.989497152697496562e+14 0.000000000000000000e+00
1.991929504513039375e+14 0.000000000000000000e+00
1.994364830112860625e+14 0.000000000000000000e+00
1.996803133132700000e+14 0.000000000000000000e+00
1.999244417212735938e+14 0.000000000000000000e+00
2.001688685997603438e+14 0.000000000000000000e+00
2.004135943136393750e+14 0.000000000000000000e+00
2.006586192282653438e+14 0.000000000000000000e+00
2.009039437094400938e+14 0.000000000000000000e+00
2.011495681234128438e+14 0.000000000000000000e+00
2.013954928368799375e+14 0.000000000000000000e+00
2.016417182169865000e+14 0.000000000000000000e+00
2.018882446313267812e+14 0.000000000000000000e+00
2.021350724479436250e+14 0.000000000000000000e+00
2.023822020353305938e+14 0.000000000000000000e+00
2.026296337624316562e+14 0.000000000000000000e+00
2.028773679986413438e+14 0.000000000000000000e+00
2.031254051138063438e+14 0.000000000000000000e+00
2.033737454782255312e+14 0.000000000000000000e+00
2.036223894626499375e+14 0.000000000000000000e+00
2.038713374382844688e+14 0.000000000000000000e+00
2.041205897767877812e+14 0.000000000000000000e+00
2.043701468502724688e+14 0.000000000000000000e+00
2.046200090313065312e+14 0.000000000000000000e+00
2.048701766929135312e+14 0.000000000000000000e+00
2.051206502085724688e+14 0.000000000000000000e+00
2.053714299522195938e+14 0.000000000000000000e+00
2.056225162982483125e+14 0.000000000000000000e+00
2.058739096215091250e+14 0.000000000000000000e+00
2.061256102973114688e+14 0.000000000000000000e+00
2.063776187014236250e+14 0.000000000000000000e+00
2.066299352100726250e+14 0.000000000000000000e+00
2.068825601999462188e+14 0.000000000000000000e+00
2.071354940481925938e+14 0.000000000000000000e+00
2.073887371324203438e+14 0.000000000000000000e+00
2.076422898307005625e+14 0.000000000000000000e+00
2.078961525215663438e+14 0.000000000000000000e+00
2.081503255840130625e+14 0.000000000000000000e+00
2.084048093975001562e+14 0.000000000000000000e+00
2.086596043419507812e+14 0.000000000000000000e+00
2.089147107977521875e+14 0.000000000000000000e+00
2.091701291457571250e+14 0.000000000000000000e+00
2.094258597672840938e+14 0.000000000000000000e+00
2.096819030441170938e+14 0.000000000000000000e+00
2.099382593585075625e+14 0.000000000000000000e+00
2.101949290931742500e+14 0.000000000000000000e+00
2.104519126313031875e+14 0.000000000000000000e+00
2.107092103565495938e+14 0.000000000000000000e+00
2.109668226530376250e+14 0.000000000000000000e+00
2.112247499053604688e+14 0.000000000000000000e+00
2.114829924985822500e+14 0.000000000000000000e+00
2.117415508182377188e+14 0.000000000000000000e+00
2.120004252503324375e+14 0.000000000000000000e+00
2.122596161813447188e+14 0.000000000000000000e+00
2.125191239982245312e+14 0.000000000000000000e+00
2.127789490883955625e+14 0.000000000000000000e+00
2.130390918397551875e+14 0.000000000000000000e+00
2.132995526406744062e+14 0.000000000000000000e+00
2.135603318799995625e+14 0.000000000000000000e+00
2.138214299470525312e+14 0.000000000000000000e+00
2.140828472316304688e+14 0.000000000000000000e+00
2.143445841240077188e+14 0.000000000000000000e+00
2.146066410149358438e+14 0.000000000000000000e+00
2.148690182956434375e+14 0.000000000000000000e+00
2.151317163578380312e+14 0.000000000000000000e+00
2.153947355937061562e+14 0.000000000000000000e+00
2.156580763959130312e+14 0.000000000000000000e+00
2.159217391576048125e+14 0.000000000000000000e+00
2.161857242724080625e+14 0.000000000000000000e+00
2.164500321344301250e+14 0.000000000000000000e+00
2.167146631382607500e+14 0.000000000000000000e+00
2.169796176789721250e+14 0.000000000000000000e+00
2.172448961521188125e+14 0.000000000000000000e+00
2.175104989537395938e+14 0.000000000000000000e+00
2.177764264803575000e+14 0.000000000000000000e+00
2.180426791289796562e+14 0.000000000000000000e+00
2.183092572970992500e+14 0.000000000000000000e+00
2.185761613826953750e+14 0.000000000000000000e+00
2.188433917842331562e+14 0.000000000000000000e+00
2.191109489006654062e+14 0.000000000000000000e+00
2.193788331314328125e+14 0.000000000000000000e+00
2.196470448764636562e+14 0.000000000000000000e+00
2.199155845361759375e+14 0.000000000000000000e+00
2.201844525114770938e+14 0.000000000000000000e+00
2.204536492037641250e+14 0.000000000000000000e+00
2.207231750149253750e+14 0.000000000000000000e+00
2.209930303473406250e+14 0.000000000000000000e+00
2.212632156038809062e+14 0.000000000000000000e+00
2.215337311879103750e+14 0.000000000000000000e+00
2.218045775032864688e+14 0.000000000000000000e+00
2.220757549543596562e+14 0.000000000000000000e+00
2.223472639459754062e+14 0.000000000000000000e+00
2.226191048834741875e+14 0.000000000000000000e+00
2.228912781726913438e+14 0.000000000000000000e+00
2.231637842199590938e+14 0.000000000000000000e+00
2.234366234321063750e+14 0.000000000000000000e+00
2.237097962164589688e+14 0.000000000000000000e+00
2.239833029808411250e+14 0.000000000000000000e+00
2.242571441335758750e+14 0.000000000000000000e+00
2.245313200834847188e+14 0.000000000000000000e+00
2.248058312398896562e+14 0.000000000000000000e+00
2.250806780126131250e+14 0.000000000000000000e+00
2.253558608119779062e+14 0.000000000000000000e+00
2.256313800488092188e+14 0.000000000000000000e+00
2.259072361344344375e+14 0.000000000000000000e+00
2.261834294806831875e+14 0.000000000000000000e+00
2.264599604998892500e+14 0.000000000000000000e+00
2.267368296048906562e+14 0.000000000000000000e+00
2.270140372090292812e+14 0.000000000000000000e+00
2.272915837261531562e+14 0.000000000000000000e+00
2.275694695706163125e+14 0.000000000000000000e+00
2.278476951572786250e+14 0.000000000000000000e+00
2.281262609015078438e+14 0.000000000000000000e+00
2.284051672191795625e+14 0.000000000000000000e+00
2.286844145266771875e+14 0.000000000000000000e+00
2.289640032408938125e+14 0.000000000000000000e+00
2.292439337792322500e+14 0.000000000000000000e+00
2.295242065596049688e+14 0.000000000000000000e+00
2.298048220004360312e+14 0.000000000000000000e+00
2.300857805206610312e+14 0.000000000000000000e+00
2.303670825397270938e+14 0.000000000000000000e+00
2.306487284775949062e+14 0.000000000000000000e+00
2.309307187547385312e+14 0.000000000000000000e+00
2.312130537921453750e+14 0.000000000000000000e+00
2.314957340113183750e+14 0.000000000000000000e+00
2.317787598342756250e+14 0.000000000000000000e+00
2.320621316835505938e+14 0.000000000000000000e+00
2.323458499821940000e+14 0.000000000000000000e+00
2.326299151537738125e+14 0.000000000000000000e+00
2.329143276223750938e+14 0.000000000000000000e+00
2.331990878126020625e+14 0.000000000000000000e+00
2.334841961495782500e+14 0.000000000000000000e+00
2.337696530589460312e+14 0.000000000000000000e+00
2.340554589668691562e+14 0.000000000000000000e+00
2.343416143000315938e+14 0.000000000000000000e+00
2.346281194856394375e+14 0.000000000000000000e+00
2.349149749514213438e+14 0.000000000000000000e+00
2.352021811256280312e+14 0.000000000000000000e+00
2.354897384370345000e+14 0.000000000000000000e+00
2.357776473149401250e+14 0.000000000000000000e+00
2.360659081891682188e+14 0.000000000000000000e+00
2.363545214900685000e+14 0.000000000000000000e+00
2.366434876485166875e+14 0.000000000000000000e+00
2.369328070959146562e+14 0.000000000000000000e+00
2.372224802641924062e+14 0.000000000000000000e+00
2.375125075858079688e+14 0.000000000000000000e+00
2.378028894937474688e+14 0.000000000000000000e+00
2.380936264215270312e+14 0.000000000000000000e+00
2.383847188031928438e+14 0.000000000000000000e+00
2.386761670733210312e+14 0.000000000000000000e+00
2.389679716670197188e+14 0.000000000000000000e+00
2.392601330199290625e+14 0.000000000000000000e+00
2.395526515682210312e+14 0.000000000000000000e+00
2.398455277486015938e+14 0.000000000000000000e+00
2.401387619983107188e+14 0.000000000000000000e+00
2.404323547551220625e+14 0.000000000000000000e+00
2.407263064573454062e+14 0.000000000000000000e+00
2.410206175438262188e+14 0.000000000000000000e+00
2.413152884539459688e+14 0.000000000000000000e+00
2.416103196276238750e+14 0.000000000000000000e+00
2.419057115053171250e+14 0.000000000000000000e+00
2.422014645280205625e+14 0.000000000000000000e+00
2.424975791372690000e+14 0.000000000000000000e+00
2.427940557751370312e+14 0.000000000000000000e+00
2.430908948842390000e+14 0.000000000000000000e+00
2.433880969077311875e+14 0.000000000000000000e+00
2.436856622893115938e+14 0.000000000000000000e+00
2.439835914732199375e+14 0.000000000000000000e+00
2.442818849042399062e+14 0.000000000000000000e+00
2.445805430276988750e+14 0.000000000000000000e+00
2.448795662894679375e+14 0.000000000000000000e+00
2.451789551359641250e+14 0.000000000000000000e+00
2.454787100141501875e+14 0.000000000000000000e+00
2.457788313715346250e+14 0.000000000000000000e+00
2.460793196561737812e+14 0.000000000000000000e+00
2.463801753166718125e+14 0.000000000000000000e+00
2.466813988021805938e+14 0.000000000000000000e+00
2.469829905624017812e+14 0.000000000000000000e+00
2.472849510475870312e+14 0.000000000000000000e+00
2.475872807085375625e+14 0.000000000000000000e+00
2.478899799966065000e+14 0.000000000000000000e+00
2.481930493636988750e+14 0.000000000000000000e+00
2.484964892622714375e+14 0.000000000000000000e+00
2.488003001453348438e+14 0.000000000000000000e+00
2.491044824664535625e+14 0.000000000000000000e+00
2.494090366797459062e+14 0.000000000000000000e+00
2.497139632398861250e+14 0.000000000000000000e+00
2.500192626021043125e+14 0.000000000000000000e+00
2.503249352221864062e+14 0.000000000000000000e+00
2.506309815564763438e+14 0.000000000000000000e+00
2.509374020618760000e+14 0.000000000000000000e+00
2.512441971958450000e+14 0.000000000000000000e+00
2.515513674164031562e+14 0.000000000000000000e+00
2.518589131821302188e+14 0.000000000000000000e+00
2.521668349521657188e+14 0.000000000000000000e+00
2.524751331862114375e+14 0.000000000000000000e+00
2.527838083445311250e+14 0.000000000000000000e+00
2.530928608879504375e+14 0.000000000000000000e+00
2.534022912778592812e+14 0.000000000000000000e+00
2.537120999762116562e+14 0.000000000000000000e+00
2.540222874455255000e+14 0.000000000000000000e+00
2.543328541488850625e+14 0.000000000000000000e+00
2.546438005499407188e+14 0.000000000000000000e+00
2.549551271129089375e+14 0.000000000000000000e+00
2.552668343025745625e+14 0.000000000000000000e+00
2.555789225842905625e+14 0.000000000000000000e+00
2.558913924239782188e+14 0.000000000000000000e+00
2.562042442881290625e+14 0.000000000000000000e+00
2.565174786438051250e+14 0.000000000000000000e+00
2.568310959586385625e+14 0.000000000000000000e+00
2.571450967008340625e+14 0.000000000000000000e+00
2.574594813391688125e+14 0.000000000000000000e+00
2.577742503429921562e+14 0.000000000000000000e+00
2.580894041822282812e+14 0.000000000000000000e+00
2.584049433273758125e+14 0.000000000000000000e+00
2.587208682495076875e+14 0.000000000000000000e+00
2.590371794202740625e+14 0.000000000000000000e+00
2.593538773119004688e+14 0.000000000000000000e+00
2.596709623971906250e+14 0.000000000000000000e+00
2.599884351495264688e+14 0.000000000000000000e+00
2.603062960428675938e+14 0.000000000000000000e+00
2.606245455517541250e+14 0.000000000000000000e+00
2.609431841513062500e+14 0.000000000000000000e+00
2.612622123172241250e+14 0.000000000000000000e+00
2.615816305257905000e+14 0.000000000000000000e+00
2.619014392538703125e+14 0.000000000000000000e+00
2.622216389789107188e+14 0.000000000000000000e+00
2.625422301789435000e+14 0.000000000000000000e+00
2.628632133325846875e+14 0.000000000000000000e+00
2.631845889190347500e+14 0.000000000000000000e+00
2.635063574180809375e+14 0.000000000000000000e+00
2.638285193100969688e+14 0.000000000000000000e+00
2.641510750760430000e+14 0.000000000000000000e+00
2.644740251974682812e+14 0.000000000000000000e+00
2.647973701565104688e+14 0.000000000000000000e+00
2.651211104358960625e+14 0.000000000000000000e+00
2.654452465189425625e+14 0.000000000000000000e+00
2.657697788895582812e+14 0.000000000000000000e+00
2.660947080322424062e+14 0.000000000000000000e+00
2.664200344320872188e+14 0.000000000000000000e+00
2.667457585747780938e+14 0.000000000000000000e+00
2.670718809465935312e+14 0.000000000000000000e+00
2.673984020344071875e+14 0.000000000000000000e+00
2.677253223256879688e+14 0.000000000000000000e+00
2.680526423085000938e+14 0.000000000000000000e+00
2.683803624715051875e+14 0.000000000000000000e+00
2.687084833039622812e+14 0.000000000000000000e+00
2.690370052957279062e+14 0.000000000000000000e+00
2.693659289372580938e+14 0.000000000000000000e+00
2.696952547196087812e+14 0.000000000000000000e+00
2.700249831344351562e+14 0.000000000000000000e+00
2.703551146739945312e+14 0.000000000000000000e+00
2.706856498311459062e+14 0.000000000000000000e+00
2.710165890993501875e+14 0.000000000000000000e+00
2.713479329726722500e+14 0.000000000000000000e+00
2.716796819457811562e+14 0.000000000000000000e+00
2.720118365139497812e+14 0.000000000000000000e+00
2.723443971730574062e+14 0.000000000000000000e+00
2.726773644195896562e+14 0.000000000000000000e+00
2.730107387506381562e+14 0.000000000000000000e+00
2.733445206639032812e+14 0.000000000000000000e+00
2.736787106576937188e+14 0.000000000000000000e+00
2.740133092309267188e+14 0.000000000000000000e+00
2.743483168831302188e+14 0.000000000000000000e+00
2.746837341144429375e+14 0.000000000000000000e+00
2.750195614256142500e+14 0.000000000000000000e+00
2.753557993180065312e+14 0.000000000000000000e+00
2.756924482935950625e+14 0.000000000000000000e+00
2.760295088549681875e+14 0.000000000000000000e+00
2.763669815053293125e+14 0.000000000000000000e+00
2.767048667484972812e+14 0.000000000000000000e+00
2.770431650889059375e+14 0.000000000000000000e+00
2.773818770316066875e+14 0.000000000000000000e+00
2.777210030822684062e+14 0.000000000000000000e+00
2.780605437471774688e+14 0.000000000000000000e+00
2.784004995332399062e+14 0.000000000000000000e+00
2.787408709479816562e+14 0.000000000000000000e+00
2.790816584995481562e+14 0.000000000000000000e+00
2.794228626967070625e+14 0.000000000000000000e+00
2.797644840488480312e+14 0.000000000000000000e+00
2.801065230659825625e+14 0.000000000000000000e+00
2.804489802587466875e+14 0.000000000000000000e+00
2.807918561384005938e+14 0.000000000000000000e+00
2.811351512168287812e+14 0.000000000000000000e+00
2.814788660065423125e+14 0.000000000000000000e+00
2.818230010206790625e+14 0.000000000000000000e+00
2.821675567730031875e+14 0.000000000000000000e+00
2.825125337779079375e+14 0.000000000000000000e+00
2.828579325504154375e+14 0.000000000000000000e+00
2.832037536061766250e+14 0.000000000000000000e+00
2.835499974614736875e+14 0.000000000000000000e+00
2.838966646332201250e+14 0.000000000000000000e+00
2.842437556389604375e+14 0.000000000000000000e+00
2.845912709968726875e+14 0.000000000000000000e+00
2.849392112257686875e+14 0.000000000000000000e+00
2.852875768450934375e+14 0.000000000000000000e+00
2.856363683749281250e+14 0.000000000000000000e+00
2.859855863359894375e+14 0.000000000000000000e+00
2.863352312496302500e+14 0.000000000000000000e+00
2.866853036378415625e+14 0.000000000000000000e+00
2.870358040232518125e+14 0.000000000000000000e+00
2.873867329291289375e+14 0.000000000000000000e+00
2.877380908793807500e+14 0.000000000000000000e+00
2.880898783985548125e+14 0.000000000000000000e+00
2.884420960118407500e+14 0.000000000000000000e+00
2.887947442450702500e+14 0.000000000000000000e+00
2.891478236247171875e+14 0.000000000000000000e+00
2.895013346778998125e+14 0.000000000000000000e+00
2.898552779323808125e+14 0.000000000000000000e+00
2.902096539165673750e+14 0.000000000000000000e+00
2.905644631595135000e+14 0.000000000000000000e+00
2.909197061909200000e+14 0.000000000000000000e+00
2.912753835411345000e+14 0.000000000000000000e+00
2.916314957411537500e+14 0.000000000000000000e+00
2.919880433226239375e+14 0.000000000000000000e+00
2.923450268178401250e+14 0.000000000000000000e+00
2.927024467597491250e+14 0.000000000000000000e+00
2.930603036819493750e+14 0.000000000000000000e+00
2.934185981186908125e+14 0.000000000000000000e+00
2.937773306048772500e+14 0.000000000000000000e+00
2.941365016760666875e+14 0.000000000000000000e+00
2.944961118684709375e+14 0.000000000000000000e+00
2.948561617189582500e+14 0.000000000000000000e+00
2.952166517650531875e+14 0.000000000000000000e+00
2.955775825449366875e+14 0.000000000000000000e+00
2.959389545974486875e+14 0.000000000000000000e+00
2.963007684620876250e+14 0.000000000000000000e+00
2.966630246790106875e+14 0.000000000000000000e+00
2.970257237890365625e+14 0.000000000000000000e+00
2.973888663336450000e+14 0.000000000000000000e+00
2.977524528549768750e+14 0.000000000000000000e+00
2.981164838958367500e+14 0.000000000000000000e+00
2.984809599996928125e+14 0.000000000000000000e+00
2.988458817106768125e+14 0.000000000000000000e+00
2.992112495735867500e+14 0.000000000000000000e+00
2.995770641338865625e+14 0.000000000000000000e+00
2.999433259377062500e+14 0.000000000000000000e+00
3.003100355318443125e+14 0.000000000000000000e+00
3.006771934637678750e+14 0.000000000000000000e+00
3.010448002816124375e+14 0.000000000000000000e+00
3.014128565341845000e+14 0.000000000000000000e+00
3.017813627709617500e+14 0.000000000000000000e+00
3.021503195420924375e+14 0.000000000000000000e+00
3.025197273983985000e+14 0.000000000000000000e+00
3.028895868913754375e+14 0.000000000000000000e+00
3.032598985731917500e+14 0.000000000000000000e+00
3.036306629966923750e+14 0.000000000000000000e+00
3.040018807153976250e+14 0.000000000000000000e+00
3.043735522835041875e+14 0.000000000000000000e+00
3.047456782558868750e+14 0.000000000000000000e+00
3.051182591880988125e+14 0.000000000000000000e+00
3.054912956363718125e+14 0.000000000000000000e+00
3.058647881576183125e+14 0.000000000000000000e+00
3.062387373094316875e+14 0.000000000000000000e+00
3.066131436500862500e+14 0.000000000000000000e+00
3.069880077385396875e+14 0.000000000000000000e+00
3.073633301344330000e+14 0.000000000000000000e+00
3.077391113980905625e+14 0.000000000000000000e+00
3.081153520905227500e+14 0.000000000000000000e+00
3.084920527734256875e+14 0.000000000000000000e+00
3.088692140091814375e+14 0.000000000000000000e+00
3.092468363608605625e+14 0.000000000000000000e+00
3.096249203922220000e+14 0.000000000000000000e+00
3.100034666677128750e+14 0.000000000000000000e+00
3.103824757524715000e+14 0.000000000000000000e+00
3.107619482123271250e+14 0.000000000000000000e+00
3.111418846137997500e+14 0.000000000000000000e+00
3.115222855241030000e+14 0.000000000000000000e+00
3.119031515111438750e+14 0.000000000000000000e+00
3.122844831435230000e+14 0.000000000000000000e+00
3.126662809905368125e+14 0.000000000000000000e+00
3.130485456221780000e+14 0.000000000000000000e+00
3.134312776091349375e+14 0.000000000000000000e+00
3.138144775227949375e+14 0.000000000000000000e+00
3.141981459352437500e+14 0.000000000000000000e+00
3.145822834192655625e+14 0.000000000000000000e+00
3.149668905483459375e+14 0.000000000000000000e+00
3.153519678966713750e+14 0.000000000000000000e+00
3.157375160391296250e+14 0.000000000000000000e+00
3.161235355513124375e+14 0.000000000000000000e+00
3.165100270095140625e+14 0.000000000000000000e+00
3.168969909907343125e+14 0.000000000000000000e+00
3.172844280726783125e+14 0.000000000000000000e+00
3.176723388337566875e+14 0.000000000000000000e+00
3.180607238530880000e+14 0.000000000000000000e+00
3.184495837104990625e+14 0.000000000000000000e+00
3.188389189865243750e+14 0.000000000000000000e+00
3.192287302624093750e+14 0.000000000000000000e+00
3.196190181201100625e+14 0.000000000000000000e+00
3.200097831422928750e+14 0.000000000000000000e+00
3.204010259123376875e+14 0.000000000000000000e+00
3.207927470143375625e+14 0.000000000000000000e+00
3.211849470330988125e+14 0.000000000000000000e+00
3.215776265541435000e+14 0.000000000000000000e+00
3.219707861637096250e+14 0.000000000000000000e+00
3.223644264487511250e+14 0.000000000000000000e+00
3.227585479969403125e+14 0.000000000000000000e+00
3.231531513966680000e+14 0.000000000000000000e+00
3.235482372370435000e+14 0.000000000000000000e+00
3.239438061078971875e+14 0.000000000000000000e+00
3.243398585997807500e+14 0.000000000000000000e+00
3.247363953039667500e+14 0.000000000000000000e+00
3.251334168124516875e+14 0.000000000000000000e+00
3.255309237179558125e+14 0.000000000000000000e+00
3.259289166139231250e+14 0.000000000000000000e+00
3.263273960945240000e+14 0.000000000000000000e+00
3.267263627546553750e+14 0.000000000000000000e+00
3.271258171899403750e+14 0.000000000000000000e+00
3.275257599967316250e+14 0.000000000000000000e+00
3.279261917721104375e+14 0.000000000000000000e+00
3.283271131138874375e+14 0.000000000000000000e+00
3.287285246206049375e+14 0.000000000000000000e+00
3.291304268915371875e+14 0.000000000000000000e+00
3.295328205266899375e+14 0.000000000000000000e+00
3.299357061268036875e+14 0.000000000000000000e+00
3.303390842933531875e+14 0.000000000000000000e+00
3.307429556285477500e+14 0.000000000000000000e+00
3.311473207353338125e+14 0.000000000000000000e+00
3.315521802173950625e+14 0.000000000000000000e+00
3.319575346791521875e+14 0.000000000000000000e+00
3.323633847257658125e+14 0.000000000000000000e+00
3.327697309631365000e+14 0.000000000000000000e+00
3.331765739979046250e+14 0.000000000000000000e+00
3.335839144374530625e+14 0.000000000000000000e+00
3.339917528899074375e+14 0.000000000000000000e+00
3.344000899641357500e+14 0.000000000000000000e+00
3.348089262697515625e+14 0.000000000000000000e+00
3.352182624171135625e+14 0.000000000000000000e+00
3.356280990173257500e+14 0.000000000000000000e+00
3.360384366822403125e+14 0.000000000000000000e+00
3.364492760244573750e+14 0.000000000000000000e+00
3.368606176573250625e+14 0.000000000000000000e+00
3.372724621949423750e+14 0.000000000000000000e+00
3.376848102521591875e+14 0.000000000000000000e+00
3.380976624445760000e+14 0.000000000000000000e+00
3.385110193885468750e+14 0.000000000000000000e+00
3.389248817011796250e+14 0.000000000000000000e+00
3.393392500003354375e+14 0.000000000000000000e+00
3.397541249046318125e+14 0.000000000000000000e+00
3.401695070334426875e+14 0.000000000000000000e+00
3.405853970068981875e+14 0.000000000000000000e+00
3.410017954458875625e+14 0.000000000000000000e+00
3.414187029720593750e+14 0.000000000000000000e+00
3.418361202078208125e+14 0.000000000000000000e+00
3.422540477763415000e+14 0.000000000000000000e+00
3.426724863015525625e+14 0.000000000000000000e+00
3.430914364081471875e+14 0.000000000000000000e+00
3.435108987215830625e+14 0.000000000000000000e+00
3.439308738680827500e+14 0.000000000000000000e+00
3.443513624746333750e+14 0.000000000000000000e+00
3.447723651689897500e+14 0.000000000000000000e+00
3.451938825796738750e+14 0.000000000000000000e+00
3.456159153359753750e+14 0.000000000000000000e+00
3.460384640679543125e+14 0.000000000000000000e+00
3.464615294064408750e+14 0.000000000000000000e+00
3.468851119830356250e+14 0.000000000000000000e+00
3.473092124301122500e+14 0.000000000000000000e+00
3.477338313808177500e+14 0.000000000000000000e+00
3.481589694690718750e+14 0.000000000000000000e+00
3.485846273295706250e+14 0.000000000000000000e+00
3.490108055977860625e+14 0.000000000000000000e+00
3.494375049099659375e+14 0.000000000000000000e+00
3.498647259031374375e+14 0.000000000000000000e+00
3.502924692151050000e+14 0.000000000000000000e+00
3.507207354844541250e+14 0.000000000000000000e+00
3.511495253505507500e+14 0.000000000000000000e+00
3.515788394535416875e+14 0.000000000000000000e+00
3.520086784343575000e+14 0.000000000000000000e+00
3.524390429347120000e+14 0.000000000000000000e+00
3.528699335971027500e+14 0.000000000000000000e+00
3.533013510648140000e+14 0.000000000000000000e+00
3.537332959819161875e+14 0.000000000000000000e+00
3.541657689932663125e+14 0.000000000000000000e+00
3.545987707445108125e+14 0.000000000000000000e+00
3.550323018820854375e+14 0.000000000000000000e+00
3.554663630532151875e+14 0.000000000000000000e+00
3.559009549059176250e+14 0.000000000000000000e+00
3.563360780890022500e+14 0.000000000000000000e+00
3.567717332520710000e+14 0.000000000000000000e+00
3.572079210455209375e+14 0.000000000000000000e+00
3.576446421205443750e+14 0.000000000000000000e+00
3.580818971291286250e+14 0.000000000000000000e+00
3.585196867240592500e+14 0.000000000000000000e+00
3.589580115589199375e+14 0.000000000000000000e+00
3.593968722880921875e+14 0.000000000000000000e+00
3.598362695667588750e+14 0.000000000000000000e+00
3.602762040509036875e+14 0.000000000000000000e+00
3.607166763973113750e+14 0.000000000000000000e+00
3.611576872635707500e+14 0.000000000000000000e+00
3.615992373080744375e+14 0.000000000000000000e+00
3.620413271900191250e+14 0.000000000000000000e+00
3.624839575694083125e+14 0.000000000000000000e+00
3.629271291070525625e+14 0.000000000000000000e+00
3.633708424645692500e+14 0.000000000000000000e+00
3.638150983043856875e+14 0.000000000000000000e+00
3.642598972897391250e+14 0.000000000000000000e+00
3.647052400846764375e+14 0.000000000000000000e+00
3.651511273540576250e+14 0.000000000000000000e+00
3.655975597635555000e+14 0.000000000000000000e+00
3.660445379796556250e+14 0.000000000000000000e+00
3.664920626696593750e+14 0.000000000000000000e+00
3.669401345016841875e+14 0.000000000000000000e+00
3.673887541446631250e+14 0.000000000000000000e+00
3.678379222683481875e+14 0.000000000000000000e+00
3.682876395433101250e+14 0.000000000000000000e+00
3.687379066409386250e+14 0.000000000000000000e+00
3.691887242334450625e+14 0.000000000000000000e+00
3.696400929938629375e+14 0.000000000000000000e+00
3.700920135960472500e+14 0.000000000000000000e+00
3.705444867146781875e+14 0.000000000000000000e+00
3.709975130252605000e+14 0.000000000000000000e+00
3.714510932041239375e+14 0.000000000000000000e+00
3.719052279284261875e+14 0.000000000000000000e+00
3.723599178761528750e+14 0.000000000000000000e+00
3.728151637261172500e+14 0.000000000000000000e+00
3.732709661579636875e+14 0.000000000000000000e+00
3.737273258521676250e+14 0.000000000000000000e+00
3.741842434900350625e+14 0.000000000000000000e+00
3.746417197537062500e+14 0.000000000000000000e+00
3.750997553261553750e+14 0.000000000000000000e+00
3.755583508911906250e+14 0.000000000000000000e+00
3.760175071334571250e+14 0.000000000000000000e+00
3.764772247384371875e+14 0.000000000000000000e+00
3.769375043924500000e+14 0.000000000000000000e+00
3.773983467826550625e+14 0.000000000000000000e+00
3.778597525970518125e+14 0.000000000000000000e+00
3.783217225244798750e+14 0.000000000000000000e+00
3.787842572546221875e+14 0.000000000000000000e+00
3.792473574780046875e+14 0.000000000000000000e+00
3.797110238859966250e+14 0.000000000000000000e+00
3.801752571708136250e+14 0.000000000000000000e+00
3.806400580255175000e+14 0.000000000000000000e+00
3.811054271440163125e+14 0.000000000000000000e+00
3.815713652210676250e+14 0.000000000000000000e+00
3.820378729522785000e+14 0.000000000000000000e+00
3.825049510341051875e+14 0.000000000000000000e+00
3.829726001638566250e+14 0.000000000000000000e+00
3.834408210396943125e+14 0.000000000000000000e+00
3.839096143606319375e+14 0.000000000000000000e+00
3.843789808265393750e+14 0.000000000000000000e+00
3.848489211381417500e+14 0.000000000000000000e+00
3.853194359970200000e+14 0.000000000000000000e+00
3.857905261056137500e+14 0.000000000000000000e+00
3.862621921672216875e+14 0.000000000000000000e+00
3.867344348860010000e+14 0.000000000000000000e+00
3.872072549669713750e+14 0.000000000000000000e+00
3.876806531160128750e+14 0.000000000000000000e+00
3.881546300398697500e+14 0.000000000000000000e+00
3.886291864461503750e+14 0.000000000000000000e+00
3.891043230433270000e+14 0.000000000000000000e+00
3.895800405407392500e+14 0.000000000000000000e+00
3.900563396485939375e+14 0.000000000000000000e+00
3.905332210779651250e+14 0.000000000000000000e+00
3.910106855407973125e+14 0.000000000000000000e+00
3.914887337499053750e+14 0.000000000000000000e+00
3.919673664189745000e+14 0.000000000000000000e+00
3.924465842625638125e+14 0.000000000000000000e+00
3.929263879961058750e+14 0.000000000000000000e+00
3.934067783359066250e+14 0.000000000000000000e+00
3.938877559991492500e+14 0.000000000000000000e+00
3.943693217038935000e+14 0.000000000000000000e+00
3.948514761690759375e+14 0.000000000000000000e+00
3.953342201145133125e+14 0.000000000000000000e+00
3.958175542609023750e+14 0.000000000000000000e+00
3.963014793298198750e+14 0.000000000000000000e+00
3.967859960437258750e+14 0.000000000000000000e+00
3.972711051259636250e+14 0.000000000000000000e+00
3.977568073007597500e+14 0.000000000000000000e+00
3.982431032932273750e+14 0.000000000000000000e+00
3.987299938293661875e+14 0.000000000000000000e+00
3.992174796360622500e+14 0.000000000000000000e+00
3.997055614410915625e+14 0.000000000000000000e+00
4.001942399731198125e+14 0.000000000000000000e+00
4.006835159617025000e+14 0.000000000000000000e+00
4.011733901372880625e+14 0.000000000000000000e+00
4.016638632312181875e+14 0.000000000000000000e+00
4.021549359757274375e+14 0.000000000000000000e+00
4.026466091039466875e+14 0.000000000000000000e+00
4.031388833499033125e+14 0.000000000000000000e+00
4.036317594485207500e+14 0.000000000000000000e+00
4.041252381356223125e+14 0.000000000000000000e+00
4.046193201479307500e+14 0.000000000000000000e+00
4.051140062230684375e+14 0.000000000000000000e+00
4.056092970995607500e+14 0.000000000000000000e+00
4.061051935168360625e+14 0.000000000000000000e+00
4.066016962152252500e+14 0.000000000000000000e+00
4.070988059359660000e+14 0.000000000000000000e+00
4.075965234212018750e+14 0.000000000000000000e+00
4.080948494139826875e+14 0.000000000000000000e+00
4.085937846582678750e+14 0.000000000000000000e+00
4.090933298989265000e+14 0.000000000000000000e+00
4.095934858817370000e+14 0.000000000000000000e+00
4.100942533533909375e+14 0.000000000000000000e+00
4.105956330614926875e+14 0.000000000000000000e+00
4.110976257545593125e+14 0.000000000000000000e+00
4.116002321820245000e+14 0.000000000000000000e+00
4.121034530942380625e+14 0.000000000000000000e+00
4.126072892424658750e+14 0.000000000000000000e+00
4.131117413788935625e+14 0.000000000000000000e+00
4.136168102566265625e+14 0.000000000000000000e+00
4.141224966296895625e+14 0.000000000000000000e+00
4.146288012530305000e+14 0.000000000000000000e+00
4.151357248825203125e+14 0.000000000000000000e+00
4.156432682749527500e+14 0.000000000000000000e+00
4.161514321880480625e+14 0.000000000000000000e+00
4.166602173804529375e+14 0.000000000000000000e+00
4.171696246117403750e+14 0.000000000000000000e+00
4.176796546424131250e+14 0.000000000000000000e+00
4.181903082339039375e+14 0.000000000000000000e+00
4.187015861485750000e+14 0.000000000000000000e+00
4.192134891497219375e+14 0.000000000000000000e+00
4.197260180015736875e+14 0.000000000000000000e+00
4.202391734692919375e+14 0.000000000000000000e+00
4.207529563189755000e+14 0.000000000000000000e+00
4.212673673176596250e+14 0.000000000000000000e+00
4.217824072333161250e+14 0.000000000000000000e+00
4.222980768348568750e+14 0.000000000000000000e+00
4.228143768921340000e+14 0.000000000000000000e+00
4.233313081759395000e+14 0.000000000000000000e+00
4.238488714580088750e+14 0.000000000000000000e+00
4.243670675110214375e+14 0.000000000000000000e+00
4.248858971085996875e+14 0.000000000000000000e+00
4.254053610253131875e+14 0.000000000000000000e+00
4.259254600366786875e+14 0.000000000000000000e+00
4.264461949191597500e+14 0.000000000000000000e+00
4.269675664501706875e+14 0.000000000000000000e+00
4.274895754080748750e+14 0.000000000000000000e+00
4.280122225721885625e+14 0.000000000000000000e+00
4.285355087227805625e+14 0.000000000000000000e+00
4.290594346410725625e+14 0.000000000000000000e+00
4.295840011092426875e+14 0.000000000000000000e+00
4.301092089104252500e+14 0.000000000000000000e+00
4.306350588287106250e+14 0.000000000000000000e+00
4.311615516491493125e+14 0.000000000000000000e+00
4.316886881577515000e+14 0.000000000000000000e+00
4.322164691414871250e+14 0.000000000000000000e+00
4.327448953882894375e+14 0.000000000000000000e+00
4.332739676870551250e+14 0.000000000000000000e+00
4.338036868276440625e+14 0.000000000000000000e+00
4.343340536008831250e+14 0.000000000000000000e+00
4.348650687985660000e+14 0.000000000000000000e+00
4.353967332134530000e+14 0.000000000000000000e+00
4.359290476392752500e+14 0.000000000000000000e+00
4.364620128707341250e+14 0.000000000000000000e+00
4.369956297035012500e+14 0.000000000000000000e+00
4.375298989342223750e+14 0.000000000000000000e+00
4.380648213605173750e+14 0.000000000000000000e+00
4.386003977809796875e+14 0.000000000000000000e+00
4.391366289951806875e+14 0.000000000000000000e+00
4.396735158036691875e+14 0.000000000000000000e+00
4.402110590079714375e+14 0.000000000000000000e+00
4.407492594105948750e+14 0.000000000000000000e+00
4.412881178150283750e+14 0.000000000000000000e+00
4.418276350257414375e+14 0.000000000000000000e+00
4.423678118481886250e+14 0.000000000000000000e+00
4.429086490888093125e+14 0.000000000000000000e+00
4.434501475550273125e+14 0.000000000000000000e+00
4.439923080552550625e+14 0.000000000000000000e+00
4.445351313988933750e+14 0.000000000000000000e+00
4.450786183963312500e+14 0.000000000000000000e+00
4.456227698589496875e+14 0.000000000000000000e+00
4.461675865991219375e+14 0.000000000000000000e+00
4.467130694302128750e+14 0.000000000000000000e+00
4.472592191665832500e+14 0.000000000000000000e+00
4.478060366235894375e+14 0.000000000000000000e+00
4.483535226175832500e+14 0.000000000000000000e+00
4.489016779659160000e+14 0.000000000000000000e+00
4.494505034869382500e+14 0.000000000000000000e+00
