1.000000000000000000e+12 1.489630121498678737e-17
1.001222596278786133e+12 1.489742610258959368e-17
1.002446687299233276e+12 1.489776072830772226e-17
1.003672274888806763e+12 1.489776072830772226e-17
1.004899360877206543e+12 1.489776072830772226e-17
1.006127947096369507e+12 1.501763210611297052e-17
1.007358035380472534e+12 1.511983393800917518e-17
1.008589627565933838e+12 1.520538456627142181e-17
1.009822725491418213e+12 1.527535830926833890e-17
1.011057330997837891e+12 1.537293938361705884e-17
1.012293445928355225e+12 1.540357790780833605e-17
1.013531072128386719e+12 1.542480193709259251e-17
1.014770211445605225e+12 1.543852604914536528e-17
1.016010865729941650e+12 1.544658122355544056e-17
1.017253036833589233e+12 1.545344636516936488e-17
1.018496726611005859e+12 1.545533580113317847e-17
1.019741936918916504e+12 1.545650290398569103e-17
1.020988669616315796e+12 1.545685008767691254e-17
1.022236926564471313e+12 1.545685008767691254e-17
1.023486709626926880e+12 1.545685008767691254e-17
1.024738020669503784e+12 1.558122004839311694e-17
1.025990861560305054e+12 1.568725735313408565e-17
1.027245234169717407e+12 1.577601856094725264e-17
1.028501140370413818e+12 1.584861830766770097e-17
1.029758582037358032e+12 1.590612291509950296e-17
1.031017561047805176e+12 1.598164978461772151e-17
1.032278079281305298e+12 1.600367031809829294e-17
1.033540138619707153e+12 1.601790947433491513e-17
1.034803740947159790e+12 1.602626694667974041e-17
1.036068888150115723e+12 1.603075621102752378e-17
1.037335582117333984e+12 1.603535006968512195e-17
1.038603824739883179e+12 1.603656097205878596e-17
1.039873617911143188e+12 1.603692118500393867e-17
1.041144963526809326e+12 1.603692118500393867e-17
1.042417863484894165e+12 1.603692118500393867e-17
1.043692319685731079e+12 1.603692118500393867e-17
1.044968334031976440e+12 1.627597527012667247e-17
1.046245908428613281e+12 1.636806754545516497e-17
1.047525044782953369e+12 1.644339184565881917e-17
1.048805745004640137e+12 1.650305450990977344e-17
1.050088011005652466e+12 1.658141578319270911e-17
1.051371844700306030e+12 1.660426271241026904e-17
1.052657248005256958e+12 1.661903624162304016e-17
1.053944222839505493e+12 1.662770735666521067e-17
1.055232771124397217e+12 1.663236509599215208e-17
1.056522894783627197e+12 1.663713135488766357e-17
1.057814595743241821e+12 1.663838770050912266e-17
1.059107875931643188e+12 1.663876143167546039e-17
1.060402737279590332e+12 1.663876143167546039e-17
1.061699181720203003e+12 1.663876143167546039e-17
1.062997211188964478e+12 1.663876143167546039e-17
1.064296827623724121e+12 1.688678683790768109e-17
1.065598032964700806e+12 1.698233519043832489e-17
1.066900829154485229e+12 1.706048629230122277e-17
1.068205218138043457e+12 1.712238800182499924e-17
1.069511201862718872e+12 1.716947100792024795e-17
1.070818782278236450e+12 1.722739438783312676e-17
1.072127961336704102e+12 1.724272234419329106e-17
1.073438740992616943e+12 1.725171887244636892e-17
1.074751123202859497e+12 1.725655140935154589e-17
1.076065109926708496e+12 1.726149653839278439e-17
1.077380703125836426e+12 1.726280003267513361e-17
1.078697904764314209e+12 1.726318778938009060e-17
1.080016716808613159e+12 1.726318778938009060e-17
1.081337141227610229e+12 1.726318778938009060e-17
1.082659179992588379e+12 1.726318778938009060e-17
1.083982835077241089e+12 1.740209202763192867e-17
1.085308108457674561e+12 1.761965532702595902e-17
1.086635002112411377e+12 1.770073931593620828e-17
1.087963518022392822e+12 1.776496409855483621e-17
1.089293658170982056e+12 1.781381405528079228e-17
1.090625424543967285e+12 1.787391120788062046e-17
1.091958819129564209e+12 1.788981439816071491e-17
1.093293843918419678e+12 1.789914855186699359e-17
1.094630500903614136e+12 1.790416244622660426e-17
1.095968792080664917e+12 1.790710372251600761e-17
1.097308719447528442e+12 1.791064557048457030e-17
1.098650285004604492e+12 1.791104787908438434e-17
1.099993490754738281e+12 1.791104787908438434e-17
1.101338338703224121e+12 1.791104787908438434e-17
1.102684830857807129e+12 1.791104787908438434e-17
1.104032969228687988e+12 1.805516497334822279e-17
1.105382755828524170e+12 1.828089307870865370e-17
1.106734192672434570e+12 1.836502002127090706e-17
1.108087281778001221e+12 1.843165505823746752e-17
1.109442025165273193e+12 1.848233827645212477e-17
1.110798424856769287e+12 1.851917388441646650e-17
1.112156482877480469e+12 1.856119079180195871e-17
1.113516201254874512e+12 1.857087524150983257e-17
1.114877582018896729e+12 1.857607729938183912e-17
1.116240627201975098e+12 1.857912895711086797e-17
1.117605338839022461e+12 1.858280372502275816e-17
1.118971718967438477e+12 1.858322113162699372e-17
1.120339769627114990e+12 1.858322113162699372e-17
1.121709492860437256e+12 1.858322113162699372e-17
1.123080890712287354e+12 1.858322113162699372e-17
1.124453965230048096e+12 1.873274671213084972e-17
1.125828718463604736e+12 1.896694603569106203e-17
1.127205152465348877e+12 1.905423012913529053e-17
1.128583269290181641e+12 1.912336587347717775e-17
1.129963070995515869e+12 1.917595115257999209e-17
1.131344559641280762e+12 1.921416914255692341e-17
1.132727737289923340e+12 1.925776287791417036e-17
1.134112606006411621e+12 1.926781076967765052e-17
1.135499167858239746e+12 1.927320805254058528e-17
1.136887424915427979e+12 1.927637423414980224e-17
1.138277379250528320e+12 1.927873108542227844e-17
1.139669032938626221e+12 1.928061998149277307e-17
1.141062388057344971e+12 1.928061998149277307e-17
1.142457446686846680e+12 1.928061998149277307e-17
1.143854210909837402e+12 1.928061998149277307e-17
1.145252682811569824e+12 1.943575702015720230e-17
1.146652864479844971e+12 1.956802620598584253e-17
1.148054758005017578e+12 1.976930520051357768e-17
1.149458365479997314e+12 1.984103549981702260e-17
1.150863689000252930e+12 1.989559422113991128e-17
1.152270730663814453e+12 1.993524647173642771e-17
1.153679492571278320e+12 1.998047621092121796e-17
1.155089976825807861e+12 1.999090118414489038e-17
1.156502185533138428e+12 1.999650101848339712e-17
1.157916120801579102e+12 1.999978602187259954e-17
1.159331784742017578e+12 2.000223132203965023e-17
1.160749179467921631e+12 2.000419110538731488e-17
1.162168307095343262e+12 2.000419110538731488e-17
1.163589169742921143e+12 2.000419110538731488e-17
1.165011769531884766e+12 2.000419110538731488e-17
1.166436108586056396e+12 2.016515019134752263e-17
1.167862189031855713e+12 2.030238323018184499e-17
1.169290012998301025e+12 2.051121590651165096e-17
1.170719582617014404e+12 2.058563813031410462e-17
1.172150900022224121e+12 2.064224435401730211e-17
1.173583967350767090e+12 2.068338469076232051e-17
1.175018786742093262e+12 2.071188357361938654e-17
1.176455360338267822e+12 2.074112803636028772e-17
1.177893690283975586e+12 2.074693802361036198e-17
1.179333778726522461e+12 2.075034630797271674e-17
1.180775627815840088e+12 2.075288337638123244e-17
1.182219239704489258e+12 2.075445052119763112e-17
1.183664616547661377e+12 2.075491670729328418e-17
1.185111760503183350e+12 2.075491670729328418e-17
1.186560673731520264e+12 2.075491670729328418e-17
1.188011358395778320e+12 2.092191633276109212e-17
1.189463816661708740e+12 2.106429951014075680e-17
1.190918050697710205e+12 2.118348494990055420e-17
1.192374062674832520e+12 2.135818451794767025e-17
1.193831854766779785e+12 2.141691508355188464e-17
1.195291429149913818e+12 2.145959935196116581e-17
1.196752788003257568e+12 2.148916775274443435e-17
1.198215933508497314e+12 2.151950971384345060e-17
1.199680867849987061e+12 2.152553774071094371e-17
1.201147593214751465e+12 2.152907393258607412e-17
1.202616111792488770e+12 2.153170621315279055e-17
1.204086425775574463e+12 2.153333217043150252e-17
1.205558537359064453e+12 2.153381585175279983e-17
1.207032448740698730e+12 2.153381585175279983e-17
1.208508162120903076e+12 2.153381585175279983e-17
1.209985679702794922e+12 2.170708270860661882e-17
1.211465003692183838e+12 2.185480930107247966e-17
1.212946136297577637e+12 2.197846758157504027e-17
1.214429079730183105e+12 2.215972334765505345e-17
1.215913836203911133e+12 2.222065797834648579e-17
1.217400407935378418e+12 2.226494411972952043e-17
1.218888797143913086e+12 2.229562217575245835e-17
1.220379006051555420e+12 2.231545955313171574e-17
1.221871036883062500e+12 2.233335707175067062e-17
1.223364891865912354e+12 2.233702597130490134e-17
1.224860573230305176e+12 2.233975703719127546e-17
1.226358083209168457e+12 2.234144401407084465e-17
1.227857424038159424e+12 2.234194584718589487e-17
1.229358597955668213e+12 2.234194584718589487e-17
1.230861607202822754e+12 2.234194584718589487e-17
1.232366454023489502e+12 2.252171513469120153e-17
1.233873140664279541e+12 2.267498567214649636e-17
1.235381669374549805e+12 2.280328465201909404e-17
1.236892042406407715e+12 2.290822321327490812e-17
1.238404262014714111e+12 2.305456407070771033e-17
1.239918330457086182e+12 2.310051220081954872e-17
1.241434249993901611e+12 2.313234155568539734e-17
1.242952022888302002e+12 2.315292339841167858e-17
1.244471651406194824e+12 2.317149258255147891e-17
1.245993137816259033e+12 2.317529917009377774e-17
1.247516484389946289e+12 2.317813272855635756e-17
1.249041693401485840e+12 2.317988301500573836e-17
1.250568767127887207e+12 2.318040368112260034e-17
1.252097707848943848e+12 2.318040368112260034e-17
1.253628517847236572e+12 2.318040368112260034e-17
1.255161199408136963e+12 2.336691942520071796e-17
1.256695754819810059e+12 2.352594196311829062e-17
1.258232186373218994e+12 2.365905580045657152e-17
1.259770496362127930e+12 2.376793253967453742e-17
1.261310687083104736e+12 2.391976533765624243e-17
1.262852760835525879e+12 2.396743782830097348e-17
1.264396719921578125e+12 2.400046168843145177e-17
1.265942566646263672e+12 2.402181593510986524e-17
1.267490303317402344e+12 2.403434950964852824e-17
1.269039932245635742e+12 2.404503143405590329e-17
1.270591455744430176e+12 2.404797133147870886e-17
1.272144876130080811e+12 2.404978730340576634e-17
1.273700195721714355e+12 2.405032750929716360e-17
1.275257416841292969e+12 2.405032750929716360e-17
1.276816541813617432e+12 2.405032750929716360e-17
1.278377572966331299e+12 2.424384289377564764e-17
1.279940512629923584e+12 2.440883329562062909e-17
1.281505363137732666e+12 2.454694268439767410e-17
1.283072126825949463e+12 2.465990539515791939e-17
1.284640806033620850e+12 2.481743623751709102e-17
1.286211403102654541e+12 2.486689780121381804e-17
1.287783920377820312e+12 2.490116099449919300e-17
1.289358360206754639e+12 2.492331663222643301e-17
1.290934724939965332e+12 2.493632057196206612e-17
1.292513016930832764e+12 2.494740337207033231e-17
1.294093238535614990e+12 2.495045359918608877e-17
1.295675392113450928e+12 2.495233772166273633e-17
1.297259480026363770e+12 2.495289820062545057e-17
1.298845504639263916e+12 2.495289820062545057e-17
1.300433468319954102e+12 2.495289820062545057e-17
1.302023373439130859e+12 2.515367591091982807e-17
1.303615222370390381e+12 2.532485814117122773e-17
1.305209017490229248e+12 2.546815055651866842e-17
1.306804761178050781e+12 2.558535257886026026e-17
1.308402455816166992e+12 2.567818563392473984e-17
1.310002103789802734e+12 2.580011308200179542e-17
1.311603707487098145e+12 2.583566211865203145e-17
1.313207269299114014e+12 2.585864922236461542e-17
1.314812791619833984e+12 2.587214117935792339e-17
1.316420276846168701e+12 2.587938846167162579e-17
1.318029727377959473e+12 2.588680459670437389e-17
1.319641145617981201e+12 2.588875942731278254e-17
1.321254533971947021e+12 2.588934094016306669e-17
1.322869894848510498e+12 2.588934094016306669e-17
1.324487230659270264e+12 2.588934094016306669e-17
1.326106543818774170e+12 2.588934094016306669e-17
1.327727836744520996e+12 2.627525994802528161e-17
1.329351111856965576e+12 2.642392990071945540e-17
1.330976371579522217e+12 2.654553032929018809e-17
1.332603618338567627e+12 2.664184726184678172e-17
1.334232854563445312e+12 2.676835045389490144e-17
1.335864082686468750e+12 2.680523358957448201e-17
1.337497305142925293e+12 2.682908336287364272e-17
1.339132524371079346e+12 2.684308165163919491e-17
1.340769742812177246e+12 2.685060091297711638e-17
1.342408962910448242e+12 2.685829536380913635e-17
1.344050187113111816e+12 2.686032355611346844e-17
1.345693417870378174e+12 2.686092689221980115e-17
1.347338657635453369e+12 2.686092689221980115e-17
1.348985908864543213e+12 2.686092689221980115e-17
1.350635174016855957e+12 2.686092689221980115e-17
1.352286455554606689e+12 2.726132882908114499e-17
1.353939755943020508e+12 2.741557812957966576e-17
1.355595077650337158e+12 2.754174202959745708e-17
1.357252423147813477e+12 2.764167358404934506e-17
1.358911794909727295e+12 2.771768243782032727e-17
1.360573195413382568e+12 2.781119154182299150e-17
1.362236627139111084e+12 2.783593635933168831e-17
1.363902092570277588e+12 2.785045998169877454e-17
1.365569594193282715e+12 2.785826142900283459e-17
1.367239134497566895e+12 2.786624464038516699e-17
1.368910715975614502e+12 2.786834894753365371e-17
1.370584341122956543e+12 2.786897492588825903e-17
1.372260012438176025e+12 2.786897492588825903e-17
1.373937732422910156e+12 2.786897492588825903e-17
1.375617503581854004e+12 2.786897492588825903e-17
1.377299328422766357e+12 2.828440331313047888e-17
1.378983209456470947e+12 2.844444134551773867e-17
1.380669149196860840e+12 2.857533997683661690e-17
1.382357150160903809e+12 2.867902180421732481e-17
1.384047214868643799e+12 2.875788314985847089e-17
1.385739345843206543e+12 2.885490150239891416e-17
1.387433545610802002e+12 2.888057495370841730e-17
1.389129816700728760e+12 2.889564362461487972e-17
1.390828161645378174e+12 2.890373784787734616e-17
1.392528582980236816e+12 2.890848612242313340e-17
1.394231083243891846e+12 2.891420393499816741e-17
1.395935664978033691e+12 2.891485340532876010e-17
1.397642330727460693e+12 2.891485340532876010e-17
1.399351083040082275e+12 2.891485340532876010e-17
1.401061924466922119e+12 2.891485340532876010e-17
1.402774857562124268e+12 2.914751006963855269e-17
1.404489884882954590e+12 2.951191616804340193e-17
1.406207008989805420e+12 2.964772721762842327e-17
1.407926232446199219e+12 2.975530005973984229e-17
1.409647557818793457e+12 2.983712094675217573e-17
1.411370987677382568e+12 2.989658682566531780e-17
1.413096524594903564e+12 2.996441717963446878e-17
1.414824171147438965e+12 2.998005135388853074e-17
1.416553929914220703e+12 2.998844934052731173e-17
1.418285803477633545e+12 2.999337581029467286e-17
1.420019794423220459e+12 2.999930820331758873e-17
1.421755905339685059e+12 2.999998204724081220e-17
1.423494138818895508e+12 2.999998204724081220e-17
1.425234497455889404e+12 2.999998204724081220e-17
1.426976983848876709e+12 2.999998204724081220e-17
1.428721600599243896e+12 3.024136994759166134e-17
1.430468350311557861e+12 3.061945162958405860e-17
1.432217235593570068e+12 3.076035945271057957e-17
1.433968259056220215e+12 3.087196933317148830e-17
1.435721423313639648e+12 3.095686082845421615e-17
1.437476730983156494e+12 3.101855836759819444e-17
1.439234184685298340e+12 3.108893428729619276e-17
1.440993787043796387e+12 3.110515518734263087e-17
1.442755540685590088e+12 3.111386833711602773e-17
1.444519448240830322e+12 3.111897968948932809e-17
1.446285512342883789e+12 3.112278449250821995e-17
1.448053735628336426e+12 3.112583384804257740e-17
1.449824120736998047e+12 3.112583384804257740e-17
1.451596670311905518e+12 3.112583384804257740e-17
1.453371386999327148e+12 3.112583384804257740e-17
1.455148273448766846e+12 3.137628065389123139e-17
1.456927332312967529e+12 3.158981054583816181e-17
1.458708566247914795e+12 3.191474701296344554e-17
1.460491977912843018e+12 3.203054543542768358e-17
1.462277569970236328e+12 3.211862277404479965e-17
1.464065345085834473e+12 3.218263572409271929e-17
1.465855305928636230e+12 3.225565274056870994e-17
1.467647455170903320e+12 3.227248238529703742e-17
1.469441795488165283e+12 3.228152252577821271e-17
1.471238329559221924e+12 3.228682569910877495e-17
1.473037060066148682e+12 3.229077329035746020e-17
1.474837989694299561e+12 3.229393708337429543e-17
1.476641121132312256e+12 3.229393708337429543e-17
1.478446457072111084e+12 3.229393708337429543e-17
1.480254000208912109e+12 3.229393708337429543e-17
1.482063753241226074e+12 3.255378276109311190e-17
1.483875718870862549e+12 3.277532609161460584e-17
1.485689899802935059e+12 3.311245690959260311e-17
1.487506298745864258e+12 3.323260106340615065e-17
1.489324918411381836e+12 3.332398380501103251e-17
1.491145761514535156e+12 3.339039905966608584e-17
1.492968830773690674e+12 3.343640647506638035e-17
1.494794128910538086e+12 3.348361752373194920e-17
1.496621658650095459e+12 3.349299692636415664e-17
1.498451422720711914e+12 3.349849911938861897e-17
1.500283423854072021e+12 3.350259485748317178e-17
1.502117664785200684e+12 3.350512479112730530e-17
1.503954148252465820e+12 3.350587738263989741e-17
1.505792876997584473e+12 3.350587738263989741e-17
1.507633853765624512e+12 3.350587738263989741e-17
1.509477081305010254e+12 3.377547465700067009e-17
1.511322562367526611e+12 3.400533215775168471e-17
1.513170299708322754e+12 3.419774019227704328e-17
1.515020296085915771e+12 3.447976793482778551e-17
1.516872554262195801e+12 3.457458012595821102e-17
1.518727077002429688e+12 3.464348783990661297e-17
1.520583867075264648e+12 3.469122184072275940e-17
1.522442927252733154e+12 3.474020464525384707e-17
1.524304260310256592e+12 3.474993604200816634e-17
1.526167869026649902e+12 3.475564472362036141e-17
1.528033756184124756e+12 3.475989416827720374e-17
1.529901924568295166e+12 3.476251904632313694e-17
1.531772376968180176e+12 3.476329988140294785e-17
1.533645116176208740e+12 3.476329988140294785e-17
1.535520144988224365e+12 3.476329988140294785e-17
1.537397466203488281e+12 3.504301471437933635e-17
1.539277082624683838e+12 3.528149840299742274e-17
1.541158997057921387e+12 3.548112720624917723e-17
1.543043212312742188e+12 3.577373900319458199e-17
1.544929731202122070e+12 3.587210934565836814e-17
1.546818556542475586e+12 3.594360305694889836e-17
1.548709691153661865e+12 3.599312843919633234e-17
1.550603137858986328e+12 3.602515307911352722e-17
1.552498899485207031e+12 3.605404609144199668e-17
1.554396978862537354e+12 3.605996901083150903e-17
1.556297378824651123e+12 3.606437793041443053e-17
1.558200102208686768e+12 3.606710131597514098e-17
1.560105151855251221e+12 3.606791145455851062e-17
1.562012530608424561e+12 3.606791145455851062e-17
1.563922241315763672e+12 3.606791145455851062e-17
1.565834286828307373e+12 3.635812354209730414e-17
1.567748670000579346e+12 3.660555714574765415e-17
1.569665393690593750e+12 3.681267770173709950e-17
1.571584460759859131e+12 3.711627075587152435e-17
1.573505874073382568e+12 3.721833278145144746e-17
1.575429636499672607e+12 3.729250953846766046e-17
1.577355750910746826e+12 3.734389352985362417e-17
1.579284220182132080e+12 3.737712000377404992e-17
1.581215047192872314e+12 3.740709732508342397e-17
1.583148234825531250e+12 3.741324252225464344e-17
1.585083785966195801e+12 3.741781690160497940e-17
1.587021703504482178e+12 3.742064249151143248e-17
1.588961990333539795e+12 3.742148303331243873e-17
1.590904649350053955e+12 3.742148303331243873e-17
1.592849683454252930e+12 3.742148303331243873e-17
1.594797095549909668e+12 3.772258632074780933e-17
1.596746888544348145e+12 3.797930571556330726e-17
1.598699065348445801e+12 3.819419917790236311e-17
1.600653628876639648e+12 3.836996527349825623e-17
1.602610582046929932e+12 3.861507785012693769e-17
1.604569927780883545e+12 3.869203834332448734e-17
1.606531669003640869e+12 3.874535069450556673e-17
1.608495808643916748e+12 3.877982410535545359e-17
1.610462349634007812e+12 3.880005778865956225e-17
1.612431294909795654e+12 3.881730224472997308e-17
1.614402647410750488e+12 3.882204829329067610e-17
1.616376410079937500e+12 3.882497992311007732e-17
1.618352585864018799e+12 3.882585200911330129e-17
1.620331177713260010e+12 3.882585200911330129e-17
1.622312188581533691e+12 3.882585200911330129e-17
1.624295621426322754e+12 3.913825522592371081e-17
1.626281479208727295e+12 3.940460889293638736e-17
1.628269764893466797e+12 3.962756696648668587e-17
1.630260481448885254e+12 3.980992928520481406e-17
1.632253631846957031e+12 4.006424054853142783e-17
1.634249219063288330e+12 4.014408924711925089e-17
1.636247246077124023e+12 4.019940232638369711e-17
1.638247715871352051e+12 4.023516946973061064e-17
1.640250631432506348e+12 4.025616249111529441e-17
1.642255995750772217e+12 4.027405410430366483e-17
1.644263811819991455e+12 4.027897826454824659e-17
1.646274082637665283e+12 4.028201991379053598e-17
1.648286811204960205e+12 4.028292472779991018e-17
1.650302000526711426e+12 4.028292472779991018e-17
1.652319653611428955e+12 4.028292472779991018e-17
1.654339773471299561e+12 4.060705194243367560e-17
1.656362363122193359e+12 4.088340144061666579e-17
1.658387425583667969e+12 4.111472677746113648e-17
1.660414963878972168e+12 4.130393286510565293e-17
1.662444981035051758e+12 4.145379870190534533e-17
1.664477480082551758e+12 4.165063332102055760e-17
1.666512464055823975e+12 4.170802221252381048e-17
1.668549935992929443e+12 4.174513164009887476e-17
1.670589898935643066e+12 4.176691249631935379e-17
1.672632355929459473e+12 4.178547555340711785e-17
1.674677310023596436e+12 4.179058450958491187e-17
1.676724764270998779e+12 4.179374030710474162e-17
1.678774721728344971e+12 4.179467907735050901e-17
1.680827185456050293e+12 4.179467907735050901e-17
1.682882158518271484e+12 4.179467907735050901e-17
1.684939643982911377e+12 4.179467907735050901e-17
1.686999644921624268e+12 4.241769072993486057e-17
1.689062164409818848e+12 4.265769734020968585e-17
1.691127205526664795e+12 4.285400403258661885e-17
1.693194771355095947e+12 4.300949409682664147e-17
1.695264864981814697e+12 4.321371560737538689e-17
1.697337489497298340e+12 4.327325821306230907e-17
1.699412647995802002e+12 4.331176029866617652e-17
1.701490343575363770e+12 4.333435855591577268e-17
1.703570579337809570e+12 4.334649733979765908e-17
1.705653358388757324e+12 4.335891894233841516e-17
1.707738683837622803e+12 4.336219317193979687e-17
1.709826558797621826e+12 4.336316717274570054e-17
1.711916986385777344e+12 4.336316717274570054e-17
1.714009969722923340e+12 4.336316717274570054e-17
1.716105511933708984e+12 4.336316717274570054e-17
1.718203616146603760e+12 4.400955946568771313e-17
1.720304285493901123e+12 4.425857314383200320e-17
1.722407523111726074e+12 4.446224691538832388e-17
1.724513332140035645e+12 4.462357227541471063e-17
1.726621715722627197e+12 4.474627781889446167e-17
1.728732677007140869e+12 4.489723504108235220e-17
1.730846219145065918e+12 4.493718204896462210e-17
1.732962345291743652e+12 4.496062838300904978e-17
1.735081058606374023e+12 4.497322271621998196e-17
1.737202362252018555e+12 4.498611048182600064e-17
1.739326259395606201e+12 4.498950758807735032e-17
1.741452753207938232e+12 4.499051814159050686e-17
1.743581846863692139e+12 4.499051814159050686e-17
1.745713543541426758e+12 4.499051814159050686e-17
1.747847846423587158e+12 4.499051814159050686e-17
1.749984758696509033e+12 4.566116851328360346e-17
1.752124283550423828e+12 4.591952728028565429e-17
1.754266424179463379e+12 4.613084460583215710e-17
1.756411183781664795e+12 4.629822425105160552e-17
1.758558565558974609e+12 4.642553473919024630e-17
1.760708572717254395e+12 4.658215714678312011e-17
1.762861208466285400e+12 4.662360330258788466e-17
1.765016476019772949e+12 4.664792954040573588e-17
1.767174378595350830e+12 4.666099651899036045e-17
1.769334919414587646e+12 4.666866193663350791e-17
1.771498101702990234e+12 4.667789253629034887e-17
1.773663928690009033e+12 4.667894101427594390e-17
1.775832403609042725e+12 4.667894101427594390e-17
1.778003529697443115e+12 4.667894101427594390e-17
1.780177310196519775e+12 4.667894101427594390e-17
1.782353748351545410e+12 4.705453229110717230e-17
1.784532847411760498e+12 4.764281439422679684e-17
1.786714610630377930e+12 4.786206212423595732e-17
1.788899041264587646e+12 4.803572326238067493e-17
1.791086142575561768e+12 4.816781151145617715e-17
1.793275917828459961e+12 4.833031170988761021e-17
1.795468370292433838e+12 4.837331327426147397e-17
1.797663503240631592e+12 4.839855243724744310e-17
1.799861319950203125e+12 4.841210979883787726e-17
1.802061823702305420e+12 4.842006288746176088e-17
1.804265017782106689e+12 4.842963989690076278e-17
1.806470905478790771e+12 4.843072772260418180e-17
1.808679490085564697e+12 4.843072772260418180e-17
1.810890774899660156e+12 4.843072772260418180e-17
1.813104763222340820e+12 4.843072772260418180e-17
1.815321458358905762e+12 4.882041434504995584e-17
1.817540863618696045e+12 4.943077374355372971e-17
1.819762982315098145e+12 4.965824949354183558e-17
1.821987817765549072e+12 4.983842785909027850e-17
1.824215373291542969e+12 4.997547317090174743e-17
1.826445652218633545e+12 5.007507512115396433e-17
1.828678657876441162e+12 5.018868708931295228e-17
1.830914393598656738e+12 5.021487343810234864e-17
1.833152862723046387e+12 5.022893958599594063e-17
1.835394068591457764e+12 5.023719114143673836e-17
1.837638014549823730e+12 5.024333345774732457e-17
1.839884703948168457e+12 5.024825621094702446e-17
1.842134140140611084e+12 5.024825621094702446e-17
1.844386326485371826e+12 5.024825621094702446e-17
1.846641266344776855e+12 5.024825621094702446e-17
1.848898963085262939e+12 5.065256715499864812e-17
1.851159420077382324e+12 5.099728096320142048e-17
1.853422640695809082e+12 5.152184492933010300e-17
1.855688628319341797e+12 5.170878510350223914e-17
1.857957386330910889e+12 5.185097350876128562e-17
1.860228918117582275e+12 5.195431336241885533e-17
1.862503227070562988e+12 5.207218900776081987e-17
1.864780316585206787e+12 5.209935808873633855e-17
1.867060190061017334e+12 5.211395211687704366e-17
1.869342850901655762e+12 5.212251334012156818e-17
1.871628302514943604e+12 5.212888616783274055e-17
1.873916548312869141e+12 5.213399366416148539e-17
1.876207591711592285e+12 5.213399366416148539e-17
1.878501436131449463e+12 5.213399366416148539e-17
1.880798084996958008e+12 5.213399366416148539e-17
1.883097541736823242e+12 5.255347775744125686e-17
1.885399809783942139e+12 5.291112812877645580e-17
1.887704892575407959e+12 5.345537814954915794e-17
1.890012793552517090e+12 5.364933389231073236e-17
1.892323516160772705e+12 5.379685840316684332e-17
1.894637063849890381e+12 5.390407643782303378e-17
1.896953440073803467e+12 5.397834890255196724e-17
1.899272648290668213e+12 5.405456446294197563e-17
1.901594691962868896e+12 5.406970618183920086e-17
1.903919574557021973e+12 5.407858869422955876e-17
1.906247299543983643e+12 5.408520068406900713e-17
1.908577870398852295e+12 5.409049985664376246e-17
1.910911290600975586e+12 5.409049985664376246e-17
1.913247563633954590e+12 5.409049985664376246e-17
1.915586692985650146e+12 5.409049985664376246e-17
1.917928682148186768e+12 5.452572652340518836e-17
1.920273534617958252e+12 5.489679894659333810e-17
1.922621253895633789e+12 5.520741450353151542e-17
1.924971843486161865e+12 5.566270840298075994e-17
1.927325306898775879e+12 5.581576927502362472e-17
1.929681647647000732e+12 5.592701103266758738e-17
1.932040869248656006e+12 5.600407082533670412e-17
1.934402975225862061e+12 5.608314663496883438e-17
1.936767969105045898e+12 5.609885659858902882e-17
1.939135854416946045e+12 5.610807245759787887e-17
1.941506634696616943e+12 5.611493258494142433e-17
1.943880313483435547e+12 5.611917007927548147e-17
1.946256894321105957e+12 5.612043062706805720e-17
1.948636380757665039e+12 5.612043062706805720e-17
1.951018776345486572e+12 5.612043062706805720e-17
1.953404084641288574e+12 5.657199066115477645e-17
1.955792309206136719e+12 5.695698884453891999e-17
1.958183453605450684e+12 5.727926131125742898e-17
1.960577521409009033e+12 5.775164166948462761e-17
1.962974516190955811e+12 5.791044667357898071e-17
1.965374441529802979e+12 5.802586315816012175e-17
1.967777301008438232e+12 5.810581488277137270e-17
1.970183098214131348e+12 5.815751413425097557e-17
1.972591836738535400e+12 5.820415781593593783e-17
1.975003520177695312e+12 5.821371953153380169e-17
1.977418152132054443e+12 5.822083710858884790e-17
1.979835736206455322e+12 5.822523362937230281e-17
1.982256276010149170e+12 5.822654148352658555e-17
1.984679775156799561e+12 5.822654148352658555e-17
1.987106237264488281e+12 5.822654148352658555e-17
1.989535665955720947e+12 5.869504785033931717e-17
1.991968064857430176e+12 5.909449440563868617e-17
1.994403437600986084e+12 5.942886124749489257e-17
1.996841787822195312e+12 5.991896929222988732e-17
1.999283119161311279e+12 6.008373399655188186e-17
2.001727435263037842e+12 6.020348187895865074e-17
2.004174739776534668e+12 6.028643406513647480e-17
2.006625036355422852e+12 6.034007350762310008e-17
2.009078328657790039e+12 6.038846765278962312e-17
2.011534620346196777e+12 6.039838820442636126e-17
2.013993915087681885e+12 6.040577289287274948e-17
2.016456216553765381e+12 6.041033440811632502e-17
2.018921528420459473e+12 6.041169134396513782e-17
2.021389854368267822e+12 6.041169134396513782e-17
2.023861198082194336e+12 6.041169134396513782e-17
2.026335563251749268e+12 6.089778001252500974e-17
2.028812953570952637e+12 6.131221716424871875e-17
2.031293372738341797e+12 6.165913226398186044e-17
2.033776824456974609e+12 6.194288176440707571e-17
2.036263312434437256e+12 6.233858134987335510e-17
2.038752840382848389e+12 6.246282318060440688e-17
2.041245412018865234e+12 6.254888843091811804e-17
2.043741031063688721e+12 6.260454087670662413e-17
2.046239701243069824e+12 6.263720529648473424e-17
2.048741426287313965e+12 6.266504403169982141e-17
2.051246209931287842e+12 6.267270585580490809e-17
2.053754055914423828e+12 6.267743855748931337e-17
2.056264967980727295e+12 6.267884641699089640e-17
2.058778949878778564e+12 6.267884641699089640e-17
2.061296005361743408e+12 6.267884641699089640e-17
2.063816138187375488e+12 6.318317722322890868e-17
2.066339352118021973e+12 6.361316754471294069e-17
2.068865650920630859e+12 6.397310181856241658e-17
2.071395038366754883e+12 6.426749998822773114e-17
2.073927518232558105e+12 6.467804955227640109e-17
2.076463094298821533e+12 6.480695398209312679e-17
2.079001770350948242e+12 6.489624912490809457e-17
2.081543550178968994e+12 6.495399011882344026e-17
2.084088437577549316e+12 6.498788038252944706e-17
2.086636436345992676e+12 6.501676386137552199e-17
2.089187550288249023e+12 6.502471322160154866e-17
2.091741783212917480e+12 6.502962353408269336e-17
2.094299138933255127e+12 6.503108422832107252e-17
2.096859621267180176e+12 6.503108422832107252e-17
2.099423234037278320e+12 6.503108422832107252e-17
2.101989981070809570e+12 6.555434177076542469e-17
2.104559866199712402e+12 6.600046894783182170e-17
2.107132893260610840e+12 6.637391098477748681e-17
2.109709066094819092e+12 6.667935745137007599e-17
2.112288388548348145e+12 6.692129464738359971e-17
2.114870864471910400e+12 6.723905629903192699e-17
2.117456497720927002e+12 6.733170254709698365e-17
2.120045292155531982e+12 6.739161046904173305e-17
2.122637251640579590e+12 6.742677258065627709e-17
2.125232380045647949e+12 6.745674001070675141e-17
2.127830681245047852e+12 6.746498769782884178e-17
2.130432159117824951e+12 6.747008228655858257e-17
2.133036817547768799e+12 6.747159779833772620e-17
2.135644660423416504e+12 6.747159779833772620e-17
2.138255691638059814e+12 6.747159779833772620e-17
2.140869915089749756e+12 6.801449236741481593e-17
2.143487334681303467e+12 6.847736199068989034e-17
2.146107954320310059e+12 6.886481871568196849e-17
2.148731777919135498e+12 6.918172810428297827e-17
2.151358809394928955e+12 6.943274481999034766e-17
2.153989052669628906e+12 6.976243156303275682e-17
2.156622511669968994e+12 6.985855467801917786e-17
2.159259190327483154e+12 6.992071084936945106e-17
2.161899092578512451e+12 6.995719253932971500e-17
2.164542222364210205e+12 6.997678888895891244e-17
2.167188583630547852e+12 6.999684180931006605e-17
2.169838180328322510e+12 7.000212758988408365e-17
2.172491016413160156e+12 7.000369997641944669e-17
2.175147095845522949e+12 7.000369997641944669e-17
2.177806422590716064e+12 7.000369997641944669e-17
2.180469000618892090e+12 7.000369997641944669e-17
2.183134833905057373e+12 7.104720890559707011e-17
2.185803926429078369e+12 7.144920626767613187e-17
2.188476282175686523e+12 7.177800876358919496e-17
2.191151905134486084e+12 7.203844573898091420e-17
2.193830799299958740e+12 7.223653648306749885e-17
2.196512968671468994e+12 7.248023556642125093e-17
2.199198417253272949e+12 7.254472436041561727e-17
2.201887149054519043e+12 7.258257515040644416e-17
2.204579168089259766e+12 7.260290691999304472e-17
2.207274478376455078e+12 7.262371239467749864e-17
2.209973083939978027e+12 7.262919654222282894e-17
2.212674988808620605e+12 7.263082793793390820e-17
2.215380197016101074e+12 7.263082793793390820e-17
2.218088712601069336e+12 7.263082793793390820e-17
2.220800539607113281e+12 7.263082793793390820e-17
2.223515682082763184e+12 7.371349810411551639e-17
2.226234144081500000e+12 7.413058179035643511e-17
2.228955929661760742e+12 7.447172372305812269e-17
2.231681042886943359e+12 7.474193448555670320e-17
2.234409487825414551e+12 7.494745926145707213e-17
2.237141268550514648e+12 7.520030398534542336e-17
2.239876389140562988e+12 7.526721294161641152e-17
2.242614853678867188e+12 7.530648421179303759e-17
2.245356666253725586e+12 7.532757900048299772e-17
2.248101830958435547e+12 7.533995373304687719e-17
2.250850351891297363e+12 7.535485523058751382e-17
2.253602233155624023e+12 7.535654784999521077e-17
2.256357478859744141e+12 7.535654784999521077e-17
2.259116093117009277e+12 7.535654784999521077e-17
2.261878080045799805e+12 7.535654784999521077e-17
2.264643443769532227e+12 7.596288684161711106e-17
2.267412188416662109e+12 7.691258508861612714e-17
2.270184318120694824e+12 7.726652953762121535e-17
2.272959837020187988e+12 7.754688088197335531e-17
2.275738749258759277e+12 7.776011867712461908e-17
2.278521058985092285e+12 7.802245226294841806e-17
2.281306770352943359e+12 7.809187220635228271e-17
2.284095887521146484e+12 7.813261726508582256e-17
2.286888414653620605e+12 7.815450370777732988e-17
2.289684355919375000e+12 7.816734284445048758e-17
2.292483715492517090e+12 7.818280357158714606e-17
2.295286497552255859e+12 7.818455971231979536e-17
2.298092706282911621e+12 7.818455971231979536e-17
2.300902345873918457e+12 7.818455971231979536e-17
2.303715420519834473e+12 7.818455971231979536e-17
2.306531934420344238e+12 7.881365364574594293e-17
2.309351891780267578e+12 7.979899256345999585e-17
2.312175296809565918e+12 8.016621998692381133e-17
2.315002153723346680e+12 8.045709247310193681e-17
2.317832466741871094e+12 8.067833274489775458e-17
2.320666240090559082e+12 8.083912600556402354e-17
2.323503477999998535e+12 8.102253645851938864e-17
2.326344184705948242e+12 8.106481061475960079e-17
2.329188364449345215e+12 8.108751842097319676e-17
2.332036021476312988e+12 8.110083939010617917e-17
2.334887160038165039e+12 8.111075529100090276e-17
2.337741784391413574e+12 8.111870237975197157e-17
2.340599898797773438e+12 8.111870237975197157e-17
2.343461507524170898e+12 8.111870237975197157e-17
2.346326614842748047e+12 8.111870237975197157e-17
2.349195225030872070e+12 8.177140521190031721e-17
2.352067342371136719e+12 8.232789689782869309e-17
2.354942971151374512e+12 8.317473122515136436e-17
2.357822115664657715e+12 8.347651969494080782e-17
2.360704780209309082e+12 8.370606276365225591e-17
2.363590969088905273e+12 8.387289034066553152e-17
2.366480686612285645e+12 8.406318389736478636e-17
2.369373937093557129e+12 8.410704453571872659e-17
2.372270724852101074e+12 8.413060452992623025e-17
2.375171054212578125e+12 8.414442541392792848e-17
2.378074929504939453e+12 8.415471344287464355e-17
2.380982355064426270e+12 8.416295877327691196e-17
2.383893335231583984e+12 8.416295877327691196e-17
2.386807874352260742e+12 8.416295877327691196e-17
2.389725976777621582e+12 8.416295877327691196e-17
2.392647646864148438e+12 8.484015650871572033e-17
2.395572888973651367e+12 8.541753244603287043e-17
2.398501707473271484e+12 8.629614712412027276e-17
2.401434106735490234e+12 8.660926123709305340e-17
2.404370091138134766e+12 8.684741869353526416e-17
2.407309665064385254e+12 8.702050704522860480e-17
2.410252832902778809e+12 8.714040943420035971e-17
2.413199599047219238e+12 8.726344867627930388e-17
2.416149967896982910e+12 8.728789283974609128e-17
2.419103943856723145e+12 8.730223239962959184e-17
2.422061531336479004e+12 8.731290652200454238e-17
2.425022734751682617e+12 8.732146128659470532e-17
2.427987558523161621e+12 8.732146128659470532e-17
2.430956007077150879e+12 8.732146128659470532e-17
2.433928084845296387e+12 8.732146128659470532e-17
2.436903796264661133e+12 8.802407318024006356e-17
2.439883145777734375e+12 8.862311712181617880e-17
2.442866137832435059e+12 8.953470481688664923e-17
2.445852776882121582e+12 8.985956960648957939e-17
2.448843067385596680e+12 9.010666473498728955e-17
2.451837013807113281e+12 9.028624881831623573e-17
2.454834620616383789e+12 9.041065095399889518e-17
2.457835892288585449e+12 9.053830766391649243e-17
2.460840833304364258e+12 9.056366917811420088e-17
2.463849448149847168e+12 9.057854687896364391e-17
2.466861741316644043e+12 9.058962158424160106e-17
2.469877717301857910e+12 9.059646241947929489e-17
2.472897380608088379e+12 9.059849739559452525e-17
2.475920735743439941e+12 9.059849739559452525e-17
2.478947787221529297e+12 9.059849739559452525e-17
2.481978539561491211e+12 9.132747720054330490e-17
2.485012997287986328e+12 9.194900231225214226e-17
2.488051164931205566e+12 9.246926562652874921e-17
2.491093047026879883e+12 9.323185689990956428e-17
2.494138648116285156e+12 9.348822511713614705e-17
2.497187972746248535e+12 9.367454870661856277e-17
2.500241025469157715e+12 9.380361945737775393e-17
2.503297810842965332e+12 9.388708058638538562e-17
2.506358333431195312e+12 9.396238021303540558e-17
2.509422597802952637e+12 9.397781625042874531e-17
2.512490608532928223e+12 9.398930657185142977e-17
2.515562370201406250e+12 9.399640413279846992e-17
2.518637887394268555e+12 9.399851547834352981e-17
2.521717164703006348e+12 9.399851547834352981e-17
2.524800206724723633e+12 9.399851547834352981e-17
2.527887018062144043e+12 9.475485274053535073e-17
2.530977603323618164e+12 9.539970270507775256e-17
2.534071967123132812e+12 9.593949067734736012e-17
2.537170114080313965e+12 9.673070079313479898e-17
2.540272048820436035e+12 9.699669010341998791e-17
2.543377775974428223e+12 9.719000612204520212e-17
2.546487300178882324e+12 9.732392069360882877e-17
2.549600626076057129e+12 9.741051398657050625e-17
2.552717758313888184e+12 9.748863948892038294e-17
2.555838701545994141e+12 9.750465481634359834e-17
2.558963460431682129e+12 9.751657635132651361e-17
2.562092039635955078e+12 9.752394027249207913e-17
2.565224443829521973e+12 9.752613085349068744e-17
2.568360677688798828e+12 9.752613085349068744e-17
2.571500745895921875e+12 9.752613085349068744e-17
2.574644653138750000e+12 9.831085225495669994e-17
2.577792404110874023e+12 9.897990241710867863e-17
2.580944003511623535e+12 9.953994777685518030e-17
2.584099456046072266e+12 9.999802121086185852e-17
2.587258766425047363e+12 1.006368222225920333e-16
2.590421939365135742e+12 1.008373930851485010e-16
2.593588979588689453e+12 1.009763332584378786e-16
2.596759891823835449e+12 1.010661762605048605e-16
2.599934680804479980e+12 1.011472336891929196e-16
2.603113351270318848e+12 1.011638500464831339e-16
2.606295907966840332e+12 1.011762189777880752e-16
2.609482355645335938e+12 1.011838592552491960e-16
2.612672699062906738e+12 1.011861320452823857e-16
2.615866942982466309e+12 1.011861320452823857e-16
2.619065092172756348e+12 1.011861320452823857e-16
2.622267151408345703e+12 1.020003027978039163e-16
2.625473125469640625e+12 1.026944613526442229e-16
2.628683019142893066e+12 1.032755243275282402e-16
2.631896837220205566e+12 1.037507885318415182e-16
2.635114584499539551e+12 1.044135627335648808e-16
2.638336265784723633e+12 1.046216607028523463e-16
2.641561885885458984e+12 1.047658150807387438e-16
2.644791449617326172e+12 1.048590297483456493e-16
2.648024961801793457e+12 1.049137407855525261e-16
2.651262427266225098e+12 1.049603690767786203e-16
2.654503850843886719e+12 1.049732021944808009e-16
2.657749237373951660e+12 1.049811291994514308e-16
2.660998591701511719e+12 1.049834872836940639e-16
2.664251918677581055e+12 1.049834872836940639e-16
2.667509223159104980e+12 1.049834872836940639e-16
2.670770510008967285e+12 1.058282125747630842e-16
2.674035784095996094e+12 1.065484218004930873e-16
2.677305050294972656e+12 1.071512911483150059e-16
2.680578313486638672e+12 1.076443912653111694e-16
2.683855578557702148e+12 1.080349646479102347e-16
2.687136850400846191e+12 1.085479458892800230e-16
2.690422133914735840e+12 1.086975101526017164e-16
2.693711434004023438e+12 1.087942230190148908e-16
2.697004755579360352e+12 1.088509872747759378e-16
2.700302103557400391e+12 1.088993654519040311e-16
2.703603482860808105e+12 1.089126801761835925e-16
2.706908898418267090e+12 1.089209046690929663e-16
2.710218355164486328e+12 1.089233512485015745e-16
2.713531858040208496e+12 1.089233512485015745e-16
2.716849411992215820e+12 1.089233512485015745e-16
2.720171021973340332e+12 1.097997777415457900e-16
2.723496692942466309e+12 1.105470152785749497e-16
2.726826429864544434e+12 1.111725093579658866e-16
2.730160237710592285e+12 1.116841147411925564e-16
2.733498121457707031e+12 1.120893457241012750e-16
2.736840086089070312e+12 1.126215783388040153e-16
2.740186136593955566e+12 1.127767555119911866e-16
2.743536277967736816e+12 1.128770978590700604e-16
2.746890515211894531e+12 1.129359923874248885e-16
2.750248853334025879e+12 1.129676279221313504e-16
2.753611297347848145e+12 1.130000005256895976e-16
2.756977852273208984e+12 1.130085336707887548e-16
2.760348523136094238e+12 1.130110720664467702e-16
2.763723314968633301e+12 1.130110720664467702e-16
2.767102232809107910e+12 1.130110720664467702e-16
2.770485281701960938e+12 1.130110720664467702e-16
2.773872466697802246e+12 1.146956696353895355e-16
2.777263792853414062e+12 1.153446375166835403e-16
2.780659265231764160e+12 1.158754426394666920e-16
2.784058888902008789e+12 1.162958812992043248e-16
2.787462668939501465e+12 1.166156707869486328e-16
2.790870610425802246e+12 1.170090884874515290e-16
2.794282718448682617e+12 1.171131965238557358e-16
2.797698998102134766e+12 1.171743012705600852e-16
2.801119454486377930e+12 1.172071240367676142e-16
2.804544092707868652e+12 1.172407115328533036e-16
2.807972917879304688e+12 1.172495649133700185e-16
2.811405935119636230e+12 1.172521985709957812e-16
2.814843149554070801e+12 1.172521985709957812e-16
2.818284566314082031e+12 1.172521985709957812e-16
2.821730190537418457e+12 1.172521985709957812e-16
2.825180027368107910e+12 1.190000164179918327e-16
2.828634081956468750e+12 1.196733390357875875e-16
2.832092359459116699e+12 1.202240644339368750e-16
2.835554865038969727e+12 1.206602814905231190e-16
2.839021603865260742e+12 1.209920721711377098e-16
2.842492581113540039e+12 1.214002542146952442e-16
2.845967801965686523e+12 1.215082692607796633e-16
2.849447271609914551e+12 1.215716671718267557e-16
2.852930995240782227e+12 1.216057217244528472e-16
2.856418978059197754e+12 1.216256989798557777e-16
2.859911225272426758e+12 1.216497553399200254e-16
2.863407742094103516e+12 1.216524878345442845e-16
2.866908533744235352e+12 1.216524878345442845e-16
2.870413605449210938e+12 1.216524878345442845e-16
2.873922962441810547e+12 1.216524878345442845e-16
2.877436609961209961e+12 1.226313363740066306e-16
2.880954553252991211e+12 1.241644898654526336e-16
2.884476797569150391e+12 1.247358831153452135e-16
2.888003348168103516e+12 1.251884707070179159e-16
2.891534210314695801e+12 1.255327129662591423e-16
2.895069389280209473e+12 1.259562134352767642e-16
2.898608890342371094e+12 1.260682821149252495e-16
2.902152718785360352e+12 1.261340592491401015e-16
2.905700879899815918e+12 1.261693918151776189e-16
2.909253378982847656e+12 1.261901187853282125e-16
2.912810221338038086e+12 1.262150779424760573e-16
2.916371412275456055e+12 1.262179129832947847e-16
2.919936957111662109e+12 1.262179129832947847e-16
2.923506861169716797e+12 1.262179129832947847e-16
2.927081129779188965e+12 1.262179129832947847e-16
2.930659768276161621e+12 1.272334961577689322e-16
2.934242782003244629e+12 1.288241864709547641e-16
2.937830176309577148e+12 1.294170232043249035e-16
2.941421956550838379e+12 1.298865956913319589e-16
2.945018128089257324e+12 1.302437568172201653e-16
2.948618696293617188e+12 1.305033347934567810e-16
2.952223666539265137e+12 1.307994250275966771e-16
2.955833044208120605e+12 1.308676706734556775e-16
2.959446834688682617e+12 1.309043292147233844e-16
2.963065043376038086e+12 1.309258340352284378e-16
2.966687675671870605e+12 1.309517298700041755e-16
2.970314736984468262e+12 1.309546713054136181e-16
2.973946232728729492e+12 1.309546713054136181e-16
2.977582168326172852e+12 1.309546713054136181e-16
2.981222549204948730e+12 1.309546713054136181e-16
2.984867380799839844e+12 1.320083677075571656e-16
2.988516668552275879e+12 1.329067448225384607e-16
2.992170417910338379e+12 1.342738390650661987e-16
2.995828634328770020e+12 1.347610338636223537e-16
2.999491323268981445e+12 1.351315986807568928e-16
3.003158490199061035e+12 1.354009182072229215e-16
3.006830140593783203e+12 1.357081202387892892e-16
3.010506279934615234e+12 1.357789270356238693e-16
3.014186913709725586e+12 1.358169613138715392e-16
3.017872047413993164e+12 1.358392731762225995e-16
3.021561686549014160e+12 1.358558817437855902e-16
3.025255836623111816e+12 1.358691926634743383e-16
3.028954503151343262e+12 1.358691926634743383e-16
3.032657691655508789e+12 1.358691926634743383e-16
3.036365407664158691e+12 1.358691926634743383e-16
3.040077656712604004e+12 1.369624326223434929e-16
3.043794444342921875e+12 1.378945244072571704e-16
3.047515776103965332e+12 1.393129235309809105e-16
3.051241657551372070e+12 1.398184019785216633e-16
3.054972094247571777e+12 1.402028735062011721e-16
3.058707091761794434e+12 1.404823001678443048e-16
3.062446655670078613e+12 1.406758656154647968e-16
3.066190791555282227e+12 1.408744950687403420e-16
3.069939505007085938e+12 1.409139567131974631e-16
3.073692801622006348e+12 1.409371059043964943e-16
3.077450687003400879e+12 1.409543377651891131e-16
3.081213166761479492e+12 1.409681482226068831e-16
3.084980246513309082e+12 1.409681482226068831e-16
3.088751931882824707e+12 1.409681482226068831e-16
3.092528228500838379e+12 1.409681482226068831e-16
3.096309142005044922e+12 1.421024157452413253e-16
3.100094678040031250e+12 1.430694874582397934e-16
3.103884842257287598e+12 1.445411168540745513e-16
3.107679640315212402e+12 1.450655651069816363e-16
3.111479077879121582e+12 1.454644652420220926e-16
3.115283160621256836e+12 1.457543783436140175e-16
3.119091894220797852e+12 1.459552079958407991e-16
3.122905284363864258e+12 1.461612916978325955e-16
3.126723336743528809e+12 1.462022342752917348e-16
3.130546057059825684e+12 1.462262522189639351e-16
3.134373451019755371e+12 1.462441307641937244e-16
3.138205524337298340e+12 1.462551743250955402e-16
3.142042282733418945e+12 1.462584595062001070e-16
3.145883731936078125e+12 1.462584595062001070e-16
3.149729877680236816e+12 1.462584595062001070e-16
3.153580725707870117e+12 1.474352942920728658e-16
3.157436281767972168e+12 1.484386586744425791e-16
3.161296551616566406e+12 1.492785502076479085e-16
3.165161541016712402e+12 1.505096459551914570e-16
3.169031255738516113e+12 1.509235161803695188e-16
3.172905701559138672e+12 1.512243092613891232e-16
3.176784884262804688e+12 1.514326757323132739e-16
3.180668809640808594e+12 1.515674119200891084e-16
3.184557483491525879e+12 1.516889725166973684e-16
3.188450911620423828e+12 1.517138918157468267e-16
3.192349099840062988e+12 1.517324413144562040e-16
3.196252053970113770e+12 1.517438993227036639e-16
3.200159779837360352e+12 1.517473077914507428e-16
3.204072283275710449e+12 1.517473077914507428e-16
3.207989570126205566e+12 1.517473077914507428e-16
3.211911646237026367e+12 1.529683073225168550e-16
3.215838517463505371e+12 1.540093263806451132e-16
3.219770189668133789e+12 1.548807377125506129e-16
3.223706668720568359e+12 1.561580345332197277e-16
3.227647960497643555e+12 1.565874366523030029e-16
3.231594070883380859e+12 1.568995180211422054e-16
3.235545005768989746e+12 1.571157041556297744e-16
3.239500771052887695e+12 1.572554967790861868e-16
3.243461372640702148e+12 1.573816193523110881e-16
3.247426816445279297e+12 1.574074738331771381e-16
3.251397108386694824e+12 1.574267194651873121e-16
3.255372254392265625e+12 1.574386074743327387e-16
3.259352260396548340e+12 1.574421438575122593e-16
3.263337132341362305e+12 1.574421438575122593e-16
3.267326876175788086e+12 1.574421438575122593e-16
3.271321497856178223e+12 1.587089655666937948e-16
3.275321003346169922e+12 1.597890524209099910e-16
3.279325398616691895e+12 1.606931664396277658e-16
3.283334689645969238e+12 1.614326612074713068e-16
3.287348882419540039e+12 1.624639150868673575e-16
3.291367982930257812e+12 1.627877083750854455e-16
3.295391997178303711e+12 1.630120076327220940e-16
3.299420931171196777e+12 1.631570464518798959e-16
3.303454790923795410e+12 1.632879022054768284e-16
3.307493582458316895e+12 1.633147269640515712e-16
3.311537311804339844e+12 1.633346948541424795e-16
3.315585984998812500e+12 1.633470290014383935e-16
3.319639608086067871e+12 1.633506980994763604e-16
3.323698187117825195e+12 1.633506980994763604e-16
3.327761728153203125e+12 1.633506980994763604e-16
3.331830237258729980e+12 1.646650616205273492e-16
3.335903720508350586e+12 1.657856824233281102e-16
3.339982183983432617e+12 1.667237264088872310e-16
3.344065633772782227e+12 1.674909732438736553e-16
3.348154075972649902e+12 1.685609284476696025e-16
3.352247516686736816e+12 1.688968731850470214e-16
3.356345962026207520e+12 1.691295900384919245e-16
3.360449418109700195e+12 1.692800719347648895e-16
3.364557891063330078e+12 1.693683951658326849e-16
3.368671387020705078e+12 1.694436699467637002e-16
3.372789912122929688e+12 1.694643872001370049e-16
3.376913472518618652e+12 1.694771842284413623e-16
3.381042074363902832e+12 1.694809910219161424e-16
3.385175723822439453e+12 1.694809910219161424e-16
3.389314427065421875e+12 1.694809910219161424e-16
3.393458190271588379e+12 1.708446805237211822e-16
3.397607019627230957e+12 1.720073564499837497e-16
3.401760921326204102e+12 1.729806037402885230e-16
3.405919901569937988e+12 1.737766441335333731e-16
3.410083966567440918e+12 1.744071696158008512e-16
3.414253122535314453e+12 1.752353052722976474e-16
3.418427375697760742e+12 1.754767556205864821e-16
3.422606732286589355e+12 1.756328848640358091e-16
3.426791198541230469e+12 1.757245227260455265e-16
3.430980780708745117e+12 1.758026224502559480e-16
3.435175485043826172e+12 1.758241171893283957e-16
3.439375317808817383e+12 1.758373944698322130e-16
3.443580285273720215e+12 1.758413441262354925e-16
3.447790393716196777e+12 1.758413441262354925e-16
3.452005649421589844e+12 1.758413441262354925e-16
3.456226058682920898e+12 1.772562107347109161e-16
3.460451627800909668e+12 1.784625200465958539e-16
3.464682363083979004e+12 1.794722917659049170e-16
3.468918270848261719e+12 1.802982062940354421e-16
3.473159357417613770e+12 1.809523943987852406e-16
3.477405629123624023e+12 1.818116086745527970e-16
3.481657092305620117e+12 1.820621202719116342e-16
3.485913753310682129e+12 1.822241087985304572e-16
3.490175618493649902e+12 1.823191856843303728e-16
3.494442694217130371e+12 1.823702567804835145e-16
3.498714986851511230e+12 1.824225177700444964e-16
3.502992502774969727e+12 1.824362933258519630e-16
3.507275248373477539e+12 1.824403912066031010e-16
3.511563230040817871e+12 1.824403912066031010e-16
3.515856454178588379e+12 1.824403912066031010e-16
3.520154927196212891e+12 1.824403912066031010e-16
3.524458655510953613e+12 1.851599357068348989e-16
3.528767645547917480e+12 1.862076025591074596e-16
3.533081903740064941e+12 1.870645123510797777e-16
3.537401436528223633e+12 1.877432510990478924e-16
3.541726250361096680e+12 1.886347103254331876e-16
3.546056351695267090e+12 1.888946232261849248e-16
3.550391746995216309e+12 1.890626909255885141e-16
3.554732442733325195e+12 1.891613358962933647e-16
3.559078445389891113e+12 1.892143236097792173e-16
3.563429761453133301e+12 1.892685458714875105e-16
3.567786397419201660e+12 1.892828384020814991e-16
3.572148359792189941e+12 1.892870900698054107e-16
3.576515655084144531e+12 1.892870900698054107e-16
3.580888289815069824e+12 1.892870900698054107e-16
3.585266270512946777e+12 1.892870900698054107e-16
3.589649603713733887e+12 1.921086947668775194e-16
3.594038295961380371e+12 1.931956788964209190e-16
3.598432353807836914e+12 1.940847471553849040e-16
3.602831783813066406e+12 1.947889578933185248e-16
3.607236592545048828e+12 1.953245870176439728e-16
3.611646786579794922e+12 1.959835391924040774e-16
3.616062372501357910e+12 1.961579142063163908e-16
3.620483356901836426e+12 1.962602611665002175e-16
3.624909746381391602e+12 1.963152374249310325e-16
3.629341547548253418e+12 1.963474878781326695e-16
3.633778767018729980e+12 1.963863234688485125e-16
3.638221411417219727e+12 1.963907346949266700e-16
3.642669487376218262e+12 1.963907346949266700e-16
3.647123001536331543e+12 1.963907346949266700e-16
3.651581960546285645e+12 1.963907346949266700e-16
3.656046371062932129e+12 1.979709472104447515e-16
3.660516239751263184e+12 2.004460066682890205e-16
3.664991573284419434e+12 2.013684402505659792e-16
3.669472378343699219e+12 2.020990789018963147e-16
3.673958661618570801e+12 2.026548093387237100e-16
3.678450429806680176e+12 2.033384909447023418e-16
3.682947689613861328e+12 2.035194099766450920e-16
3.687450447754146973e+12 2.036255978561083998e-16
3.691958710949779785e+12 2.036826372864257035e-16
3.696472485931218750e+12 2.037160980480453836e-16
3.700991779437153320e+12 2.037563910769581743e-16
3.705516598214511719e+12 2.037609678493628834e-16
3.710046949018468750e+12 2.037609678493628834e-16
3.714582838612460449e+12 2.037609678493628834e-16
3.719124273768191406e+12 2.037609678493628834e-16
3.723671261265643066e+12 2.054004832372442143e-16
3.728223807893089844e+12 2.079684277555966942e-16
3.732781920447101562e+12 2.089254788089138831e-16
3.737345605732560547e+12 2.096835371713640636e-16
3.741914870562667480e+12 2.102601232911074001e-16
3.746489721758951660e+12 2.106791752182086929e-16
3.751070166151284180e+12 2.111571710212852423e-16
3.755656210577887207e+12 2.112673439636438606e-16
3.760247861885339355e+12 2.113265239934201498e-16
3.764845126928593750e+12 2.113612404844154666e-16
3.769448012570982910e+12 2.114030456468718712e-16
3.774056525684229980e+12 2.114077941782944967e-16
3.778670673148459473e+12 2.114077941782944967e-16
3.783290461852209961e+12 2.114077941782944967e-16
3.787915898692437500e+12 2.114077941782944967e-16
3.792546990574533203e+12 2.131088379813921990e-16
3.797183744412331543e+12 2.145591407642193426e-16
3.801826167128117188e+12 2.167661210526322063e-16
3.806474265652639648e+12 2.175526281445227298e-16
3.811128046925122559e+12 2.181508526279227190e-16
3.815787517893270508e+12 2.185856309099935698e-16
3.820452685513285645e+12 2.190815651383271950e-16
3.825123556749872559e+12 2.191958726966785748e-16
3.829800138576251953e+12 2.192572736592204359e-16
3.834482437974170410e+12 2.192932930051255926e-16
3.839170461933908203e+12 2.193201051882875770e-16
3.843864217454293457e+12 2.193415937853863670e-16
3.848563711542713379e+12 2.193415937853863670e-16
3.853268951215116211e+12 2.193415937853863670e-16
3.857979943496034180e+12 2.193415937853863670e-16
3.862696695418583984e+12 2.211064750676513812e-16
3.867419214024482422e+12 2.226112054163744551e-16
3.872147506364054199e+12 2.249010101787530034e-16
3.876881579496246582e+12 2.257170336358317990e-16
3.881621440488633301e+12 2.263377085363973363e-16
3.886367096417430176e+12 2.267888033586263850e-16
3.891118554367507812e+12 2.271012873952984830e-16
3.895875821432393066e+12 2.274219465528316716e-16
3.900638904714289062e+12 2.274856517962273759e-16
3.905407811324081543e+12 2.275230228911231980e-16
3.910182548381348633e+12 2.275508412930438168e-16
3.914963123014375000e+12 2.275731363231498840e-16
3.919749542360156738e+12 2.275731363231498840e-16
3.924541813564419922e+12 2.275731363231498840e-16
3.929339943781625000e+12 2.275731363231498840e-16
3.934143940174977539e+12 2.294042508040452591e-16
3.938953809916444336e+12 2.309654512989892134e-16
3.943769560186759277e+12 2.333411888066323679e-16
3.948591198175433594e+12 2.341878363313257023e-16
3.953418731080770020e+12 2.348318041776474451e-16
3.958252166109873535e+12 2.352998278739384879e-16
3.963091510478656250e+12 2.356240389414752607e-16
3.967936771411855957e+12 2.359567319292081933e-16
3.972787956143043457e+12 2.360228279294679277e-16
3.977645071914629883e+12 2.360616015023525031e-16
3.982508125977884766e+12 2.360904638848278380e-16
3.987377125592941406e+12 2.361082921518675144e-16
3.992252078028808105e+12 2.361135956120943818e-16
3.997132990563381836e+12 2.361135956120943818e-16
4.002019870483458496e+12 2.361135956120943818e-16
4.006912725084739746e+12 2.380134289186391049e-16
4.011811561671849121e+12 2.396332187949325539e-16
4.016716387558340820e+12 2.409891048783687030e-16
4.021627210066708496e+12 2.429765348326883101e-16
4.026544036528401855e+12 2.436446697721202694e-16
4.031466874283829102e+12 2.441302576562984291e-16
4.036395730682378418e+12 2.444666358515905534e-16
4.041330613082418945e+12 2.448118142801068833e-16
4.046271528851318359e+12 2.448803907585482111e-16
4.051218485365449707e+12 2.449206194421987523e-16
4.056171490010207520e+12 2.449505649841651096e-16
4.061130550180012207e+12 2.449690623178236042e-16
4.066095673278327148e+12 2.449745648085110966e-16
4.071066866717665527e+12 2.449745648085110966e-16
4.076044137919604004e+12 2.449745648085110966e-16
4.081027494314792480e+12 2.469456958493687903e-16
4.086016943342966309e+12 2.486262738736776516e-16
4.091012492452954102e+12 2.500330442138548335e-16
4.096014149102693848e+12 2.520950592659093093e-16
4.101021920759243164e+12 2.527882682511707858e-16
4.106035814898783203e+12 2.532920794793825584e-16
4.111055839006641602e+12 2.536410814154597472e-16
4.116082000577293457e+12 2.538667568333178358e-16
4.121114307114377930e+12 2.540703638886124145e-16
4.126152766130708496e+12 2.541121022910308621e-16
4.131197385148282227e+12 2.541431716417479754e-16
4.136248171698295898e+12 2.541623631510355562e-16
4.141305133321150391e+12 2.541680721414816003e-16
4.146368277566466309e+12 2.541680721414816003e-16
4.151437611993095703e+12 2.541680721414816003e-16
4.156513144169132324e+12 2.562131766076723902e-16
4.161594881671918457e+12 2.579568240628920488e-16
4.166682832088065918e+12 2.594163882653558504e-16
4.171777003013459473e+12 2.606101979715525737e-16
4.176877402053269043e+12 2.622750114960160403e-16
4.181984036821964844e+12 2.627977299614938899e-16
4.187096914943327637e+12 2.631598293873494713e-16
4.192216044050453125e+12 2.633939740461289183e-16
4.197341431785776855e+12 2.636052221516580361e-16
4.202473085801074219e+12 2.636485269301980013e-16
4.207611013757472656e+12 2.636807622644280273e-16
4.212755223325472168e+12 2.637006740006563149e-16
4.217905722184947266e+12 2.637065972404697131e-16
4.223062518025161133e+12 2.637065972404697131e-16
4.228225618544780762e+12 2.637065972404697131e-16
4.233395031451880859e+12 2.658284512374589904e-16
4.238570764463965332e+12 2.676375350194182021e-16
4.243752825307972168e+12 2.691518743541851192e-16
4.248941221720280762e+12 2.703904858474435434e-16
4.254135961446737305e+12 2.721177771861125692e-16
4.259337052242652344e+12 2.726601124475186189e-16
4.264544501872820312e+12 2.730358008911951586e-16
4.269758318111527832e+12 2.732787326280908031e-16
4.274978508742566895e+12 2.734213179919316618e-16
4.280205081559246094e+12 2.735428384786409553e-16
4.285438044364401855e+12 2.735762835538980327e-16
4.290677404970411621e+12 2.735969425460431554e-16
4.295923171199199219e+12 2.736030880756632435e-16
4.301175350882258301e+12 2.736030880756632435e-16
4.306433951860654297e+12 2.736030880756632435e-16
4.311698981985037109e+12 2.758045718917566186e-16
4.316970449115658203e+12 2.776815477221348742e-16
4.322248361122376465e+12 2.792527178131464769e-16
4.327532725884673828e+12 2.805378124335608215e-16
4.332823551291666992e+12 2.815557066411564508e-16
4.338120845242112793e+12 2.828926145244351739e-16
4.343424615644429199e+12 2.832824019602440151e-16
4.348734870416705078e+12 2.835344505403772949e-16
4.354051617486704590e+12 2.836823869070419236e-16
4.359374864791885742e+12 2.838084678651068171e-16
4.364704620279415039e+12 2.838431680810551868e-16
4.370040891906168945e+12 2.838646023724478983e-16
4.375383687638755859e+12 2.838709785340590767e-16
4.380733015453525879e+12 2.838709785340590767e-16
4.386088883336574707e+12 2.838709785340590767e-16
4.391451299283766602e+12 2.861550805502194353e-16
4.396820271300741699e+12 2.881024963100403334e-16
4.402195807402925781e+12 2.897326299255483394e-16
4.407577915615543945e+12 2.910659521112431371e-16
4.412966603973636719e+12 2.921220462759201236e-16
4.418361880522061523e+12 2.935091261941529080e-16
4.423763753315517578e+12 2.939135417349334377e-16
4.429172230418550781e+12 2.941750492989883053e-16
4.434587319905563477e+12 2.943285374831356914e-16
4.440009029860833008e+12 2.944109845442170794e-16
4.445437368378517578e+12 2.944953525199031101e-16
4.450872343562673828e+12 2.945175912062959631e-16
4.456313963527265625e+12 2.945242066551513517e-16
4.461762236396176758e+12 2.945242066551513517e-16
4.467217170303222656e+12 2.945242066551513517e-16
4.472678773392166016e+12 2.945242066551513517e-16
4.478147053816720703e+12 2.989145265897710035e-16
4.483622019740574219e+12 3.006058365374406282e-16
4.489103679337392578e+12 3.019891961925395681e-16
4.494592040790835938e+12 3.030849238981715342e-16
4.500087112294568359e+12 3.045240587283485539e-16
4.505588902052273438e+12 3.049436513437067797e-16
4.511097418277663086e+12 3.052149728723650523e-16
4.516612669194489258e+12 3.053742212249102783e-16
4.522134663036566406e+12 3.054597623935828423e-16
4.527663408047763672e+12 3.055472965657421677e-16
4.533198912482039062e+12 3.055703698348052156e-16
4.538741184603437500e+12 3.055772335509761451e-16
4.544290232686107422e+12 3.055772335509761451e-16
4.549846065014314453e+12 3.055772335509761451e-16
4.555408689882450195e+12 3.055772335509761451e-16
4.560978115595049805e+12 3.101323152376763458e-16
4.566554350466802734e+12 3.118870973683393176e-16
4.572137402822557617e+12 3.133223723198006493e-16
4.577727280997346680e+12 3.144592209503929239e-16
4.583323993336392578e+12 3.153239184105331831e-16
4.588927548195116211e+12 3.163877034923965040e-16
4.594537953939158203e+12 3.166692072882026020e-16
4.600155218944386719e+12 3.168344319791405394e-16
4.605779351596906250e+12 3.169231833723605988e-16
4.611410360293078125e+12 3.170140025633310030e-16
4.617048253439529297e+12 3.170379417356297708e-16
4.622693039453161133e+12 3.170450630361951629e-16
4.628344726761166016e+12 3.170450630361951629e-16
4.634003323801044922e+12 3.170450630361951629e-16
4.639668839020606445e+12 3.170450630361951629e-16
4.645341280877992188e+12 3.195960926322261730e-16
4.651020657841685547e+12 3.235917260466512650e-16
4.656706978390520508e+12 3.250808645933041812e-16
4.662400251013698242e+12 3.262603773520274746e-16
4.668100484210799805e+12 3.271575255380086861e-16
4.673807686491794922e+12 3.282612327887651063e-16
4.679521866377062500e+12 3.285533009760746390e-16
4.685243032397392578e+12 3.287247262879175184e-16
4.690971193094010742e+12 3.288168083803268319e-16
4.696706357018581055e+12 3.288708260471655267e-16
4.702448532733222656e+12 3.289358734431712985e-16
4.708197728810525391e+12 3.289432619948654236e-16
4.713953953833558594e+12 3.289432619948654236e-16
4.719717216395884766e+12 3.289432619948654236e-16
4.725487525101573242e+12 3.289432619948654236e-16
4.731264888565212891e+12 3.315900276903403284e-16
4.737049315411923828e+12 3.357356108969984118e-16
4.742840814277373047e+12 3.372806344542407467e-16
4.748639393807784180e+12 3.385044124582360988e-16
4.754445062659950195e+12 3.394352291943912035e-16
4.760257829501250977e+12 3.401117292586617547e-16
4.766077703009663086e+12 3.408833858734854769e-16
4.771904691873767578e+12 3.410612445057128587e-16
4.777738804792775391e+12 3.411567822931755046e-16
4.783580050476526367e+12 3.412128271574767532e-16
4.789428437645514648e+12 3.412803156792077488e-16
4.795283975030893555e+12 3.412879815115422367e-16
4.801146671374488281e+12 3.412879815115422367e-16
4.807016535428816406e+12 3.412879815115422367e-16
4.812893575957095703e+12 3.412879815115422367e-16
4.818777801733254883e+12 3.440340761306095968e-16
4.824669221541951172e+12 3.483352365076554079e-16
4.830567844178583008e+12 3.499382423514025607e-16
4.836473678449298828e+12 3.512079468052007651e-16
4.842386733171018555e+12 3.521736956188806448e-16
4.848307017171436523e+12 3.528755836588640665e-16
4.854234539289043945e+12 3.536761993239976321e-16
4.860169308373131836e+12 3.538607327089320900e-16
4.866111333283821289e+12 3.539598558782089315e-16
4.872060622892052734e+12 3.540180040174822189e-16
4.878017186079621094e+12 3.540612884947969330e-16
4.883981031739176758e+12 3.540959787953975245e-16
4.889952168774243164e+12 3.540959787953975245e-16
4.895930606099228516e+12 3.540959787953975245e-16
4.901916352639441406e+12 3.540959787953975245e-16
4.907909417331098633e+12 3.569451299952050089e-16
4.913909809121347656e+12 3.593743043093826230e-16
4.919917536968269531e+12 3.630708702209905494e-16
4.925932609840901367e+12 3.643882246714967879e-16
4.931955036719246094e+12 3.653902165082322050e-16
4.937984826594278320e+12 3.661184452944378020e-16
4.944021988467974609e+12 3.666229065729110399e-16
4.950066531353312500e+12 3.671405654276995104e-16
4.956118464274289062e+12 3.672434085324901488e-16
4.962177796265933594e+12 3.673037388793131266e-16
4.968244536374325195e+12 3.673486477544909066e-16
4.974318693656594727e+12 3.673846399271174060e-16
4.980400277180955078e+12 3.673846399271174060e-16
4.986489296026703125e+12 3.673846399271174060e-16
4.992585759284232422e+12 3.673846399271174060e-16
4.998689676055053711e+12 3.703407152578796044e-16
5.004801055451805664e+12 3.728610526358140564e-16
5.010919906598265625e+12 3.766963448100516173e-16
5.017046238629367188e+12 3.780631374861561825e-16
5.023180060691214844e+12 3.791027324891867761e-16
5.029321381941087891e+12 3.798582905480917176e-16
5.035470211547469727e+12 3.803816834591876330e-16
5.041626558690044922e+12 3.809187692307305635e-16
5.047790432559728516e+12 3.810254718743217548e-16
5.053961842358668945e+12 3.810880663234867804e-16
5.060140797300263672e+12 3.811346605576062241e-16
5.066327306609176758e+12 3.811634417730551469e-16
5.072521379521350586e+12 3.811720034594531346e-16
5.078723025284015625e+12 3.811720034594531346e-16
5.084932253155713867e+12 3.811720034594531346e-16
5.091149072406301758e+12 3.842390156144175173e-16
5.097373492316971680e+12 3.868539372614728143e-16
5.103605522180260742e+12 3.890428235623499008e-16
5.109845171300071289e+12 3.922512481151989810e-16
5.116092448991675781e+12 3.933298574717857484e-16
5.122347364581738281e+12 3.941137704276999909e-16
5.128609927408327148e+12 3.946568054455996893e-16
5.134880146820921875e+12 3.952140471953068906e-16
5.141158032180436523e+12 3.953247542200757196e-16
5.147443592859233398e+12 3.953896977397568746e-16
5.153736838241124023e+12 3.954380405816690835e-16
5.160037777721402344e+12 3.954679019105391481e-16
5.166346420706838867e+12 3.954767849034643853e-16
5.172662776615714844e+12 3.954767849034643853e-16
5.178986854877822266e+12 3.954767849034643853e-16
5.185318664934477539e+12 3.986588971658992182e-16
5.191658216238546875e+12 4.013719526798567322e-16
5.198005518254450195e+12 4.036429844160114907e-16
5.204360580458176758e+12 4.069718160596007812e-16
5.210723412337306641e+12 4.080909039166266771e-16
5.217094023391014648e+12 4.089042358839155135e-16
5.223472423130088867e+12 4.094676501457706530e-16
5.229858621076950195e+12 4.098319711876554210e-16
5.236252626765656250e+12 4.101606659796004429e-16
5.242654449741924805e+12 4.102280467266928864e-16
5.249064099563139648e+12 4.102782037988782269e-16
5.255481585798376953e+12 4.103091857761148893e-16
5.261906918028402344e+12 4.103184021336923610e-16
5.268340105845702148e+12 4.103184021336923610e-16
5.274781158854490234e+12 4.103184021336923610e-16
5.281230086670716797e+12 4.136199340282915064e-16
5.287686898922093750e+12 4.164348062177141583e-16
5.294151605248102539e+12 4.187910661771991356e-16
5.300624215300007812e+12 4.207183030916202588e-16
5.307104738740877930e+12 4.234059090503583541e-16
5.313593185245590820e+12 4.242497640779137842e-16
5.320089564500854492e+12 4.248343223844656539e-16
5.326593886205223633e+12 4.252123158179014767e-16
5.333106160069102539e+12 4.255533460046757675e-16
5.339626395814773438e+12 4.256232554444632233e-16
5.346154603176406250e+12 4.256752948321096974e-16
5.352690791900064453e+12 4.257074395138710607e-16
5.359234971743734375e+12 4.257170017467480203e-16
5.365787152477329102e+12 4.257170017467480203e-16
5.372347343882706055e+12 4.257170017467480203e-16
5.378915555753683594e+12 4.291424349031240481e-16
5.385491797896053711e+12 4.320629447865459498e-16
5.392076080127593750e+12 4.345076314495659004e-16
5.398668412278089844e+12 4.365071945122912609e-16
5.405268804189341797e+12 4.392956620650039048e-16
5.411877265715181641e+12 4.401711856349235694e-16
5.418493806721494141e+12 4.407776814886735241e-16
5.425118437086216797e+12 4.411698604168557502e-16
5.431751166699372070e+12 4.414000443190504600e-16
5.438392005463071289e+12 4.415962219565992858e-16
5.445040963291530273e+12 4.416502143000242424e-16
5.451698050111087891e+12 4.416835653207690958e-16
5.458363275860220703e+12 4.416934864090976133e-16
5.465036650489549805e+12 4.416934864090976133e-16
5.471718183961868164e+12 4.416934864090976133e-16
5.478407886252147461e+12 4.452474706453229788e-16
5.485105767347551758e+12 4.482775826380505603e-16
5.491811837247458008e+12 4.508140145187050062e-16
5.498526105963471680e+12 4.528886180155026565e-16
5.505248583519429688e+12 4.557817323380284820e-16
5.511979279951433594e+12 4.566901129205385055e-16
5.518718205307849609e+12 4.573193696028799450e-16
5.525465369649328125e+12 4.577262663849541097e-16
5.532220783048822266e+12 4.579650887243449827e-16
5.538984455591601562e+12 4.581686285978499897e-16
5.545756397375262695e+12 4.582246471883900130e-16
5.552536618509748047e+12 4.582592498201093548e-16
5.559325129117361328e+12 4.582695432311659194e-16
5.566121939332782227e+12 4.582695432311659194e-16
5.572927059303081055e+12 4.582695432311659194e-16
5.579740499187731445e+12 4.619569028656189667e-16
5.586562269158629883e+12 4.651007301611847647e-16
5.593392379400112305e+12 4.677323503121505647e-16
5.600230840108956055e+12 4.698848103916335234e-16
5.607077661494416992e+12 4.715897250431943623e-16
5.613932853778225586e+12 4.738289693781957133e-16
5.620796427194609375e+12 4.744818410669683298e-16
5.627668391990311523e+12 4.749040080406751612e-16
5.634548758424601562e+12 4.751517930041252224e-16
5.641437536769291016e+12 4.752848921226671320e-16
5.648334737308749023e+12 4.754210922861379773e-16
5.655240370339921875e+12 4.754569934998089063e-16
5.662154446172339844e+12 4.754676732062758835e-16
5.669076975128142578e+12 4.754676732062758835e-16
5.676007967542087891e+12 4.754676732062758835e-16
5.682947433761564453e+12 4.754676732062758835e-16
5.689895384146617188e+12 4.825552237599349814e-16
5.696851829069958984e+12 4.852856044462012497e-16
5.703816778916975586e+12 4.875188429425788670e-16
5.710790244085757812e+12 4.892877403401175978e-16
5.717772234987105469e+12 4.916110199676409542e-16
5.724762762044546875e+12 4.922883928966257064e-16
5.731761835694356445e+12 4.927264031280662810e-16
5.738769466385564453e+12 4.929834870686582910e-16
5.745785664579978516e+12 4.931215811862658817e-16
5.752810440752197266e+12 4.932628927261059989e-16
5.759843805389623047e+12 4.933001412554518406e-16
5.766885768992481445e+12 4.933112217543839565e-16
5.773936342073837891e+12 4.933112217543839565e-16
5.780995535159604492e+12 4.933112217543839565e-16
5.788063358788568359e+12 4.933112217543839565e-16
5.795139823512404297e+12 5.006647568523519669e-16
5.802224939895674805e+12 5.034976044003539249e-16
5.809318718515871094e+12 5.058146527996442589e-16
5.816421169963412109e+12 5.076499341142573982e-16
5.823532304841661133e+12 5.090458658581010151e-16
5.830652133766951172e+12 5.107631964076314257e-16
5.837780667368591797e+12 5.112176444691702532e-16
5.844917916288886719e+12 5.114843763627848059e-16
5.852063891183152344e+12 5.116276529338599114e-16
5.859218602719731445e+12 5.117742676719269609e-16
5.866382061580009766e+12 5.118129140795707981e-16
5.873554278458437500e+12 5.118244104120743099e-16
5.880735264062528320e+12 5.118244104120743099e-16
5.887925029112897461e+12 5.118244104120743099e-16
5.895123584343263672e+12 5.118244104120743099e-16
5.902330940500464844e+12 5.159426868691445493e-16
5.909547108344484375e+12 5.223930718616636492e-16
5.916772098648458984e+12 5.247970754167529504e-16
5.924005922198691406e+12 5.267012319316839302e-16
5.931248589794678711e+12 5.281495507824640276e-16
5.938500112249118164e+12 5.299313300269542646e-16
5.945760500387924805e+12 5.304028328043141217e-16
5.953029765050251953e+12 5.306795747233442664e-16
5.960307917088506836e+12 5.308282282371557203e-16
5.967594967368358398e+12 5.309154321198364823e-16
5.974890926768764648e+12 5.310204419401776778e-16
5.982195806181986328e+12 5.310323697118277703e-16
5.989509616513593750e+12 5.310323697118277703e-16
5.996832368682498047e+12 5.310323697118277703e-16
6.004164073620953125e+12 5.310323697118277703e-16
6.011504742274583984e+12 5.353051985602325001e-16
6.018854385602394531e+12 5.419976562829370722e-16
6.026213014576787109e+12 5.444918782830698337e-16
6.033580640183580078e+12 5.464674947754756324e-16
6.040957273422026367e+12 5.479701667383248955e-16
6.048342925304817383e+12 5.490622804057737553e-16
6.055737606858117188e+12 5.503080108648462810e-16
6.063141329121568359e+12 5.505951384696880403e-16
6.070554103148306641e+12 5.507493707143785723e-16
6.077975940004984375e+12 5.508398472206295657e-16
6.085406850771788086e+12 5.509487978931736281e-16
6.092846846542440430e+12 5.509611732951978930e-16
6.100295938424236328e+12 5.509611732951978930e-16
6.107754137538048828e+12 5.509611732951978930e-16
6.115221455018342773e+12 5.509611732951978930e-16
6.122697902013201172e+12 5.553943546413447277e-16
6.130183489684335938e+12 5.623379697003114989e-16
6.137678229207098633e+12 5.649257959008076229e-16
6.145182131770515625e+12 5.669755541504374381e-16
6.152695208577281250e+12 5.685346190115464854e-16
6.160217470843791992e+12 5.696677179748278648e-16
6.167748929800160156e+12 5.709601987245656221e-16
6.175289596690219727e+12 5.712581017735547400e-16
6.182839482771559570e+12 5.714181221100565558e-16
6.190398599315529297e+12 5.715119940562559467e-16
6.197966957607255859e+12 5.715818707225866984e-16
6.205544568945664062e+12 5.716378733062001117e-16
6.213131444643500000e+12 5.716378733062001117e-16
6.220727596027331055e+12 5.716378733062001117e-16
6.228333034437574219e+12 5.716378733062001117e-16
6.235947771228520508e+12 5.762374249253018161e-16
6.243571817768329102e+12 5.801589832654174679e-16
6.251205185439065430e+12 5.861265660756949191e-16
6.258847885636712891e+12 5.882532485052431349e-16
6.266499929771180664e+12 5.898708226007473078e-16
6.274161329266332031e+12 5.910464449730857017e-16
6.281832095559998047e+12 5.923874304778362400e-16
6.289512240103988281e+12 5.926965133563213156e-16
6.297201774364120117e+12 5.928625390025507325e-16
6.304900709820222656e+12 5.929599338141806261e-16
6.312609057966164062e+12 5.930324328411015329e-16
6.320326830309867188e+12 5.930905371129596370e-16
6.328054038373315430e+12 5.930905371129596370e-16
6.335790693692586914e+12 5.930905371129596370e-16
6.343536807817865234e+12 5.930905371129596370e-16
6.351292392313445312e+12 5.978627026177995366e-16
6.359057458757770508e+12 6.019314308299575410e-16
6.366832018743435547e+12 6.081229675693674654e-16
6.374616083877207031e+12 6.103294610214446097e-16
6.382409665780044922e+12 6.120077401102212942e-16
6.390212776087117188e+12 6.132274817277936908e-16
6.398025426447812500e+12 6.140724255524036890e-16
6.405847628525766602e+12 6.149394745634435717e-16
6.413679393998875000e+12 6.151117308891611520e-16
6.421520734559303711e+12 6.152127807737805317e-16
6.429371661913523438e+12 6.152880005743299359e-16
6.437232187782313477e+12 6.153344637757658408e-16
6.445102323900777344e+12 6.153482854074632664e-16
6.452982082018375977e+12 6.153482854074632664e-16
6.460871473898924805e+12 6.153482854074632664e-16
6.468770511320628906e+12 6.202995427237210763e-16
6.476679206076091797e+12 6.245209638600756424e-16
6.484597569972331055e+12 6.280546111898167934e-16
6.492525614830804688e+12 6.332341588206409928e-16
6.500463352487420898e+12 6.349754210649199706e-16
6.508410794792557617e+12 6.362409376531071429e-16
6.516367953611082031e+12 6.371175908809099554e-16
6.524334840822369141e+12 6.380171788677707967e-16
6.532311468320313477e+12 6.381958997005070299e-16
6.540297848013352539e+12 6.383007418272148522e-16
6.548293991824488281e+12 6.383787845077170256e-16
6.556299911691290039e+12 6.384269913994966869e-16
6.564315619565928711e+12 6.384413317351357834e-16
6.572341127415189453e+12 6.384413317351357834e-16
6.580376447220479492e+12 6.384413317351357834e-16
6.588421590977862305e+12 6.435784018947797891e-16
6.596476570698067383e+12 6.479582462788824675e-16
6.604541398406502930e+12 6.516245057949683683e-16
6.612616086143283203e+12 6.569984336430313611e-16
6.620700645963244141e+12 6.588050427008617906e-16
6.628795089935955078e+12 6.601180521217951556e-16
6.636899430145748047e+12 6.610276047564591658e-16
6.645013678691720703e+12 6.616157495478576340e-16
6.653137847687772461e+12 6.621463807978184034e-16
6.661271949262607422e+12 6.622551574834523817e-16
6.669415995559757812e+12 6.623361289821201889e-16
6.677569998737605469e+12 6.623861450021797265e-16
6.685733970969397461e+12 6.624010235078976895e-16
6.693907924443257812e+12 6.624010235078976895e-16
6.702091871362218750e+12 6.624010235078976895e-16
6.710285823944230469e+12 6.677308797709931317e-16
6.718489794422174805e+12 6.722750927763605034e-16
6.726703795043897461e+12 6.760789412040627819e-16
6.734927838072215820e+12 6.791901926078903989e-16
6.743161935784935547e+12 6.835289522847572086e-16
6.751406100474878906e+12 6.848912368692121732e-16
6.759660344449893555e+12 6.858349235733583101e-16
6.767924680032875977e+12 6.864451405070495462e-16
6.776199119561789062e+12 6.869956855072049316e-16
6.784483675389679688e+12 6.871085444095286415e-16
6.792778359884696289e+12 6.871925546402676570e-16
6.801083185430111328e+12 6.872444476823256629e-16
6.809398164424333008e+12 6.872598845547930067e-16
6.817723309280930664e+12 6.872598845547930067e-16
6.826058632428652344e+12 6.872598845547930067e-16
6.834404146311434570e+12 6.927895992453043010e-16
6.842759863388434570e+12 6.975043097749001253e-16
6.851125796134041992e+12 7.014509099387570034e-16
6.859501957037890625e+12 7.046789216789818121e-16
6.867888358604890625e+12 7.091805081331364353e-16
6.876285013355240234e+12 7.105939170999395067e-16
6.884691933824441406e+12 7.115730188711205128e-16
6.893109132563324219e+12 7.122061362796386834e-16
6.901536622138062500e+12 7.125777356317903647e-16
6.909974415130195312e+12 7.128944366796254065e-16
6.918422524136640625e+12 7.129815996812365026e-16
6.926880961769721680e+12 7.130354401869548859e-16
6.935349740657173828e+12 7.130514563807911209e-16
6.943828873442181641e+12 7.130514563807911209e-16
6.952318372783380859e+12 7.130514563807911209e-16
6.960818251354882812e+12 7.187880871208199444e-16
6.969328521846295898e+12 7.236793629570647007e-16
6.977849196962743164e+12 7.277739063292430280e-16
6.986380289424879883e+12 7.311230277342987720e-16
6.994921811968916992e+12 7.357935515967456081e-16
7.003473777346628906e+12 7.372600035629759420e-16
7.012036198325388672e+12 7.382758494725539867e-16
7.020609087688176758e+12 7.389327267744407063e-16
7.029192458233595703e+12 7.393182716615975122e-16
7.037786322775903320e+12 7.396468579980457275e-16
7.046390694145022461e+12 7.397372920890253202e-16
7.055005585186556641e+12 7.397931531436300953e-16
7.063631008761820312e+12 7.398097703998482775e-16
7.072266977747852539e+12 7.398097703998482775e-16
7.080913505037428711e+12 7.398097703998482775e-16
7.089570603539093750e+12 7.457604625824144965e-16
7.098238286177172852e+12 7.508344453448159366e-16
7.106916565891789062e+12 7.550821195605017737e-16
7.115605455638892578e+12 7.585566135426323926e-16
7.124304968390267578e+12 7.613088405448698277e-16
7.133015117133558594e+12 7.649237784600298409e-16
7.141735914872291992e+12 7.659777474573096933e-16
7.150467374625888672e+12 7.666592763237228478e-16
7.159209509429686523e+12 7.670592900997215970e-16
7.167962332334966797e+12 7.674002077608359392e-16
7.176725856408958008e+12 7.674940356999860968e-16
7.185500094734872070e+12 7.675519931314761086e-16
7.194285060411913086e+12 7.675692340069954080e-16
7.203080766555298828e+12 7.675692340069954080e-16
7.211887226296285156e+12 7.675692340069954080e-16
7.220704452782180664e+12 7.675692340069954080e-16
7.229532459176367188e+12 7.790041978890970336e-16
7.238371258658318359e+12 7.834102271429819682e-16
7.247220864423627930e+12 7.870143902958223873e-16
7.256081289684012695e+12 7.898694498899934991e-16
7.264952547667349609e+12 7.936198112085224828e-16
7.273834651617686523e+12 7.947133339925916309e-16
7.282727614795259766e+12 7.954204395576954873e-16
7.291631450476520508e+12 7.958354652170129317e-16
7.300546171954154297e+12 7.960583986374200376e-16
7.309471792537091797e+12 7.962865261309390992e-16
7.318408325550541016e+12 7.963466586130178763e-16
7.327355784335996094e+12 7.963645465112827195e-16
7.336314182251267578e+12 7.963645465112827195e-16
7.345283532670494141e+12 7.963645465112827195e-16
7.354263848984166016e+12 7.963645465112827195e-16
7.363255144599144531e+12 8.082235455636168586e-16
7.372257432938686523e+12 8.127932340711890064e-16
7.381270727442449219e+12 8.165313878091719675e-16
7.390295041566533203e+12 8.194926577771732260e-16
7.399330388783485352e+12 8.217453992369567682e-16
7.408376782582320312e+12 8.245174555013419113e-16
7.417434236468550781e+12 8.252510976181202343e-16
7.426502763964199219e+12 8.256816985329555992e-16
7.435582378607816406e+12 8.259129982914634527e-16
7.444673093954508789e+12 8.261496870484189227e-16
7.453774923575958984e+12 8.262120762072891871e-16
7.462887881060430664e+12 8.262306354100383628e-16
7.472011980012813477e+12 8.262306354100383628e-16
7.481147234054624023e+12 8.262306354100383628e-16
7.490293656824029297e+12 8.262306354100383628e-16
7.499451261975879883e+12 8.385276409873283209e-16
7.508620063181708008e+12 8.432663732175262413e-16
7.517800074129772461e+12 8.471428429009915832e-16
7.526991308525063477e+12 8.502137436411952561e-16
7.536193780089321289e+12 8.525499590713076088e-16
7.545407502561069336e+12 8.554251480955647048e-16
7.554632489695625977e+12 8.561863053497204687e-16
7.563868755265124023e+12 8.566330660347393028e-16
7.573116313058537109e+12 8.568730461067630761e-16
7.582375176881698242e+12 8.570138244409573488e-16
7.591645360557314453e+12 8.571833479429759135e-16
7.600926877924995117e+12 8.572026036432031530e-16
7.610219742841272461e+12 8.572026036432031530e-16
7.619523969179615234e+12 8.572026036432031530e-16
7.628839570830455078e+12 8.572026036432031530e-16
7.638166561701209961e+12 8.640836941961792908e-16
7.647504955716293945e+12 8.748650431091905962e-16
7.656854766817150391e+12 8.788842185030271005e-16
7.666216008962268555e+12 8.820681335695272560e-16
7.675588696127196289e+12 8.844903830030333589e-16
7.684972842304573242e+12 8.862513993177023689e-16
7.694368461504148438e+12 8.882612863276975992e-16
7.703775567752792969e+12 8.887248121903976285e-16
7.713194175094532227e+12 8.889737983343521804e-16
7.722624297590556641e+12 8.891198598564105176e-16
7.732065949319253906e+12 8.892957453069038222e-16
7.741519144376221680e+12 8.893157236430559057e-16
7.750983896874287109e+12 8.893157236430559057e-16
7.760460220943536133e+12 8.893157236430559057e-16
7.769948130731331055e+12 8.893157236430559057e-16
7.779447640402323242e+12 8.964486436697488350e-16
7.788958764138490234e+12 9.076248180442669542e-16
7.798481516139146484e+12 9.117911060412797987e-16
7.808015910620959961e+12 9.150914347193844105e-16
7.817561961817987305e+12 9.176022517363492648e-16
7.827119683981687500e+12 9.194277306414157492e-16
7.836689091380936523e+12 9.215115689195577363e-16
7.846270198302062500e+12 9.219923627027259995e-16
7.855863019048857422e+12 9.222506929022238276e-16
7.865467567942600586e+12 9.224022358818168743e-16
7.875083859322079102e+12 9.225150418760303069e-16
7.884711907543616211e+12 9.226054501260911803e-16
7.894351726981079102e+12 9.226054501260911803e-16
7.904003332025916992e+12 9.226054501260911803e-16
7.913666737087165039e+12 9.226054501260911803e-16
7.923341956591480469e+12 9.299981525080038445e-16
7.933029004983160156e+12 9.363027814558741001e-16
7.942727896724154297e+12 9.458992355547989593e-16
7.952438646294099609e+12 9.493194166645709770e-16
7.962161268190334961e+12 9.519213020920313696e-16
7.971895776927918945e+12 9.538130373833971453e-16
7.981642187039662109e+12 9.559728103756491715e-16
7.991400513076140625e+12 9.564713384329269192e-16
8.001170769605715820e+12 9.567393470941659330e-16
8.010952971214568359e+12 9.568965772417112151e-16
8.020747132506706055e+12 9.570136166661825862e-16
8.030553268103993164e+12 9.571074177946450283e-16
8.040371392646169922e+12 9.571074177946450283e-16
8.050201520790879883e+12 9.571074177946450283e-16
8.060043667213676758e+12 9.571074177946450283e-16
8.069897846608064453e+12 9.647679671306039174e-16
8.079764073685513672e+12 9.713010156103448778e-16
8.089642363175471680e+12 9.812445552021538052e-16
8.099532729825401367e+12 9.847879724006287146e-16
8.109435188400791016e+12 9.874834776532062438e-16
8.119349753685186523e+12 9.894432194976462491e-16
8.129276440480208008e+12 9.908016601716943376e-16
8.139215263605560547e+12 9.921976425783132402e-16
8.149166237899084961e+12 9.924755690309586450e-16
8.159129378216750000e+12 9.926386997768601724e-16
8.169104699432692383e+12 9.927601315055200931e-16
8.179092216439231445e+12 9.928351397723355949e-16
8.189091944146900391e+12 9.928574528417357178e-16
8.199103897484452148e+12 9.928574528417357178e-16
8.209128091398897461e+12 9.928574528417357178e-16
8.219164540855521484e+12 1.000794062064553805e-15
8.229213260837902344e+12 1.007562394584238463e-15
8.239274266347939453e+12 1.013228851042417671e-15
8.249347572405875977e+12 1.021533234183604166e-15
8.259433194050311523e+12 1.024324825899555018e-15
8.269531146338240234e+12 1.026354371291149356e-15
8.279641444345060547e+12 1.027761225559160916e-15
8.289764103164598633e+12 1.029207274833443766e-15
8.299899137909145508e+12 1.029495400694695471e-15
8.310046563709452148e+12 1.029664646454345940e-15
8.320206395714782227e+12 1.029790635323412263e-15
8.330378649092917969e+12 1.029868458531654730e-15
8.340563339030175781e+12 1.029891608975201412e-15
8.350760480731454102e+12 1.029891608975201412e-15
8.360970089420233398e+12 1.029891608975201412e-15
8.371192180338599609e+12 1.038112578030570835e-15
8.381426768747284180e+12 1.045123139788854414e-15
8.391673869925673828e+12 1.050992023252474475e-15
8.401933499171832031e+12 1.059591461834471048e-15
8.412205671802526367e+12 1.062481675959681984e-15
8.422490403153257812e+12 1.064582734772632474e-15
8.432787708578263672e+12 1.066039185636067040e-15
8.443097603450565430e+12 1.066982106263159038e-15
8.453420103161972656e+12 1.067835129451566447e-15
8.463755223123113281e+12 1.068010669309017851e-15
8.474102978763459961e+12 1.068141386340751135e-15
8.484463385531348633e+12 1.068222130130712913e-15
8.494836458893996094e+12 1.068246149373731272e-15
8.505222214337538086e+12 1.068246149373731272e-15
8.515620667367035156e+12 1.068246149373731272e-15
8.526031833506511719e+12 1.076759860208272091e-15
8.536455728298971680e+12 1.084019699854120554e-15
8.546892367306411133e+12 1.090096706494756427e-15
8.557341766109864258e+12 1.098999157971801402e-15
8.567803940309414062e+12 1.101990462117875088e-15
8.578278905524204102e+12 1.104164824212887702e-15
8.588766677392486328e+12 1.105672047590057844e-15
8.599267271571629883e+12 1.106647911465088179e-15
8.609780703738140625e+12 1.107531168452352189e-15
8.620306989587694336e+12 1.107713202227527269e-15
8.630846144835161133e+12 1.107848824862381894e-15
8.641398185214610352e+12 1.107932598838867907e-15
8.651963126479362305e+12 1.107957519486025975e-15
8.662540984401993164e+12 1.107957519486025975e-15
8.673131774774354492e+12 1.107957519486025975e-15
8.683735513407615234e+12 1.116772496940998514e-15
8.694352216132271484e+12 1.124288668317299160e-15
8.704981898798169922e+12 1.130579596823410169e-15
8.715624577274542969e+12 1.135722335410200390e-15
8.726280267450014648e+12 1.142887902160591119e-15
8.736948985232643555e+12 1.145137259958149752e-15
8.747630746549935547e+12 1.146696432005814267e-15
8.758325567348862305e+12 1.147706023625233358e-15
8.769033463595899414e+12 1.148299989524274418e-15
8.779754451277044922e+12 1.148808981807590367e-15
8.790488546397830078e+12 1.148949674590627657e-15
8.801235764983367188e+12 1.149036592471737927e-15
8.811996123078357422e+12 1.149062448351304898e-15
8.822769636747111328e+12 1.149062448351304898e-15
8.833556322073583984e+12 1.149062448351304898e-15
8.844356195161400391e+12 1.158187264481922987e-15
8.855169272133863281e+12 1.165966922083367899e-15
8.865995569133994141e+12 1.172477540285301922e-15
8.876835102324554688e+12 1.177798860647682154e-15
8.887687887888052734e+12 1.185210849343223233e-15
8.898553942026796875e+12 1.187536981064370889e-15
8.909433280962896484e+12 1.189149277040724133e-15
8.920325920938296875e+12 1.190193325317919733e-15
8.931231878214792969e+12 1.190807716029914053e-15
8.942151169074076172e+12 1.191334829139365662e-15
8.953083809817728516e+12 1.191480736918807173e-15
8.964029816767273438e+12 1.191570916690301715e-15
8.974989206264181641e+12 1.191597742900068529e-15
8.985961994669904297e+12 1.191597742900068529e-15
8.996948198365902344e+12 1.191597742900068529e-15
9.007947833753656250e+12 1.201041052844515373e-15
9.018960917254703125e+12 1.209091401932799971e-15
9.029987465310658203e+12 1.215827539343909835e-15
9.041027494383230469e+12 1.221331961776025379e-15
9.052081020954267578e+12 1.225686806921155943e-15
9.063148061525757812e+12 1.231400910672914608e-15
9.074228632619865234e+12 1.233067491970634688e-15
9.085322750778960938e+12 1.234146766330375201e-15
9.096430432565636719e+12 1.234782052162443603e-15
9.107551694562726562e+12 1.235327775799446536e-15
9.118686553373351562e+12 1.235479068684264695e-15
9.129835025620923828e+12 1.235572632759722590e-15
9.140997127949179688e+12 1.235600465714644197e-15
9.152172877022203125e+12 1.235600465714644197e-15
9.163362289524458984e+12 1.235600465714644197e-15
9.174565382160800781e+12 1.235600465714644197e-15
9.185782171656511719e+12 1.253699304530214760e-15
9.197012674757318359e+12 1.260666828993091641e-15
9.208256908229423828e+12 1.266358941476441266e-15
9.219514888859535156e+12 1.270860986552709522e-15
9.230786633454867188e+12 1.276766340932293869e-15
9.242072158843197266e+12 1.278488393735876912e-15
9.253371481872873047e+12 1.279603647297324141e-15
9.264684619412835938e+12 1.280260281627566943e-15
9.276011588352656250e+12 1.280615120009541452e-15
9.287352405602554688e+12 1.280981888537177965e-15
9.298707088093419922e+12 1.281078963924164998e-15
9.310075652776843750e+12 1.281107841405792751e-15
9.321458116625148438e+12 1.281107841405792751e-15
9.332854496631394531e+12 1.281107841405792751e-15
9.344264809809427734e+12 1.281107841405792751e-15
9.355689073193892578e+12 1.299827976394862700e-15
9.367127303840259766e+12 1.307032728816964195e-15
9.378579518824849609e+12 1.312917098028812487e-15
9.390045735244867188e+12 1.317569817157500718e-15
9.401525970218408203e+12 1.321103845974634895e-15
9.413020240884509766e+12 1.325449237153121305e-15
9.424528564403154297e+12 1.326601221958165442e-15
9.436050957955306641e+12 1.327279665723845558e-15
9.447587438742939453e+12 1.327646557311308827e-15
9.459138023989052734e+12 1.328026429738773896e-15
9.470702730937707031e+12 1.328127112858802216e-15
9.482281576854042969e+12 1.328157074066568308e-15
9.493874579024304688e+12 1.328157074066568308e-15
9.505481754755882812e+12 1.328157074066568308e-15
9.517103121377318359e+12 1.328157074066568308e-15
9.528738696238335938e+12 1.347514701807696479e-15
9.540388496709882812e+12 1.354962625183363374e-15
9.552052540184134766e+12 1.361043830062925881e-15
9.563730844074533203e+12 1.365850597737636842e-15
9.575423425815810547e+12 1.369500579090791226e-15
9.587130302864015625e+12 1.373987420751231588e-15
9.598851492696533203e+12 1.375176902885293628e-15
9.610587012812125000e+12 1.375877617342179521e-15
9.622336880730941406e+12 1.376256834580987045e-15
9.634101113994548828e+12 1.376481831110363041e-15
9.645879730165968750e+12 1.376754520155593458e-15
9.657672746829687500e+12 1.376785605760022750e-15
9.669480181591697266e+12 1.376785605760022750e-15
9.681302052079507812e+12 1.376785605760022750e-15
9.693138375942183594e+12 1.376785605760022750e-15
9.704989170850369141e+12 1.387591135524719631e-15
9.716854454496312500e+12 1.404494033741582394e-15
9.728734244593886719e+12 1.410776672614961318e-15
9.740628558878625000e+12 1.415740953458362493e-15
9.752537415107750000e+12 1.419509346802647931e-15
9.764460831060179688e+12 1.424140469672149820e-15
9.776398824536587891e+12 1.425368186074641208e-15
9.788351413359396484e+12 1.426091596862716720e-15
9.800318615372820312e+12 1.426483368861709650e-15
9.812300448442892578e+12 1.426716170537456790e-15
9.824296930457492188e+12 1.426998624260548970e-15
9.836308079326359375e+12 1.427030876458467418e-15
9.848333912981136719e+12 1.427030876458467418e-15
9.860374449375392578e+12 1.427030876458467418e-15
9.872429706484634766e+12 1.427030876458467418e-15
9.884499702306363281e+12 1.438199306287514188e-15
9.896584454860064453e+12 1.455664533921540016e-15
9.908683982187267578e+12 1.462153184611874048e-15
9.920798302351560547e+12 1.467278347346460011e-15
9.932927433438601562e+12 1.471167581584566996e-15
9.945071393556175781e+12 1.473990320877697744e-15
9.957230200834201172e+12 1.477212549951144001e-15
9.969403873424757812e+12 1.477959099777683834e-15
9.981592429502121094e+12 1.478363668978579109e-15
9.993795887262792969e+12 1.478604417535247882e-15
1.000601426492550781e+13 1.478784859047790311e-15
1.001824758073128906e+13 1.478930337900554470e-15
1.003049585294344531e+13 1.478930337900554470e-15
1.004275909984763672e+13 1.478930337900554470e-15
1.005503733975185742e+13 1.478930337900554470e-15
1.006733059098649023e+13 1.490470767558316147e-15
1.007963887190434180e+13 1.500298755628496695e-15
1.009196220088064258e+13 1.515210920569722302e-15
1.010430059631308398e+13 1.520500407111757847e-15
1.011665407662187500e+13 1.524512933957206604e-15
1.012902266024972266e+13 1.527424397814490321e-15
1.014140636566188086e+13 1.530747575916517057e-15
1.015380521134619922e+13 1.531517694785587711e-15
1.016621921581311133e+13 1.531935313046528216e-15
1.017864839759568555e+13 1.532184181891622598e-15
1.019109277524966016e+13 1.532370833646719705e-15
1.020355236735344531e+13 1.532521564737235971e-15
1.021602719250816797e+13 1.532521564737235971e-15
1.022851726933770898e+13 1.532521564737235971e-15
1.024102261648870312e+13 1.532521564737235971e-15
1.025354325263058984e+13 1.544443050722923325e-15
1.026607919645562500e+13 1.554593250390929774e-15
1.027863046667893555e+13 1.569987539106779055e-15
1.029119708203851758e+13 1.575444707923694587e-15
1.030377906129526758e+13 1.579582917953471750e-15
1.031637642323304492e+13 1.582584765137712337e-15
1.032898918665864844e+13 1.584663889052311504e-15
1.034161737040187500e+13 1.586804761820331643e-15
1.035426099331556055e+13 1.587235637504201205e-15
1.036692007427557031e+13 1.587492803949742908e-15
1.037959463218085156e+13 1.587685798121614837e-15
1.039228468595346484e+13 1.587841890802166855e-15
1.040499025453859961e+13 1.587841890802166855e-15
1.041771135690460156e+13 1.587841890802166855e-15
1.043044801204302344e+13 1.587841890802166855e-15
1.044320023896861914e+13 1.600153641597145059e-15
1.045596805671939844e+13 1.610633519585174397e-15
1.046875148435665234e+13 1.619386189498534304e-15
1.048155054096496484e+13 1.632148675004905677e-15
1.049436524565225391e+13 1.636414980376042293e-15
1.050719561754981250e+13 1.639508867368694593e-15
1.052004167581230859e+13 1.641651455068984207e-15
1.053290343961782812e+13 1.643857772136153743e-15
1.054578092816791992e+13 1.644302085560448533e-15
1.055867416068759375e+13 1.644567695689330955e-15
1.057158315642536328e+13 1.644767168543372104e-15
1.058450793465328906e+13 1.644891300763253646e-15
1.059744851466697852e+13 1.644928673879887655e-15
1.061040491578563672e+13 1.644928673879887655e-15
1.062337715735209180e+13 1.644928673879887655e-15
1.063636525873281445e+13 1.657639825660998665e-15
1.064936923931794727e+13 1.668456904357935522e-15
1.066238911852135938e+13 1.677488432376369576e-15
1.067542491578063477e+13 1.690649698444751678e-15
1.068847665055712500e+13 1.695046460943528967e-15
1.070154434233599023e+13 1.698233982982739545e-15
1.071462801062619531e+13 1.700441083091120968e-15
1.072772767496056250e+13 1.701870754373859450e-15
1.074084335489580078e+13 1.703171857811806626e-15
1.075397507001252344e+13 1.703445992265997461e-15
1.076712283991527734e+13 1.703652080943853934e-15
1.078028668423259180e+13 1.703780337971875084e-15
1.079346662261698438e+13 1.703819113642370290e-15
1.080666267474500000e+13 1.703819113642370290e-15
1.081987486031723633e+13 1.703819113642370290e-15
1.083310319905839453e+13 1.716938949774654231e-15
1.084634771071727148e+13 1.728100728862592425e-15
1.085960841506681055e+13 1.737417037872728968e-15
1.087288533190414844e+13 1.750984943075236192e-15
1.088617848105060547e+13 1.755514505137187033e-15
1.089948788235173633e+13 1.758797240479031058e-15
1.091281355567737695e+13 1.761069881744838897e-15
1.092615552092163477e+13 1.762541925069633234e-15
1.093951379800294922e+13 1.763881941530560180e-15
1.095288840686411914e+13 1.764164727116028849e-15
1.096627936747231250e+13 1.764377567915865116e-15
1.097968669981910938e+13 1.764510016945570163e-15
1.099311042392054883e+13 1.764550247805551469e-15
1.100655055981711914e+13 1.764550247805551469e-15
1.102000712757382031e+13 1.764550247805551469e-15
1.103348014728019141e+13 1.778087974309329437e-15
1.104696963905031641e+13 1.789601991826131119e-15
1.106047562302288086e+13 1.799209074394310696e-15
1.107399811936119531e+13 1.807030010539242929e-15
1.108753714825321289e+13 1.817856140433419336e-15
1.110109272991156641e+13 1.821235635256045697e-15
1.111466488457361914e+13 1.823574835555864216e-15
1.112825363250145508e+13 1.825089871096219125e-15
1.114185899398193555e+13 1.825983452447375791e-15
1.115548098932674023e+13 1.826760842635716392e-15
1.116911963887236133e+13 1.826980470836452364e-15
1.118277496298016211e+13 1.827117178205324196e-15
1.119644698203640430e+13 1.827158918865747481e-15
1.121013571645227148e+13 1.827158918865747481e-15
1.122384118666389062e+13 1.827158918865747481e-15
1.123756341313239453e+13 1.841123870357816973e-15
1.125130241634391211e+13 1.852997652284191681e-15
1.126505821680962891e+13 1.862901425312438714e-15
1.127883083506581250e+13 1.870960291692945085e-15
1.129262029167382422e+13 1.882108035420276383e-15
1.130642660722016602e+13 1.885585747929217162e-15
1.132024980231652344e+13 1.887992453336587868e-15
1.133408989759976758e+13 1.889551083410539850e-15
1.134794691373200195e+13 1.890470347531251974e-15
1.136182087140058789e+13 1.891270740380388264e-15
1.137571179131820117e+13 1.891497168871107491e-15
1.138961969422281250e+13 1.891638198835939135e-15
1.140354460087775391e+13 1.891681505957224066e-15
1.141748653207176172e+13 1.891681505957224066e-15
1.143144550861896484e+13 1.891681505957224066e-15
1.144542155135894336e+13 1.906082935082455948e-15
1.145941468115677539e+13 1.918323997760685840e-15
1.147342491890302734e+13 1.928530394172819121e-15
1.148745228551380664e+13 1.936831669780131108e-15
1.150149680193081055e+13 1.943364931433022621e-15
1.151555848912132422e+13 1.951883811120344775e-15
1.152963736807826562e+13 1.954358911394914604e-15
1.154373345982023242e+13 1.955961656576030526e-15
1.155784678539150977e+13 1.956906905425467245e-15
1.157197736586210742e+13 1.957730531604936591e-15
1.158612522232780859e+13 1.957963828926484228e-15
1.160029037591017969e+13 1.958109242938255935e-15
1.161447284775660156e+13 1.958154175307195567e-15
1.162867265904033398e+13 1.958154175307195567e-15
1.164288983096050000e+13 1.958154175307195567e-15
1.165712438474214453e+13 1.972835919854187217e-15
1.167137634163628125e+13 1.985371557341651428e-15
1.168564572291987891e+13 1.995881949257283558e-15
1.169993254989592969e+13 2.004430043464939496e-15
1.171423684389348438e+13 2.011153939827381094e-15
1.172855862626764844e+13 2.019915531460391678e-15
1.174289791839964453e+13 2.022459909991422073e-15
1.175725474169684961e+13 2.024107240233562163e-15
1.177162911759278906e+13 2.025078757355831715e-15
1.178602106754720508e+13 2.025607210517790059e-15
1.180043061304608594e+13 2.026166075832637029e-15
1.181485777560167188e+13 2.026315932006844495e-15
1.182930257675250586e+13 2.026362550616409591e-15
1.184376503806348047e+13 2.026362550616409591e-15
1.185824518112583594e+13 2.026362550616409591e-15
1.187274302755721094e+13 2.026362550616409591e-15
1.188725859900168750e+13 2.054221388117669239e-15
1.190179191712979883e+13 2.064936150546707317e-15
1.191634300363857031e+13 2.073698024469481292e-15
1.193091188025155273e+13 2.080615613304122085e-15
1.194549856871887695e+13 2.085842465107169059e-15
1.196010309081724023e+13 2.092237739047970579e-15
1.197472546834996875e+13 2.093930133079407748e-15
1.198936572314706055e+13 2.094928089956838908e-15
1.200402387706518750e+13 2.095470966518916502e-15
1.201869995198774414e+13 2.096046049123262486e-15
1.203339396982489258e+13 2.096200401810197886e-15
1.204810595251357031e+13 2.096248769942327482e-15
1.206283592201753125e+13 2.096248769942327482e-15
1.207758390032739844e+13 2.096248769942327482e-15
1.209234990946066992e+13 2.096248769942327482e-15
1.210713397146175195e+13 2.124728990611780465e-15
1.212193610840202734e+13 2.135695978519720170e-15
1.213675634237984570e+13 2.144658607098327291e-15
1.215159469552056836e+13 2.151718815166848422e-15
1.216645118997663281e+13 2.157081138032726575e-15
1.218132584792753125e+13 2.163650861299662745e-15
1.219621869157988477e+13 2.165388768860554018e-15
1.221112974316747656e+13 2.166413298987115053e-15
1.222605902495125000e+13 2.166970684910113700e-15
1.224100655921936914e+13 2.167307670061850377e-15
1.225597236828727148e+13 2.167720838253399139e-15
1.227095647449764648e+13 2.167771021564903939e-15
1.228595890022050781e+13 2.167771021564903939e-15
1.230097966785324023e+13 2.167771021564903939e-15
1.231601879982058398e+13 2.167771021564903939e-15
1.233107631857470117e+13 2.183490009388487949e-15
1.234615224659521875e+13 2.208103692460853816e-15
1.236124660638923633e+13 2.217242729213856341e-15
1.237635942049136133e+13 2.224460026854285258e-15
1.239149071146377539e+13 2.229917108837421252e-15
1.240664050189622656e+13 2.236632462940738332e-15
1.242180881440607812e+13 2.238416300639891298e-15
1.243699567163836523e+13 2.239467564177433165e-15
1.245220109626579297e+13 2.240039529017900610e-15
1.246742511098877930e+13 2.240385616598196405e-15
1.248266773853552148e+13 2.240810464061702940e-15
1.249792900166198242e+13 2.240862530673388855e-15
1.251320892315194141e+13 2.240862530673388855e-15
1.252850752581706445e+13 2.240862530673388855e-15
1.254382483249687305e+13 2.240862530673388855e-15
1.255916086605883203e+13 2.256932977702963291e-15
1.257451564939834570e+13 2.282091712793729261e-15
1.258988920543884180e+13 2.291433579816329898e-15
1.260528155713174219e+13 2.298793658395730021e-15
1.262069272745653906e+13 2.304348536547566745e-15
1.263612273942083398e+13 2.308371900361125268e-15
1.265157161606033789e+13 2.312974938580048883e-15
1.266703938043892383e+13 2.314053071656930981e-15
1.268252605564868945e+13 2.314639667561527738e-15
1.269803166480993555e+13 2.314994858401345062e-15
1.271355623107123633e+13 2.315263333857343526e-15
1.272909977760948438e+13 2.315485479893997317e-15
1.274466232762988867e+13 2.315485479893997317e-15
1.276024390436602930e+13 2.315485479893997317e-15
1.277584453107991406e+13 2.315485479893997317e-15
1.279146423106196484e+13 2.331937566823381604e-15
1.280710302763108203e+13 2.345940971584635621e-15
1.282276094413469727e+13 2.367181987177433176e-15
1.283843800394876367e+13 2.374671533345759973e-15
1.285413423047781250e+13 2.380338172514507817e-15
1.286984964715501367e+13 2.384395912546145798e-15
1.288558427744216602e+13 2.389025359406015090e-15
1.290133814482974805e+13 2.390130470469322109e-15
1.291711127283698047e+13 2.390731731370411711e-15
1.293290368501181836e+13 2.391096013777419099e-15
1.294871540493100977e+13 2.391371632304511341e-15
1.296454645620014062e+13 2.391600475247695978e-15
1.298039686245364453e+13 2.391600475247695978e-15
1.299626664735484375e+13 2.391600475247695978e-15
1.301215583459601367e+13 2.391600475247695978e-15
1.302806444789837891e+13 2.408421812442912764e-15
1.304399251101216016e+13 2.422727815402262485e-15
1.305994004771664062e+13 2.444391503106821777e-15
1.307590708182015234e+13 2.452026590583923077e-15
1.309189363716013281e+13 2.457748772020152453e-15
1.310789973760319141e+13 2.461890099116134048e-15
1.312392540704508984e+13 2.464699757944151211e-15
1.313997066941080469e+13 2.467639546706493574e-15
1.315603554865458789e+13 2.468255487673060327e-15
1.317212006875995312e+13 2.468628834906715477e-15
1.318822425373974609e+13 2.468911609214157893e-15
1.320434812763616016e+13 2.469147256046586102e-15
1.322049171452080859e+13 2.469147256046586102e-15
1.323665503849470703e+13 2.469147256046586102e-15
1.325283812368833984e+13 2.469147256046586102e-15
1.326904099426172070e+13 2.486326256581819349e-15
1.328526367440436719e+13 2.500949716864636236e-15
1.330150618833538281e+13 2.523036360761187603e-15
1.331776856030349414e+13 2.530791487887054188e-15
1.333405081458705859e+13 2.536612528775922120e-15
1.335035297549411328e+13 2.540769679148049279e-15
1.336667506736243555e+13 2.543677031822783118e-15
1.338301711455953906e+13 2.546608149697527967e-15
1.339937914148272656e+13 2.547238766427369830e-15
1.341576117255914844e+13 2.547621135363619875e-15
1.343216323224580664e+13 2.547911067307661734e-15
1.344858534502959375e+13 2.548093288939562048e-15
1.346502753542736719e+13 2.548153622550195554e-15
1.348148982798593555e+13 2.548153622550195554e-15
1.349797224728211914e+13 2.548153622550195554e-15
1.351447481792280859e+13 2.565721116708439617e-15
1.353099756454495312e+13 2.580644713298334337e-15
1.354754051181562500e+13 2.593071256174314041e-15
1.356410368443207617e+13 2.611025690673349320e-15
1.358068710712173438e+13 2.616935633541968384e-15
1.359729080464225586e+13 2.621153527725701940e-15
1.361391480178158594e+13 2.624018118021609752e-15
1.363055912335795898e+13 2.625933994006778884e-15
1.364722379421994727e+13 2.627666375305887345e-15
1.366390883924652344e+13 2.628057705538029929e-15
1.368061428334706250e+13 2.628354785810010393e-15
1.369734015146138672e+13 2.628541753691690746e-15
1.371408646855983203e+13 2.628604351527151253e-15
1.373085325964324805e+13 2.628604351527151253e-15
1.374764054974304102e+13 2.628604351527151253e-15
1.376444836392124805e+13 2.646549331159002039e-15
1.378127672727052539e+13 2.661769870349708631e-15
1.379812566491420508e+13 2.674441236355968969e-15
1.381499520200635352e+13 2.692692553406742276e-15
1.383188536373177734e+13 2.698652197147827820e-15
1.384879617530607617e+13 2.702945676427894899e-15
1.386572766197566602e+13 2.705896460685322415e-15
1.388267984901786133e+13 2.707785912776697808e-15
1.389965276174085352e+13 2.709598234913540069e-15
1.391664642548377344e+13 2.709998448100161571e-15
1.393366086561675391e+13 2.710302656005292189e-15
1.395069610754092773e+13 2.710494384836881700e-15
1.396775217668847852e+13 2.710559331869940870e-15
1.398482909852270703e+13 2.710559331869940870e-15
1.400192689853802344e+13 2.710559331869940870e-15
1.401904560226000781e+13 2.728862134538979770e-15
1.403618523524546484e+13 2.744390296122182599e-15
1.405334582308243359e+13 2.757266629487083576e-15
1.407052739139022266e+13 2.767681571166130629e-15
1.408772996581949609e+13 2.781853904276516059e-15
1.410495357205225391e+13 2.786163192830250025e-15
1.412219823580189258e+13 2.789155999367899637e-15
1.413946398281326562e+13 2.791141320321873777e-15
1.415675083886268750e+13 2.792995800990316054e-15
1.417405882975797852e+13 2.793404498076620611e-15
1.419138798133853906e+13 2.793715801410483626e-15
1.420873831947533594e+13 2.793912300441940049e-15
1.422610987007096680e+13 2.793979684834262445e-15
1.424350265905972266e+13 2.793979684834262445e-15
1.426091671240757031e+13 2.793979684834262445e-15
1.427835205611223438e+13 2.812662335524069297e-15
1.429580871620323828e+13 2.828473473558071279e-15
1.431328671874190820e+13 2.841577124738483580e-15
1.433078608982143750e+13 2.852139000456485425e-15
1.434830685556693555e+13 2.866451004381080720e-15
1.436584904213543555e+13 2.870878718865474499e-15
1.438341267571594922e+13 2.873913034822046823e-15
1.440099778252952734e+13 2.875889748770927812e-15
1.441860438882925781e+13 2.877079194800960878e-15
1.443623252090032422e+13 2.878169353229744561e-15
1.445388220506007227e+13 2.878487708261440868e-15
1.447155346765799414e+13 2.878688981375577022e-15
1.448924633507580078e+13 2.878758894597394251e-15
1.450696083372748242e+13 2.878758894597394251e-15
1.452469699005929688e+13 2.878758894597394251e-15
1.454245483054983398e+13 2.897806707499754514e-15
1.456023438171008398e+13 2.913896526944422729e-15
1.457803567008341797e+13 2.927222739404593195e-15
1.459585872224567578e+13 2.937925589560417517e-15
1.461370356480517773e+13 2.946250797091037502e-15
1.463157022440279492e+13 2.956900280491576242e-15
1.464945872771195117e+13 2.960007808283306291e-15
1.466736910143867773e+13 2.962056762737257063e-15
1.468530137232168164e+13 2.963285587619630838e-15
1.470325556713233789e+13 2.964390445974529135e-15
1.472123171267474805e+13 2.964715797546738579e-15
1.473922983578581641e+13 2.964921843417407496e-15
1.475724996333522461e+13 2.964994380371684522e-15
1.477529212222550977e+13 2.964994380371684522e-15
1.479335633939212500e+13 2.964994380371684522e-15
1.481144264180342383e+13 2.984383158354780109e-15
1.482955105646074219e+13 3.000766444330544923e-15
1.484768161039844336e+13 3.014266497543268044e-15
1.486583433068391992e+13 3.025151019046380441e-15
1.488400924441766016e+13 3.033556535740032946e-15
1.490220637873330664e+13 3.044390458611817079e-15
1.492042576079765234e+13 3.047529466439044145e-15
1.493866741781070312e+13 3.049588857019215437e-15
1.495693137700574414e+13 3.050826581588125841e-15
1.497521766564933398e+13 3.051515284006781516e-15
1.499352631104136523e+13 3.052274380348376552e-15
1.501185734051512891e+13 3.052485192681262590e-15
1.503021078143731250e+13 3.052560451832521087e-15
1.504858666120806445e+13 3.052560451832521087e-15
1.506698500726105078e+13 3.052560451832521087e-15
1.508540584706345703e+13 3.052560451832521087e-15
1.510384920811605078e+13 3.088927728655893724e-15
1.512231511795324219e+13 3.102652605323506298e-15
1.514080360414308594e+13 3.113621700371065168e-15
1.515931469428733789e+13 3.122182247433948057e-15
1.517784841602152344e+13 3.133100938105280941e-15
1.519640479701493555e+13 3.136299929698896639e-15
1.521498386497068750e+13 3.138396171287750915e-15
1.523358564762579492e+13 3.139645669031845643e-15
1.525221017275115625e+13 3.140338009912959482e-15
1.527085746815161914e+13 3.141105041192184957e-15
1.528952756166605664e+13 3.141320609055909237e-15
1.530822048116735156e+13 3.141398692563890205e-15
1.532693625456246680e+13 3.141398692563890205e-15
1.534567490979248242e+13 3.141398692563890205e-15
1.536443647483265820e+13 3.141398692563890205e-15
1.538322097769243750e+13 3.178362695341774133e-15
1.540202844641550586e+13 3.192251381243747195e-15
1.542085890907985156e+13 3.203439454490866750e-15
1.543971239379778125e+13 3.212039952219820701e-15
1.545858892871596289e+13 3.218505909510378351e-15
1.547748854201549805e+13 3.226415349868843320e-15
1.549641126191192383e+13 3.228525968563687778e-15
1.551535711665527148e+13 3.229780492086427547e-15
1.553432613453013477e+13 3.230474935365909691e-15
1.555331834385566406e+13 3.230909154665767947e-15
1.557233377298563281e+13 3.231468817003335782e-15
1.559137245030850391e+13 3.231549830861673805e-15
1.561043440424742188e+13 3.231549830861673805e-15
1.562951966326028516e+13 3.231549830861673805e-15
1.564862825583980469e+13 3.231549830861673805e-15
1.566776021051350391e+13 3.251942962275999399e-15
1.568691555584378711e+13 3.283158372511149941e-15
1.570609432042799805e+13 3.294384952304408639e-15
1.572529653289841797e+13 3.303164125537823142e-15
1.574452222192234375e+13 3.309682908925481162e-15
1.576377141620213477e+13 3.317617590292655266e-15
1.578304414447522070e+13 3.319738554302933361e-15
1.580234043551416797e+13 3.320993854502849255e-15
1.582166031812674219e+13 3.321687225109300475e-15
1.584100382115590430e+13 3.322121530072921664e-15
1.586037097347988086e+13 3.322687960684342685e-15
1.587976180401222852e+13 3.322772014864443114e-15
1.589917634170182617e+13 3.322772014864443114e-15
1.591861461553295117e+13 3.322772014864443114e-15
1.593807665452533594e+13 3.322772014864443114e-15
1.595756248773416797e+13 3.343516566658086396e-15
1.597707214425016406e+13 3.375142643882393314e-15
1.599660565319962500e+13 3.386545220673780150e-15
1.601616304374443750e+13 3.395349009632204274e-15
1.603574434508214648e+13 3.401965963603827304e-15
1.605534958644601367e+13 3.406718581390416773e-15
1.607497879710501562e+13 3.412121114555168546e-15
1.609463200636392383e+13 3.413373320789667397e-15
1.611430924356333398e+13 3.414063070133734350e-15
1.613401053807972461e+13 3.414495116190033613e-15
1.615373591932548047e+13 3.415061121542962741e-15
1.617348541674893555e+13 3.415148330143284940e-15
1.619325905983445703e+13 3.415148330143284940e-15
1.621305687810243555e+13 3.415148330143284940e-15
1.623287890110934570e+13 3.415148330143284940e-15
1.625272515844783008e+13 3.436137446314977019e-15
1.627259567974668555e+13 3.453778897136459455e-15
1.629249049467092969e+13 3.479726844348802836e-15
1.631240963292187305e+13 3.488695835813812605e-15
1.633235312423712305e+13 3.495357227192653253e-15
1.635232099839063086e+13 3.500129244341232984e-15
1.637231328519278125e+13 3.505535712033087574e-15
1.639233001449038281e+13 3.506780562815837480e-15
1.641237121616672852e+13 3.507464139582171979e-15
1.643243692014167188e+13 3.507892431232798541e-15
1.645252715637163086e+13 3.508228484731645780e-15
1.647264195484963086e+13 3.508541503525009709e-15
1.649278134560540820e+13 3.508541503525009709e-15
1.651294535870538477e+13 3.508541503525009709e-15
1.653313402425272852e+13 3.508541503525009709e-15
1.655334737238745703e+13 3.529847938714773548e-15
1.657358543328639258e+13 3.547623411181579555e-15
1.659384823716326758e+13 3.573913001665959827e-15
1.661413581426877148e+13 3.582909588536870246e-15
1.663444819489054492e+13 3.589629454274386821e-15
1.665478540935327344e+13 3.594423596999006551e-15
1.667514748801873438e+13 3.597707196524792746e-15
1.669553446128579492e+13 3.601049034878443424e-15
1.671594635959050391e+13 3.601721407087391651e-15
1.673638321340613281e+13 3.602142273666833136e-15
1.675684505324318164e+13 3.602473607578106779e-15
1.677733190964946875e+13 3.602784731409069342e-15
1.679784381321017188e+13 3.602784731409069342e-15
1.681838079454783594e+13 3.602784731409069342e-15
1.683894288432244922e+13 3.602784731409069342e-15
1.685953011323151758e+13 3.624386136208020192e-15
1.688014251201004297e+13 3.642424008268459581e-15
1.690078011143059961e+13 3.668945275020659333e-15
1.692144294230341797e+13 3.678058017171568428e-15
1.694213103547637500e+13 3.684811052684159798e-15
1.696284442183505859e+13 3.689608402569890223e-15
1.698358313230281445e+13 3.692880547245434257e-15
1.700434719784082617e+13 3.696187321030897141e-15
1.702513664944809766e+13 3.696844890032840519e-15
1.704595151816153320e+13 3.697252861889999651e-15
1.706679183505600781e+13 3.697574234956156567e-15
1.708765763124436914e+13 3.697785046622491033e-15
1.710854893787749414e+13 3.697882446703080882e-15
1.712946578614437695e+13 3.697882446703080882e-15
1.715040820727211523e+13 3.697882446703080882e-15
1.717137623252598242e+13 3.719717046816174902e-15
1.719236989320950977e+13 3.737961607366599487e-15
1.721338922066446289e+13 3.752920888378639281e-15
1.723443424627093945e+13 3.773937681990361115e-15
1.725550500144741797e+13 3.780699246807804354e-15
1.727660151765076758e+13 3.785486668558616738e-15
1.729772382637631250e+13 3.788736897839911759e-15
1.731887195915791406e+13 3.790804430562137527e-15
1.734004594756795508e+13 3.792634257814741186e-15
1.736124582321742773e+13 3.793026774457445742e-15
1.738247161775598633e+13 3.793329412811884204e-15
1.740372336287196484e+13 3.793532787058800179e-15
1.742500109029242969e+13 3.793633842410116178e-15
1.744630483178326562e+13 3.793633842410116178e-15
1.746763461914917578e+13 3.793633842410116178e-15
1.748899048423373828e+13 3.815797216250979477e-15
1.751037245891949023e+13 3.834222184943174220e-15
1.753178057512792969e+13 3.849246118164628220e-15
1.755321486481957031e+13 3.870424090931839914e-15
1.757467535999403516e+13 3.877186939756505417e-15
1.759616209269003906e+13 3.881951245189084114e-15
1.761767509498547656e+13 3.885168594895172453e-15
1.763921439899746875e+13 3.887201590742956543e-15
1.766078003688239844e+13 3.888974937539044732e-15
1.768237204083594531e+13 3.889349480160205104e-15
1.770399044309318750e+13 3.889630547964922628e-15
1.772563527592858203e+13 3.889814421547436638e-15
1.774730657165604688e+13 3.889919269345997275e-15
1.776900436262903516e+13 3.889919269345997275e-15
1.779072868124051953e+13 3.889919269345997275e-15
1.781247955992310156e+13 3.912252950869260702e-15
1.783425703114901172e+13 3.930905685677933453e-15
1.785606112743021094e+13 3.946120174969080087e-15
1.787789188131839062e+13 3.958171656727864012e-15
1.789974932540502734e+13 3.974119005640101616e-15
1.792163349232147266e+13 3.978846744784883302e-15
1.794354441473895703e+13 3.982020326475395416e-15
1.796548212536864453e+13 3.984010586032083011e-15
1.798744665696172266e+13 3.985713617927827247e-15
1.800943804230939062e+13 3.986063750292210690e-15
1.803145631424294141e+13 3.986320800330672655e-15
1.805350150563383594e+13 3.986461894442082217e-15
1.807557364939368750e+13 3.986570677012424686e-15
1.809767277847435156e+13 3.986570677012424686e-15
1.811979892586800781e+13 3.986570677012424686e-15
1.814195212460712891e+13 4.009237511280304780e-15
1.816413240776458203e+13 4.028023465500645537e-15
1.818633980845369922e+13 4.043296267988843229e-15
1.820857435982825781e+13 4.055367471797164699e-15
1.823083609508257812e+13 4.071270451521254659e-15
1.825312504745158984e+13 4.075945872856619413e-15
1.827544125021082422e+13 4.079062038351793556e-15
1.829778473667650000e+13 4.080999222532874587e-15
1.832015554020559766e+13 4.082075392703856549e-15
1.834255369419583984e+13 4.082933538388245564e-15
1.836497923208578906e+13 4.083164531397338354e-15
1.838743218735492578e+13 4.083259483180176882e-15
1.840991259352362109e+13 4.083372348188052270e-15
1.843242048415323828e+13 4.083372348188052270e-15
1.845495589284618750e+13 4.083372348188052270e-15
1.847751885324594141e+13 4.106171289420413625e-15
1.850010939903711719e+13 4.125147365130324622e-15
1.852272756394551953e+13 4.140531405429829005e-15
1.854537338173817188e+13 4.152630596678687017e-15
1.856804688622337891e+13 4.161797316293146936e-15
1.859074811125080469e+13 4.173055436225327433e-15
1.861347709071147266e+13 4.176100915868182437e-15
1.863623385853784375e+13 4.177972482152141009e-15
1.865901844870388281e+13 4.178993454425792742e-15
1.868183089522507422e+13 4.179767848796267746e-15
1.870467123215848828e+13 4.179971227487006016e-15
1.872753949360283984e+13 4.180019741768905088e-15
1.875043571369854297e+13 4.180136842421727146e-15
1.877335992662773047e+13 4.180136842421727146e-15
1.879631216661433203e+13 4.180136842421727146e-15
1.881929246792414453e+13 4.203227262613725704e-15
1.884230086486481641e+13 4.222304574524429645e-15
1.886533739178596484e+13 4.237725587703263364e-15
1.888840208307921094e+13 4.249811748931054825e-15
1.891149497317819922e+13 4.258925876693598296e-15
1.893461609655868359e+13 4.270024443597708136e-15
1.895776548773858203e+13 4.272986208116198513e-15
1.898094318127799609e+13 4.274782049446755321e-15
1.900414921177926953e+13 4.275736307929398891e-15
1.902738361388709375e+13 4.276193305798989060e-15
1.905064642228847266e+13 4.276556528084724658e-15
1.907393767171282812e+13 4.276561270569719275e-15
1.909725739693206641e+13 4.274977417837300327e-15
1.912060563276057422e+13 4.274977417837300327e-15
1.914398241405532422e+13 4.274977417837300327e-15
1.916738777571589453e+13 4.274977417837300327e-15
1.919082175268454297e+13 4.317369524789680482e-15
1.921428437994621484e+13 4.332816618583034518e-15
1.923777569252867969e+13 4.344862967160985468e-15
1.926129572550248828e+13 4.353900038028117527e-15
1.928484451398108203e+13 4.364797296471420378e-15
1.930842209312084766e+13 4.367658679125882064e-15
1.933202849812113281e+13 4.369368485833627693e-15
1.935566376422431641e+13 4.370248318997121795e-15
1.937932792671589453e+13 4.370636503148310147e-15
1.940302102092447656e+13 4.370853222954197146e-15
1.942674308222186328e+13 4.370819836034126758e-15
1.945049414602312500e+13 4.369166268476721265e-15
1.947427424778660547e+13 4.369166268476721265e-15
1.949808342301400391e+13 4.369166268476721265e-15
1.952192170725044922e+13 4.369166268476721265e-15
1.954578913608449219e+13 4.411825105869707944e-15
1.956968574514819922e+13 4.427258880733187327e-15
1.959361157011723438e+13 4.439237399363295773e-15
1.961756664671084375e+13 4.448172724555645066e-15
1.964155101069194531e+13 4.454531934469523260e-15
1.966556469786720703e+13 4.461571826483725983e-15
1.968960774408705078e+13 4.463179025838291184e-15
1.971368018524573438e+13 4.463976879744784745e-15
1.973778205728139062e+13 4.464287200266172243e-15
1.976191339617612109e+13 4.464410571844462699e-15
1.978607423795598047e+13 4.462513347829153593e-15
1.981026461869108594e+13 4.462513347829153593e-15
1.983448457449566797e+13 4.462513347829153593e-15
1.985873414152809375e+13 4.462513347829153593e-15
1.988301335599091797e+13 4.462513347829153593e-15
1.990732225413101562e+13 4.486004340852638664e-15
1.993166087223951562e+13 4.520661105927403199e-15
1.995602924665193359e+13 4.532541348810754951e-15
1.998042741374824219e+13 4.541347222620689835e-15
2.000485540995284766e+13 4.547563893186771824e-15
2.002931327173470703e+13 4.554328680801607549e-15
2.005380103560737500e+13 4.555815682624299561e-15
2.007831873812903125e+13 4.556524240779068144e-15
2.010286641590253906e+13 4.556751489480581901e-15
2.012744410557556250e+13 4.556823320883154192e-15
2.015205184384051953e+13 4.554744219700456461e-15
2.017668966743469922e+13 4.554744219700456461e-15
2.020135761314032812e+13 4.554744219700456461e-15
2.022605571778458594e+13 4.554744219700456461e-15
2.025078401823966406e+13 4.554744219700456461e-15
2.027554255142286719e+13 4.578330952978857318e-15
2.030033135429660938e+13 4.612899251936387491e-15
2.032515046386849219e+13 4.624649527238347859e-15
2.034999991719139062e+13 4.633296977547423875e-15
2.037487975136344922e+13 4.639344118500617022e-15
2.039979000352817578e+13 4.643333692666142177e-15
2.042473071087450781e+13 4.647148363276735017e-15
2.044970191063683594e+13 4.647741444306821416e-15
2.047470364009506250e+13 4.647882002605434551e-15
2.049973593657469531e+13 4.647883648033616911e-15
2.052479883744685156e+13 4.645593133717735833e-15
2.054989238012833984e+13 4.645593133717735833e-15
2.057501660208174609e+13 4.645593133717735833e-15
2.060017154081541797e+13 4.645593133717735833e-15
2.062535723388356641e+13 4.645593133717735833e-15
2.065057371888635156e+13 4.669209179248382152e-15
2.067582103346986719e+13 4.703609707269794194e-15
2.070109921532623828e+13 4.715197154876789689e-15
2.072640830219367188e+13 4.723657104866058965e-15
2.075174833185653906e+13 4.729509428547482953e-15
2.077711934214537500e+13 4.733309236402911548e-15
2.080252137093697266e+13 4.736807552946139297e-15
2.082795445615445312e+13 4.737260589518997467e-15
2.085341863576727734e+13 4.737312701107278265e-15
2.087891394779132812e+13 4.737051787618122459e-15
2.090444043028899609e+13 4.734865086567041088e-15
2.092999812136917578e+13 4.734638430091344022e-15
2.095558705918735938e+13 4.734638430091344022e-15
2.098120728194570312e+13 4.734638430091344022e-15
2.100685882789305469e+13 4.734638430091344022e-15
2.103254173532501562e+13 4.758244906781181355e-15
2.105825604258404297e+13 4.777362095297765416e-15
2.108400178805943359e+13 4.803784715862797753e-15
2.110977901018742578e+13 4.812024232948457240e-15
2.113558774745128516e+13 4.817655565006773439e-15
2.116142803838128125e+13 4.821243841962335997e-15
2.118729992155480078e+13 4.823333020116052950e-15
2.121320343559642188e+13 4.824692403102917587e-15
2.123913861917791797e+13 4.824656363777098804e-15
2.126510551101833984e+13 4.824139070134842856e-15
2.129110414988410938e+13 4.823735688044937375e-15
2.131713457458901172e+13 4.823520646726374578e-15
2.134319682399428125e+13 4.823520646726374578e-15
2.136929093700869922e+13 4.823520646726374578e-15
2.139541695258858594e+13 4.823520646726374578e-15
2.142157490973789062e+13 4.847070186214433277e-15
2.144776484750828125e+13 4.866052122244498473e-15
2.147398680499912891e+13 4.892042313397664239e-15
2.150024082135761328e+13 4.900026208574358700e-15
2.152652693577881641e+13 4.905403228909401184e-15
2.155284518750569141e+13 4.908757911554198073e-15
2.157919561582918359e+13 4.910629978834677993e-15
2.160557826008829688e+13 4.911666856200377464e-15
2.163199315967010938e+13 4.911545102542418235e-15
2.165844035400983984e+13 4.908952158409669657e-15
2.168491988259096875e+13 4.908555133955897153e-15
2.171143178494520312e+13 4.908362111401991568e-15
2.173797610065259766e+13 4.908362111401991568e-15
2.176455286934159375e+13 4.908362111401991568e-15
2.179116213068909766e+13 4.908362111401991568e-15
2.181780392442050781e+13 4.931807056480926706e-15
2.184447829030978516e+13 4.950608129626570342e-15
2.187118526817954297e+13 4.965209875600075543e-15
2.189792489790106641e+13 4.983780007654121626e-15
2.192469721939437109e+13 4.988870580077129339e-15
2.195150227262831641e+13 4.991964173280365271e-15
2.197834009762060156e+13 4.993601764283189120e-15
2.200521073443784375e+13 4.994256398248002921e-15
2.203211422319567188e+13 4.992087376258045305e-15
2.205905060405875000e+13 4.991401754658294143e-15
2.208601991724082031e+13 4.991033328606261418e-15
2.211302220300483984e+13 4.990870361501507312e-15
2.214005750166295312e+13 4.990870361501507312e-15
2.216712585357658594e+13 4.990870361501507312e-15
2.219422729915655859e+13 4.990870361501507312e-15
2.222136187886304688e+13 5.014159763226074534e-15
2.224852963320569531e+13 5.032730954201893508e-15
2.227573060274372266e+13 5.047047789371435081e-15
2.230296482808587891e+13 5.064975005684233326e-15
2.233023234989058984e+13 5.069749684393231908e-15
2.235753320886600000e+13 5.072541805608957089e-15
2.238486744577000000e+13 5.073928600801452161e-15
2.241223510141030859e+13 5.074328991968321501e-15
2.243963621664457812e+13 5.071846745342162464e-15
2.246707083238036719e+13 5.071287880629377687e-15
2.249453898957525391e+13 5.070963632480580221e-15
2.252204072923692188e+13 5.070835222571900579e-15
2.254957609242316016e+13 5.070835222571900579e-15
2.257714512024195312e+13 5.070835222571900579e-15
2.260474785385158203e+13 5.070835222571900579e-15
2.263238433446060156e+13 5.093916503958595914e-15
2.266005460332796484e+13 5.112208051402897467e-15
2.268775870176308594e+13 5.126193498095514589e-15
2.271549667112586328e+13 5.136386474577248328e-15
2.274326855282675391e+13 5.147818510493453371e-15
2.277107438832687500e+13 5.150283262360364862e-15
2.279891421913801172e+13 5.151404316904284253e-15
2.282678808682269922e+13 5.151543828769863111e-15
2.285469603299428125e+13 5.148698540505421300e-15
2.288263809931700781e+13 5.148283459003198789e-15
2.291061432750605078e+13 5.148009206736589672e-15
2.293862475932755469e+13 5.147914404632499347e-15
2.296666943659878516e+13 5.147914404632499347e-15
2.299474840118808594e+13 5.147914404632499347e-15
2.302286169501499219e+13 5.147914404632499347e-15
2.305100936005032812e+13 5.170730019290704696e-15
2.307919143831619922e+13 5.188687905339773329e-15
2.310740797188607031e+13 5.202293688763162046e-15
2.313565900288489453e+13 5.212079816152484086e-15
2.316394457348908984e+13 5.222725203749019290e-15
2.319226472592663672e+13 5.224839298520197958e-15
2.322061950247717969e+13 5.225681355532039248e-15
2.324900894547202344e+13 5.225564624132408815e-15
2.327743309729421484e+13 5.222989650712688653e-15
2.330589200037866406e+13 5.222055388043261624e-15
2.333438569721212500e+13 5.221818933947207054e-15
2.336291423033328516e+13 5.221744987624247775e-15
2.339147764233289453e+13 5.221744987624247775e-15
2.342007597585372266e+13 5.221744987624247775e-15
2.344870927359068359e+13 5.221744987624247775e-15
2.347737757829091797e+13 5.244235222425043095e-15
2.350608093275379688e+13 5.261801394640693750e-15
2.353481937983101953e+13 5.274971658465373957e-15
2.356359296242671094e+13 5.284306449222768405e-15
2.359240172349741016e+13 5.290450651768419164e-15
2.362124570605217578e+13 5.295812995214580240e-15
2.365012495315269141e+13 5.296279223529251170e-15
2.367903950791325000e+13 5.293775587567019466e-15
2.370798941350084375e+13 5.293063109201044337e-15
2.373697471313529688e+13 5.292065699959234045e-15
2.376599545008922266e+13 5.291839556465140020e-15
2.379505166768813672e+13 5.291772970181482833e-15
2.382414340931058203e+13 5.291772970181482833e-15
2.385327071838807812e+13 5.291772970181482833e-15
2.388243363840525000e+13 5.291772970181482833e-15
2.391163221289992578e+13 5.313876435640942513e-15
2.394086648546312109e+13 5.330993456348734860e-15
2.397013649973916016e+13 5.343673198618171809e-15
2.399944229942573828e+13 5.352501156562314462e-15
2.402878392827396484e+13 5.358158455196307013e-15
2.405816143008843359e+13 5.362655415298733235e-15
2.408757484872728516e+13 5.362604470691868872e-15
2.411702422810232812e+13 5.359784271959637493e-15
2.414650961217900391e+13 5.358957497418932581e-15
2.417603104497651953e+13 5.358308622338810418e-15
2.420558857056792969e+13 5.357700733404282827e-15
2.423518223308013672e+13 5.357641573020755617e-15
2.426481207669399609e+13 5.357641573020755617e-15
2.429447814564441016e+13 5.357641573020755617e-15
2.432418048422033203e+13 5.357641573020755617e-15
2.435391913676485547e+13 5.357641573020755617e-15
2.438369414767532422e+13 5.395898442395293567e-15
2.441350556140333594e+13 5.408033591378709346e-15
2.444335342245482812e+13 5.416299030278994318e-15
2.447323777539017969e+13 5.421431473593303186e-15
2.450315866482422266e+13 5.425016815539090708e-15
2.453311613542633203e+13 5.424495703500326188e-15
2.456311023192053906e+13 5.423548913093330037e-15
2.459314099908550391e+13 5.422622726813068254e-15
2.462320848175463672e+13 5.421944742957370743e-15
2.465331272481621484e+13 5.421355266079303976e-15
2.468345377321332812e+13 5.421303003741547758e-15
2.471363167194403906e+13 5.421303003741547758e-15
2.474384646606145312e+13 5.421303003741547758e-15
2.477409820067371875e+13 5.421303003741547758e-15
2.480438692094414062e+13 5.421303003741547758e-15
2.483471267209126172e+13 5.458456485762676043e-15
2.486507549938888672e+13 5.469991859211483063e-15
2.489547544816616797e+13 5.477646135952929065e-15
2.492591256380771094e+13 5.482204472183616491e-15
2.495638689175357422e+13 5.484314726572990327e-15
2.498689847749937109e+13 5.481692625219678493e-15
2.501744736659637500e+13 5.480565001169060252e-15
2.504803360465150781e+13 5.479554316033271785e-15
2.507865723732745703e+13 5.478858055729886062e-15
2.510931831034276953e+13 5.478295575695361072e-15
2.514001686947185547e+13 5.478247640802997151e-15
2.517075296054508203e+13 5.478247640802997151e-15
2.520152662944889453e+13 5.478247640802997151e-15
2.523233792212579297e+13 5.478247640802997151e-15
2.526318688457446094e+13 5.478247640802997151e-15
2.529407356284981250e+13 5.498777133590311389e-15
2.532499800306310156e+13 5.525030373640436588e-15
2.535596025138191797e+13 5.532025319250867055e-15
2.538696035403029688e+13 5.535919527713946887e-15
2.541799835728883203e+13 5.537477084368256457e-15
2.544907430749464844e+13 5.534060871560190639e-15
2.548018825104153516e+13 5.532775183311677548e-15
2.551134023438003125e+13 5.531693964723038665e-15
2.554253030401743750e+13 5.530989056341546857e-15
2.557375850651790234e+13 5.530625494226037248e-15
2.560502488850255078e+13 5.530406858047843430e-15
2.563632949664946484e+13 5.530406858047843430e-15
2.566767237769379297e+13 5.530406858047843430e-15
2.569905357842786719e+13 5.530406858047843430e-15
2.573047314570118750e+13 5.530406858047843430e-15
2.576193112642051562e+13 5.550268343100393419e-15
2.579342756755003125e+13 5.575069503750893364e-15
2.582496251611125781e+13 5.581357933091867759e-15
2.585653601918324219e+13 5.584544082056244715e-15
2.588814812390259766e+13 5.585531938825860524e-15
2.591979887746355078e+13 5.582824968236167915e-15
2.595148832711801562e+13 5.579969376916528047e-15
2.598321652017571094e+13 5.578829481751021209e-15
2.601498350400417969e+13 5.578123278604068237e-15
2.604678932602885156e+13 5.577775793278321778e-15
2.607863403373318359e+13 5.577559919569456156e-15
2.611051767465865625e+13 5.577559919569456156e-15
2.614244029640486328e+13 5.577559919569456156e-15
2.617440194662964062e+13 5.577559919569456156e-15
2.620640267304904688e+13 5.577559919569456156e-15
2.623844252343748047e+13 5.596668060983785120e-15
2.627052154562778516e+13 5.619889879373126867e-15
2.630263978751124219e+13 5.625426117040299089e-15
2.633479729703769922e+13 5.627874919868173040e-15
2.636699412221564844e+13 5.625913963381331593e-15
2.639923031111225000e+13 5.624959762673961421e-15
2.643150591185342578e+13 5.621822143103805494e-15
2.646382097262397266e+13 5.620631520708329750e-15
2.649617554166757031e+13 5.619926696761047952e-15
2.652856966728688281e+13 5.619589033321407775e-15
2.656100339784361719e+13 5.619436102914073848e-15
2.659347678175865234e+13 5.619371719283247415e-15
2.662598986751202344e+13 5.619371719283247415e-15
2.665854270364302734e+13 5.619371719283247415e-15
2.669113533875037109e+13 5.619371719283247415e-15
2.672376782149210547e+13 5.637644705461817888e-15
2.675644020058580078e+13 5.650683775342932685e-15
2.678915252480860156e+13 5.663887320335889390e-15
2.682190484299727344e+13 5.665579456163827155e-15
2.685469720404826953e+13 5.662926216293560496e-15
2.688752965691787500e+13 5.661527105905916865e-15
2.692040225062217578e+13 5.659742063924252831e-15
2.695331503423720312e+13 5.656816074476465560e-15
2.698626805689901953e+13 5.656106016260624425e-15
2.701926136780371094e+13 5.655775989274699693e-15
2.705229501620753125e+13 5.655628161429734163e-15
2.708536905142697266e+13 5.655557106462766307e-15
2.711848352283880469e+13 5.655557106462766307e-15
2.715163847988014062e+13 5.655557106462766307e-15
2.718483397204859375e+13 5.655557106462766307e-15
2.721807004890224219e+13 5.672915012854184743e-15
2.725134676005976172e+13 5.685002177360696516e-15
2.728466415520052734e+13 5.696299026623425321e-15
2.731802228406460547e+13 5.694752919277777291e-15
2.735142119645289453e+13 5.693796030831906946e-15
2.738486094222719141e+13 5.691955443345898638e-15
2.741834157131023828e+13 5.689881703498937092e-15
2.745186313368580078e+13 5.686742289547091455e-15
2.748542567939879688e+13 5.686029973103155382e-15
2.751902925855528906e+13 5.685710075626760081e-15
2.755267392132259766e+13 5.685564744183789256e-15
2.758635971792941797e+13 5.685487181672417197e-15
2.762008669866582031e+13 5.685487181672417197e-15
2.765385491388335156e+13 5.685487181672417197e-15
2.768766441399515625e+13 5.685487181672417197e-15
2.772151524947599609e+13 5.701849237164451594e-15
2.775540747086230469e+13 5.712907047542055077e-15
2.778934112875237891e+13 5.719496357931177384e-15
2.782331627380631641e+13 5.719744519173269142e-15
2.785733295674615234e+13 5.718189427024962596e-15
2.789139122835598047e+13 5.715913785042799978e-15
2.792549113948194141e+13 5.713554268735788812e-15
2.795963274103235547e+13 5.710214045717682196e-15
2.799381608397775781e+13 5.709506595821924217e-15
2.802804121935105469e+13 5.709197043121785590e-15
2.806230819824750391e+13 5.709048677305697041e-15
2.809661707182482422e+13 5.708964817564964965e-15
2.813096789130332031e+13 5.708964817564964965e-15
2.816536070796588281e+13 5.708964817564964965e-15
2.819979557315810156e+13 5.708964817564964965e-15
2.823427253828837891e+13 5.724249927170273785e-15
2.826879165482793359e+13 5.734208780296877517e-15
2.830335297431089453e+13 5.739779247690426382e-15
2.833795654833446484e+13 5.740603015921452338e-15
2.837260242855886328e+13 5.738453549877630461e-15
2.840729066670748828e+13 5.735751997703951510e-15
2.844202131456700781e+13 5.733120160569376465e-15
2.847679442398735547e+13 5.730996991436434445e-15
2.851161004688187500e+13 5.728908469718841019e-15
2.854646823522739844e+13 5.728605165498392752e-15
2.858136904106427734e+13 5.728451994809680861e-15
2.861631251649648438e+13 5.728362095402650657e-15
2.865129871369174219e+13 5.728362095402650657e-15
2.868632768488149219e+13 5.728362095402650657e-15
2.872139948236106250e+13 5.728362095402650657e-15
2.875651415848973438e+13 5.742462816884676383e-15
2.879167176569076562e+13 5.751257099913337346e-15
2.882687235645151953e+13 5.755762139800338399e-15
2.886211598332357031e+13 5.753791460669469662e-15
2.889740269892267969e+13 5.749492106865044562e-15
2.893273255592895312e+13 5.746376153840099164e-15
2.896810560708695312e+13 5.743487149573237582e-15
2.900352190520566797e+13 5.741243344881143485e-15
2.903898150315865625e+13 5.739137815679184794e-15
2.907448445388416016e+13 5.738839753010497560e-15
2.911003081038510938e+13 5.738679399739280394e-15
2.914562062572922656e+13 5.738583765756394121e-15
2.918125395304916016e+13 5.738583765756394121e-15
2.921693084554247656e+13 5.738583765756394121e-15
2.925265135647178125e+13 5.738583765756394121e-15
2.928841553916483594e+13 5.751370547209035473e-15
2.932422344701456250e+13 5.758939475438402893e-15
2.936007513347917969e+13 5.762336843802370551e-15
2.939597065208224609e+13 5.761934728238218864e-15
2.943191005641279297e+13 5.756298853113761282e-15
2.946789340012533594e+13 5.752781861683318762e-15
2.950392073693998438e+13 5.749651876242939808e-15
2.953999212064257812e+13 5.747302073885344816e-15
2.957610760508465234e+13 5.745862097486647608e-15
2.961226724418359375e+13 5.744894890385741211e-15
2.964847109192276172e+13 5.744724017342114677e-15
2.968471920235144922e+13 5.744623001194763076e-15
2.972101162958504297e+13 5.744623001194763076e-15
2.975734842780514062e+13 5.744623001194763076e-15
2.979372965125952344e+13 5.744623001194763076e-15
2.983015535426230078e+13 5.756013172486161848e-15
2.986662559119403906e+13 5.762301399103624769e-15
2.990314041650173828e+13 5.759213065098135282e-15
2.993969988469896484e+13 5.757927362823877245e-15
2.997630405036597656e+13 5.750970961308884593e-15
3.001295296814971875e+13 5.747067294181127095e-15
3.004964669276394922e+13 5.743712175163523772e-15
3.008638527898936719e+13 5.741266721317744126e-15
3.012316878167358984e+13 5.739813120244071897e-15
3.015999725573130078e+13 5.738865073521380623e-15
3.019687075614436328e+13 5.738683803936141102e-15
3.023378933796182031e+13 5.738577804627363267e-15
3.027075305630000391e+13 5.738577804627363267e-15
3.030776196634269531e+13 5.738577804627363267e-15
3.034481612334108594e+13 5.738577804627363267e-15
3.038191558261392578e+13 5.748498707581736308e-15
3.041906039954762891e+13 5.750727748475653187e-15
3.045625062959628906e+13 5.751601865496858005e-15
3.049348632828180469e+13 5.749451853223336970e-15
3.053076755119398047e+13 5.745635543325810786e-15
3.056809435399055859e+13 5.736910097717428952e-15
3.060546679239732422e+13 5.733340900402054823e-15
3.064288492220822656e+13 5.730812342713113636e-15
3.068034879928539453e+13 5.729357783006393956e-15
3.071785847955925000e+13 5.728721541260340437e-15
3.075541401902864453e+13 5.728237801480809235e-15
3.079301547376084375e+13 5.728127263320452768e-15
3.083066289989167188e+13 5.728127263320452768e-15
3.086835635362557812e+13 5.728127263320452768e-15
3.090609589123577344e+13 5.728127263320452768e-15
3.094388156906420703e+13 5.728127263320452768e-15
3.098171344352173438e+13 5.737252709710420401e-15
3.101959157108820703e+13 5.736914484400232557e-15
3.105751600831248828e+13 5.733871859420540532e-15
3.109548681181258594e+13 5.729304089809438308e-15
3.113350403827575781e+13 5.719654942753831044e-15
3.117156774445852734e+13 5.715887158023899089e-15
3.120967798718682422e+13 5.713295680824352504e-15
3.124783482335607812e+13 5.711850465505609185e-15
3.128603830993124219e+13 5.711235162584110493e-15
3.132428850394691406e+13 5.710739678036113659e-15
3.136258546250746875e+13 5.710625088773159934e-15
3.140092924278704688e+13 5.710625088773159934e-15
3.143931990202969531e+13 5.710625088773159934e-15
3.147775749754948828e+13 5.710625088773159934e-15
3.151624208673053125e+13 5.710625088773159934e-15
3.155477372702707812e+13 5.716543453135930129e-15
3.159335247596368750e+13 5.714970907102324261e-15
3.163197839113518359e+13 5.710934045462247200e-15
3.167065153020681641e+13 5.705589867341917118e-15
3.170937195091438672e+13 5.700023329253396075e-15
3.174813971106422656e+13 5.691089562791604434e-15
3.178695486853334766e+13 5.688454563643666811e-15
3.182581748126956250e+13 5.687026952494068352e-15
3.186472760729149609e+13 5.686435109183257846e-15
3.190368530468869141e+13 5.685925446488095094e-15
3.194269063162177734e+13 5.685807334839303192e-15
3.198174364632241797e+13 5.685807334839303192e-15
3.202084440709349219e+13 5.685807334839303192e-15
3.205999297230920312e+13 5.685807334839303192e-15
3.209918940041506250e+13 5.685807334839303192e-15
3.213843374992804688e+13 5.688010176406314044e-15
3.217772607943673047e+13 5.685698778601540812e-15
3.221706644760125391e+13 5.680632968720359173e-15
3.225645491315349219e+13 5.674504438168268329e-15
3.229589153489715234e+13 5.668395879273786011e-15
3.233537637170780078e+13 5.658994845647225658e-15
3.237490948253299219e+13 5.656333004803880899e-15
3.241449092639237500e+13 5.654934448628187211e-15
3.245412076237773438e+13 5.654365286080971835e-15
3.249379904965309766e+13 5.654055804204947505e-15
3.253352584745481641e+13 5.653719267653354193e-15
3.257330121509171875e+13 5.653719267653354193e-15
3.261312521194507422e+13 5.653719267653354193e-15
3.265299789746877344e+13 5.653719267653354193e-15
3.269291933118943750e+13 5.653719267653354193e-15
3.273288957270641406e+13 5.657012577928226757e-15
3.277290868169191016e+13 5.651961513561416061e-15
3.281297671789114453e+13 5.645872335309653887e-15
3.285309374112234375e+13 5.638978614151293176e-15
3.289325981127683984e+13 5.632356100174648076e-15
3.293347498831926172e+13 5.626751595492240410e-15
3.297373933228748047e+13 5.619875343423687264e-15
3.301405290329278516e+13 5.618514609829784148e-15
3.305441576152000391e+13 5.617967889601187860e-15
3.309482796722749609e+13 5.617647287219204347e-15
3.313528958074728516e+13 5.617302075085286521e-15
3.317580066248521484e+13 5.617302075085286521e-15
3.321636127292092578e+13 5.617302075085286521e-15
3.325697147260800000e+13 5.617302075085286521e-15
3.329763132217412109e+13 5.617302075085286521e-15
3.333834088232100781e+13 5.618891061938089925e-15
3.337910021382462109e+13 5.611073605334684517e-15
3.341990937753527734e+13 5.603972327126494280e-15
3.346076843437762891e+13 5.596337665315973663e-15
3.350167744535081641e+13 5.589232446269346478e-15
3.354263647152859375e+13 5.583367143369783013e-15
3.358364557405937500e+13 5.576413837126989414e-15
3.362470481416627734e+13 5.575098494638446593e-15
3.366581425314736719e+13 5.574571341015566844e-15
3.370697395237557812e+13 5.574240224459679576e-15
3.374818397329887891e+13 5.574013143426759958e-15
3.378944437744043359e+13 5.573887996543210628e-15
3.383075522639854297e+13 5.573887996543210628e-15
3.387211658184685156e+13 5.573887996543210628e-15
3.391352850553443750e+13 5.573887996543210628e-15
3.395499105928581641e+13 5.573744321692000674e-15
3.399650430500110156e+13 5.569761120307072590e-15
3.403806830465614453e+13 5.555047277730050287e-15
3.407968312030248438e+13 5.546699965686849347e-15
3.412134881406758594e+13 5.539143343865160976e-15
3.416306544815481641e+13 5.533051563525511646e-15
3.420483308484366406e+13 5.526072797352530510e-15
3.424665178648969922e+13 5.524809939739645084e-15
3.428852161552473438e+13 5.524298007350663323e-15
3.433044263445695703e+13 5.523957844003223291e-15
3.437241490587093359e+13 5.523726558786254819e-15
3.441443849242773438e+13 5.523600342995741886e-15
3.445651345686509766e+13 5.523600342995741886e-15
3.449863986199741016e+13 5.523600342995741886e-15
3.454081777071586328e+13 5.523600342995741886e-15
3.458304724598857422e+13 5.521697260989684649e-15
3.462532835086060547e+13 5.516184604280487454e-15
3.466766114845410938e+13 5.499235712742799731e-15
3.471004570196843359e+13 5.490204678532651562e-15
3.475248207468016016e+13 5.482232626012457478e-15
3.479497032994323828e+13 5.475956254729221744e-15
3.483751053118910156e+13 5.471566393044348874e-15
3.488010274192671484e+13 5.467795928680040232e-15
3.492274702574266016e+13 5.467292148513714414e-15
3.496544344630132812e+13 5.466944497612702214e-15
3.500819206734489453e+13 5.466710145546311433e-15
3.505099295269344922e+13 5.466583535759082914e-15
3.509384616624517188e+13 5.466583535759082914e-15
3.513675177197632812e+13 5.466583535759082914e-15
3.517970983394136719e+13 5.466583535759082914e-15
3.522272041627311719e+13 5.462894068546529269e-15
3.526578358318278906e+13 5.455842614693769171e-15
3.530889939896005469e+13 5.446713562704023351e-15
3.535206792797325781e+13 5.427008029731927083e-15
3.539528923466940625e+13 5.418667879128487513e-15
3.543856338357425781e+13 5.412248724660750141e-15
3.548189043929254688e+13 5.407863486921007692e-15
3.552527046650792969e+13 5.404220714460738583e-15
3.556870352998314062e+13 5.403717361210098288e-15
3.561218969456014844e+13 5.403363863322353572e-15
3.565572902516015625e+13 5.403127623050707676e-15
3.569932158678371094e+13 5.403001307520667166e-15
3.574296744451090625e+13 5.403001307520667166e-15
3.578666666350134375e+13 5.403001307520667166e-15
3.583041930899430469e+13 5.403001307520667166e-15
3.587422544630882031e+13 5.397495240642221833e-15
3.591808514084382031e+13 5.388895906048496733e-15
3.596199845807814062e+13 5.378522104313955375e-15
3.600596546357068750e+13 5.357289862115041748e-15
3.604998622296056250e+13 5.348631497442387543e-15
3.609406080196705469e+13 5.342113333938571615e-15
3.613818926638980469e+13 5.337766100898302606e-15
3.618237168210896094e+13 5.335360483324987082e-15
3.622660811508517969e+13 5.333749521158107399e-15
3.627089863135971094e+13 5.333391886118893615e-15
3.631524329705464844e+13 5.333154967778336739e-15
3.635964217837284375e+13 5.333029641554144207e-15
3.640409534159810938e+13 5.333029641554144207e-15
3.644860285309532812e+13 5.333029641554144207e-15
3.649316477931048438e+13 5.333029641554144207e-15
3.653778118677078906e+13 5.325661861404175079e-15
3.658245214208484375e+13 5.315498064055262592e-15
3.662717771194263281e+13 5.303897342679173334e-15
3.667195796311567188e+13 5.292066969589130256e-15
3.671679296245718750e+13 5.272313224104310059e-15
3.676168277690205469e+13 5.265744293094368694e-15
3.680662747346700000e+13 5.261465646445145724e-15
3.685162711925073438e+13 5.259155856798406443e-15
3.689668178143395312e+13 5.257578071205235183e-15
3.694179152727947656e+13 5.257218064573828362e-15
3.698695642413242969e+13 5.256981699071744385e-15
3.703217653942020312e+13 5.256858057011224096e-15
3.707745194065263281e+13 5.256858057011224096e-15
3.712278269542215625e+13 5.256858057011224096e-15
3.716816887140377344e+13 5.256858057011224096e-15
3.721361053635523438e+13 5.247587920091532438e-15
3.725910775811718750e+13 5.235867952923948437e-15
3.730466060461316406e+13 5.223079163185500617e-15
3.735026914384972656e+13 5.210421950383071263e-15
3.739593344391666406e+13 5.189969933870562021e-15
3.744165357298693750e+13 5.183396561006381810e-15
3.748742959931685156e+13 5.179216044504432548e-15
3.753326159124624219e+13 5.177007107331048292e-15
3.757914961719841406e+13 5.175982245118507158e-15
3.762509374568033594e+13 5.175091067273456947e-15
3.767109404528278906e+13 5.174856494749292588e-15
3.771715058468036719e+13 5.174735224166800597e-15
3.776326343263161719e+13 5.174735224166800597e-15
3.780943265797915625e+13 5.174735224166800597e-15
3.785565832964982812e+13 5.174735224166800597e-15
3.790194051665466406e+13 5.163563253593203087e-15
3.794827928808908594e+13 5.150314548498342361e-15
3.799467471313305469e+13 5.136384589370219222e-15
3.804112686105101562e+13 5.122956847546804794e-15
3.808763580119216406e+13 5.101933256934122720e-15
3.813420160299046875e+13 5.095403008482559170e-15
3.818082433596477344e+13 5.091344012514148302e-15
3.822750406971889844e+13 5.089234977978461847e-15
3.827424087394182031e+13 5.088228476514510907e-15
3.832103481840767188e+13 5.087331818975502638e-15
3.836788597297587500e+13 5.087100276548621638e-15
3.841479440759133594e+13 5.086982049575428065e-15
3.846176019228439844e+13 5.086982049575428065e-15
3.850878339717103906e+13 5.086982049575428065e-15
3.855586409245300781e+13 5.086982049575428065e-15
3.860300234841782812e+13 5.073920391908782425e-15
3.865019823543896094e+13 5.059179181223907095e-15
3.869745182397596875e+13 5.044159776723351398e-15
3.874476318457447656e+13 5.030027855665276972e-15
3.879213238786637500e+13 5.017929563547208465e-15
3.883955950456996094e+13 5.002124377614200748e-15
3.888704460548994531e+13 4.998206821245972864e-15
3.893458776151760156e+13 4.996191290022933963e-15
3.898218904363091406e+13 4.995187751796213633e-15
3.902984852289459375e+13 4.994289650701397737e-15
3.907756627046025781e+13 4.994062359628516041e-15
3.912534235756655469e+13 4.993947825375673925e-15
3.917317685553915625e+13 4.993947825375673925e-15
3.922106983579095312e+13 4.993947825375673925e-15
3.926902136982220312e+13 4.993947825375673925e-15
3.931703152922053906e+13 4.993947825375673925e-15
3.936510038566106250e+13 4.962826520367251886e-15
3.941322801090662500e+13 4.946778904095478369e-15
3.946141447680771094e+13 4.932020146840922880e-15
3.950965985530267969e+13 4.919641836538293823e-15
3.955796421841788281e+13 4.903946520758083671e-15
3.960632763826768750e+13 4.900181105331565811e-15
3.965475018705462500e+13 4.898246219500131343e-15
3.970323193706950000e+13 4.897233520503170451e-15
3.975177296069154688e+13 4.896689316774969797e-15
3.980037333038844531e+13 4.896116196409222171e-15
3.984903311871646094e+13 4.896005973030497116e-15
3.989775239832064062e+13 4.896005973030497116e-15
3.994653124193476562e+13 4.896005973030497116e-15
3.999536972238155469e+13 4.896005973030497116e-15
4.004426791257282031e+13 4.896005973030497116e-15
4.009322588550945312e+13 4.861645463609065121e-15
4.014224371428160156e+13 4.844646467198030148e-15
4.019132147206881250e+13 4.829341737558077301e-15
4.024045923214007031e+13 4.816763381781763032e-15
4.028965706785391406e+13 4.807424588318144892e-15
4.033891505265864844e+13 4.797667887035920726e-15
4.038823326009230469e+13 4.795797459588517543e-15
4.043761176378282812e+13 4.794770909986216474e-15
4.048705063744823438e+13 4.794226668627482618e-15
4.053654995489661719e+13 4.793666867001117090e-15
4.058610979002628125e+13 4.793561533759864367e-15
4.063573021682598438e+13 4.793561533759864367e-15
4.068541130937483594e+13 4.793561533759864367e-15
4.073515314184254688e+13 4.793561533759864367e-15
4.078495578848955469e+13 4.793561533759864367e-15
4.083481932366702344e+13 4.756069320390853083e-15
4.088474382181703125e+13 4.738202324372227583e-15
4.093472935747271875e+13 4.722440332315322747e-15
4.098477600525828906e+13 4.709742315847908982e-15
4.103488383988918750e+13 4.700506777286706725e-15
4.108505293617225781e+13 4.691096213461587853e-15
4.113528336900576562e+13 4.689268340169099508e-15
4.118557521337951562e+13 4.688231685302122437e-15
4.123592854437506250e+13 4.687689682107233957e-15
4.128634343716571094e+13 4.687353606484767247e-15
4.133681996701666406e+13 4.687046126819489746e-15
4.138735820928520312e+13 4.687046126819489746e-15
4.143795823942066406e+13 4.687046126819489746e-15
4.148862013296467188e+13 4.687046126819489746e-15
4.153934396555120312e+13 4.687046126819489746e-15
4.159012981290671875e+13 4.666728943474179120e-15
4.164097775085021094e+13 4.627918954629878159e-15
4.169188785529340625e+13 4.611794533995249080e-15
4.174286020224085938e+13 4.599057702521492762e-15
4.179389486779002344e+13 4.589977915827900912e-15
4.184499192813134375e+13 4.584232165499944887e-15
4.189615145954852344e+13 4.579117574200085368e-15
4.194737353841842969e+13 4.578074772985208018e-15
4.199865824121134375e+13 4.577537272765120300e-15
4.205000564449106250e+13 4.577211342625750183e-15
4.210141582491496875e+13 4.576918472332689020e-15
4.215288885923411719e+13 4.576918472332689020e-15
4.220442482429350781e+13 4.576918472332689020e-15
4.225602379703200781e+13 4.576918472332689020e-15
4.230768585448253906e+13 4.576918472332689020e-15
4.235941107377228906e+13 4.554930425046582201e-15
4.241119953212266406e+13 4.514287342376873329e-15
4.246305130684948438e+13 4.497896840796611224e-15
4.251496647536315625e+13 4.485199390438012357e-15
4.256694511516864844e+13 4.476323818750667805e-15
4.261898730386573438e+13 4.470801518769498192e-15
4.267109311914908594e+13 4.465814575808490772e-15
4.272326263880829688e+13 4.464769638170715415e-15
4.277549594072810156e+13 4.464238875194570518e-15
4.282779310288846875e+13 4.463924673294282465e-15
4.288015420336468750e+13 4.463735460221539222e-15
4.293257932032748438e+13 4.463647768186271786e-15
4.298506853204321875e+13 4.463647768186271786e-15
4.303762191687386719e+13 4.463647768186271786e-15
4.309023955327722656e+13 4.463647768186271786e-15
4.314292151980707812e+13 4.440070251383626864e-15
4.319566789511316406e+13 4.417690584703341064e-15
4.324847875794139062e+13 4.381248518003682776e-15
4.330135418713402344e+13 4.368664173180028780e-15
4.335429426162961719e+13 4.360029968880275030e-15
4.340729906046327344e+13 4.354731771598084026e-15
4.346036866276675781e+13 4.349834061140904265e-15
4.351350314776853906e+13 4.348791018011227249e-15
4.356670259479392969e+13 4.348269176078425024e-15
4.361996708326532031e+13 4.347968173119794860e-15
4.367329669270210156e+13 4.347789450163608660e-15
4.372669150272090625e+13 4.347708423948327014e-15
4.378015159303576562e+13 4.347708423948327014e-15
4.383367704345811719e+13 4.347708423948327014e-15
4.388726793389696875e+13 4.347708423948327014e-15
4.394092434435902344e+13 4.322639868376374760e-15
4.399464635494886719e+13 4.299318612369879434e-15
4.404843404586895312e+13 4.262353653643707956e-15
4.410228749741977344e+13 4.249950044925055409e-15
4.415620679000008594e+13 4.241587787772917047e-15
4.421019200410685156e+13 4.236506965449370316e-15
4.426424322033547656e+13 4.233503126657217782e-15
4.431836051937996094e+13 4.230634905727162301e-15
4.437254398203285938e+13 4.230124098104384054e-15
4.442679368918555469e+13 4.229837632479081924e-15
4.448110972182835938e+13 4.229670133050149558e-15
4.453549216105054688e+13 4.229596046139519696e-15
4.458994108804054688e+13 4.229596046139519696e-15
4.464445658408608594e+13 4.229596046139519696e-15
4.469903873057422656e+13 4.229596046139519696e-15
4.475368760899152344e+13 4.203149761931943743e-15
4.480840330092425000e+13 4.179007936581032281e-15
4.486318588805831250e+13 4.158332237116394945e-15
4.491803545217952344e+13 4.129569090092788122e-15
4.497295207517375000e+13 4.121496172104243390e-15
4.502793583902689844e+13 4.116614347541467319e-15
4.508298682582509375e+13 4.113655752139472667e-15
4.513810511775492188e+13 4.110791344890295916e-15
4.519329079710335156e+13 4.110293594362703850e-15
4.524854394625797656e+13 4.110022852360024871e-15
4.530386464770717188e+13 4.109867189016638710e-15
4.535925298404009375e+13 4.109800234411875601e-15
4.541470903794688281e+13 4.109800234411875601e-15
4.547023289221884375e+13 4.109800234411875601e-15
4.552582462974842188e+13 4.109800234411875601e-15
4.558148433352940625e+13 4.082098438552854483e-15
4.563721208665713281e+13 4.057267167112280263e-15
4.569300797232846094e+13 4.036371751047404775e-15
4.574887207384196094e+13 4.008011859346989503e-15
4.580480447459810938e+13 4.000236118125832548e-15
4.586080525809928906e+13 3.995528319358174061e-15
4.591687450794996094e+13 3.992587621619230186e-15
4.597301230785687500e+13 3.990751007937350628e-15
4.602921874162906250e+13 3.989254788574402731e-15
4.608549389317801562e+13 3.989000785213300683e-15
4.614183784651782031e+13 3.988857438765088309e-15
4.619825068576533594e+13 3.988797723876912994e-15
4.625473249514018750e+13 3.988797723876912994e-15
4.631128335896498438e+13 3.988797723876912994e-15
4.636790336166546875e+13 3.988797723876912994e-15
4.642459258777057031e+13 3.959977288051578845e-15
4.648135112191252344e+13 3.934590730352162270e-15
4.653817904882713281e+13 3.913590870326275630e-15
4.659507645335371875e+13 3.885756728433914730e-15
4.665204342043532812e+13 3.878274330819073308e-15
4.670908003511892969e+13 3.873708827919872994e-15
4.676618638255539844e+13 3.870766203431122382e-15
4.682336254799971094e+13 3.868936780427406317e-15
4.688060861681115625e+13 3.867474904778288684e-15
4.693792467445331250e+13 3.867238465338470616e-15
4.699531080649422656e+13 3.867107774868673834e-15
4.705276709860664844e+13 3.867055317032570552e-15
4.711029363656800781e+13 3.867055317032570552e-15
4.716789050626058594e+13 3.867055317032570552e-15
4.722555779367173438e+13 3.867055317032570552e-15
4.728329558489388281e+13 3.837261562702620178e-15
4.734110396612470312e+13 3.811458161939979506e-15
4.739898302366732812e+13 3.790464250694138915e-15
4.745693284393032031e+13 3.774443177478035424e-15
4.751495351342789844e+13 3.756045899635539866e-15
4.757304511878011719e+13 3.751585723955823344e-15
4.763120774671286719e+13 3.748634141096014528e-15
4.768944148405807031e+13 3.746818483748089466e-15
4.774774641775388281e+13 3.745843877901237371e-15
4.780612263484466406e+13 3.745177983234597349e-15
4.786457022248119531e+13 3.745060137028432098e-15
4.792308926792090625e+13 3.745014859563394282e-15
4.798167985852781250e+13 3.745014859563394282e-15
4.804034208177274219e+13 3.745014859563394282e-15
4.809907602523353906e+13 3.745014859563394282e-15
4.815788177659504688e+13 3.714400578386617400e-15
4.821675942364932031e+13 3.688315620410832396e-15
4.827570905429581250e+13 3.667432075231419582e-15
4.833473075654135938e+13 3.651740761071649705e-15
4.839382461850044531e+13 3.633964356513415045e-15
4.845299072839523438e+13 3.629572761590732321e-15
4.851222917455584375e+13 3.626621168554122422e-15
4.857154004542028125e+13 3.624825743929831446e-15
4.863092342953471094e+13 3.623875859091551711e-15
4.869037941555360156e+13 3.623248401780958559e-15
4.874990809223975000e+13 3.623143429008595226e-15
4.880950954846446875e+13 3.623105157618080943e-15
4.886918387320781250e+13 3.623105157618080943e-15
4.892893115555851562e+13 3.623105157618080943e-15
4.898875148471427344e+13 3.623105157618080943e-15
4.904864494998186719e+13 3.591827846297392421e-15
4.910861164077722656e+13 3.565597126538187180e-15
4.916865164662557812e+13 3.544919650330056334e-15
4.922876505716167969e+13 3.529605619650044911e-15
4.928895196212981250e+13 3.519149691955368121e-15
4.934921245138396094e+13 3.508059083007042142e-15
4.940954661488806250e+13 3.505117575230751765e-15
4.946995454271594531e+13 3.503348690870748868e-15
4.953043632505157031e+13 3.502426799593468601e-15
4.959099205218924219e+13 3.501839222596113890e-15
4.965162181453357031e+13 3.501746985350377211e-15
4.971232570259969531e+13 3.501715444441653386e-15
4.977310380701351562e+13 3.501715444441653386e-15
4.983395621851160938e+13 3.501715444441653386e-15
4.989488302794153906e+13 3.501715444441653386e-15
4.995588432626197656e+13 3.501715444441653386e-15
5.001696020454274219e+13 3.443684672237465441e-15
5.007811075396499219e+13 3.423297194915530297e-15
5.013933606582143750e+13 3.408394639978503644e-15
5.020063623151632812e+13 3.398293526056069395e-15
5.026201134256566406e+13 3.387390212305721276e-15
5.032346149059739844e+13 3.384468793753102561e-15
5.038498676735145312e+13 3.382732546091264798e-15
5.044658726467988281e+13 3.381841684829737229e-15
5.050826307454714844e+13 3.381457325053539610e-15
5.057001428903004688e+13 3.381215159121319225e-15
5.063184100031796094e+13 3.381189967169181743e-15
5.069374330071305469e+13 3.381189967169181743e-15
5.075572128263025781e+13 3.381189967169181743e-15
5.081777503859749219e+13 3.381189967169181743e-15
5.087990466125587500e+13 3.381189967169181743e-15
5.094211024335972656e+13 3.322918790801082517e-15
5.100439187777678125e+13 3.302894758317921599e-15
5.106674965748828906e+13 3.288424546257754174e-15
5.112918367558924219e+13 3.278654699663245614e-15
5.119169402528839844e+13 3.272233406843590914e-15
5.125428079990846094e+13 3.264993456699710865e-15
5.131694409288629688e+13 3.263295680084793065e-15
5.137968399777294531e+13 3.262438620606424267e-15
5.144250060823380469e+13 3.262077413574788293e-15
5.150539401804889844e+13 3.261865373294080733e-15
5.156836432111278906e+13 3.261846035326036868e-15
5.163141161143485156e+13 3.261846035326036868e-15
5.169453598313947656e+13 3.261846035326036868e-15
5.175773753046604688e+13 3.261846035326036868e-15
5.182101634776916406e+13 3.261846035326036868e-15
5.188437252951887500e+13 3.203599414757530524e-15
5.194780617030063281e+13 3.183995475523119398e-15
5.201131736481552344e+13 3.169961938093824895e-15
5.207490620788051562e+13 3.160488452070203029e-15
5.213857279442842188e+13 3.154159832076237718e-15
5.220231721950808594e+13 3.146967156316229858e-15
5.226613957828468750e+13 3.145313373199086177e-15
5.233003996603961719e+13 3.144492596079112680e-15
5.239401847817081250e+13 3.144155222482756948e-15
5.245807521019289062e+13 3.144028534603534483e-15
5.252221025773715625e+13 3.143957750656025725e-15
5.258642371655187500e+13 3.143957750656025725e-15
5.265071568250240625e+13 3.143957750656025725e-15
5.271508625157127344e+13 3.143957750656025725e-15
5.277953551985832031e+13 3.143957750656025725e-15
5.284406358358096875e+13 3.111599431492679074e-15
5.290867053907420312e+13 3.066845397045841899e-15
5.297335648279077344e+13 3.053239801959948512e-15
5.303812151130145312e+13 3.044019870772225538e-15
5.310296572129499219e+13 3.037746440858510971e-15
5.316788920957833594e+13 3.030624125172615758e-15
5.323289207307689062e+13 3.029019498006051267e-15
5.329797440883446094e+13 3.028237168537649289e-15
5.336313631401352344e+13 3.027924086503104008e-15
5.342837788589540625e+13 3.027813652927487197e-15
5.349369922188028906e+13 3.027757572507051392e-15
5.355910041948747656e+13 3.027757572507051392e-15
5.362458157635545312e+13 3.027757572507051392e-15
5.369014279024218750e+13 3.027757572507051392e-15
5.375578415902503906e+13 3.027757572507051392e-15
5.382150578070107031e+13 2.995499588067707239e-15
5.388730775338723438e+13 2.951637995492581258e-15
5.395319017532033594e+13 2.938438719698221962e-15
5.401915314485730469e+13 2.929425525153236204e-15
5.408519676047539844e+13 2.923180276130675373e-15
5.415132112077217969e+13 2.918896356909914318e-15
5.421752632446577344e+13 2.914600147141034803e-15
5.428381247039506250e+13 2.913858093928980834e-15
5.435017965751970312e+13 2.913569533487472628e-15
5.441662798492032812e+13 2.913473183019769217e-15
5.448315755179878906e+13 2.913435678619456196e-15
5.454976845747814062e+13 2.913429290595367743e-15
5.461646080140289062e+13 2.913429290595367743e-15
5.468323468313915625e+13 2.913429290595367743e-15
5.475009020237476562e+13 2.913429290595367743e-15
5.481702745891936719e+13 2.881400181268928726e-15
5.488404655270477344e+13 2.856658824519164008e-15
5.495114758378484375e+13 2.825683676161521878e-15
5.501833065233578906e+13 2.816828779591746617e-15
5.508559585865636719e+13 2.810601293419630101e-15
5.515294330316789062e+13 2.806366014886671267e-15
5.522037308641442969e+13 2.802194115914628932e-15
5.528788530906307031e+13 2.801493812327419514e-15
5.535548007190389844e+13 2.801229772013806885e-15
5.542315747585020312e+13 2.801145871450936997e-15
5.549091762193877344e+13 2.801115364252968142e-15
5.555876061132978906e+13 2.801111013621834053e-15
5.562668654530714844e+13 2.801111013621834053e-15
5.569469552527865625e+13 2.801111013621834053e-15
5.576278765277600000e+13 2.801111013621834053e-15
5.583096302945500781e+13 2.769429156382800861e-15
5.589922175709587500e+13 2.745214050851328781e-15
5.596756393760314844e+13 2.715065180589239889e-15
5.603598967300596875e+13 2.706322785949884432e-15
5.610449906545828906e+13 2.700124019642423008e-15
5.617309221723889844e+13 2.695950465427647681e-15
5.624176923075160938e+13 2.693345021870599420e-15
5.631053020852545312e+13 2.691257113715702497e-15
5.637937525321488281e+13 2.691017359069532029e-15
5.644830446759976562e+13 2.690945327125056114e-15
5.651731795458561719e+13 2.690920974660780515e-15
5.658641581720387500e+13 2.690918285258718239e-15
5.665559815861184375e+13 2.690918285258718239e-15
5.672486508209294531e+13 2.690918285258718239e-15
5.679421669105696875e+13 2.690918285258718239e-15
5.686365308904003125e+13 2.659684605315754021e-15
5.693317437970486719e+13 2.636032495356790650e-15
5.700278066684098438e+13 2.618860343997159841e-15
5.707247205436473438e+13 2.597974223849564618e-15
5.714224864631950781e+13 2.591822972186915144e-15
5.721211054687598438e+13 2.587723800080897170e-15
5.728205786033210156e+13 2.585199572953647045e-15
5.735209069111333594e+13 2.583220564750845080e-15
5.742220914377291406e+13 2.583004628200857870e-15
5.749241332299177344e+13 2.582943774258114017e-15
5.756270333357888281e+13 2.582924978274641749e-15
5.763307928047139062e+13 2.582923624668441672e-15
5.770354126873469531e+13 2.582923624668441672e-15
5.777408940356260938e+13 2.582923624668441672e-15
5.784472379027767969e+13 2.582923624668441672e-15
5.791544453433108594e+13 2.552223336579427009e-15
5.798625174130298438e+13 2.529153607157352969e-15
5.805714551690267188e+13 2.512428278882922469e-15
5.812812596696858594e+13 2.491818663965969580e-15
5.819919319746860156e+13 2.485733413549853209e-15
5.827034731450019531e+13 2.481720765510397230e-15
5.834158842429048438e+13 2.479284324923975836e-15
5.841291663319647656e+13 2.477987256576091986e-15
5.848433204770527344e+13 2.477224451119232339e-15
5.855583477443410156e+13 2.477173959285981934e-15
5.862742492013052344e+13 2.477160040054381110e-15
5.869910259167269531e+13 2.477159634739446610e-15
5.877086789606936719e+13 2.477159634739446610e-15
5.884272094046011719e+13 2.477159634739446610e-15
5.891466183211558594e+13 2.477159634739446610e-15
5.898669067843748438e+13 2.447061510610020708e-15
5.905880758695882812e+13 2.424578201380646188e-15
5.913101266534420312e+13 2.408257298482238622e-15
5.920330602138971875e+13 2.387865360730401514e-15
5.927568776302332031e+13 2.381864153558903826e-15
5.934815799830485938e+13 2.377949568256865885e-15
5.942071683542641406e+13 2.375606725308273194e-15
5.949336438271221875e+13 2.374379850620040497e-15
5.956610074861896094e+13 2.373683039537605031e-15
5.963892604173603906e+13 2.373641962538961537e-15
5.971184037078548438e+13 2.373632135257470283e-15
5.978484384462225000e+13 2.373632123815242040e-15
5.985793657223450781e+13 2.373632123815242040e-15
5.993111866274354688e+13 2.373632123815242040e-15
6.000439022540408594e+13 2.373632123815242040e-15
6.007775136960451562e+13 2.344185477553212180e-15
6.015120220486683594e+13 2.322276502819363414e-15
6.022474284084700000e+13 2.306310100603847958e-15
6.029837338733508594e+13 2.294624415309682134e-15
6.037209395425530469e+13 2.280204942012763368e-15
6.044590465166628125e+13 2.276399270843537452e-15
6.051980558976128125e+13 2.274154994300080769e-15
6.059379687886819531e+13 2.272999816483428961e-15
6.066787862944980469e+13 2.272367315338655200e-15
6.074205095210403125e+13 2.272334544049801220e-15
6.081631395756392188e+13 2.272327792679332134e-15
6.089066775669790625e+13 2.272327792679332134e-15
6.096511246051005469e+13 2.272327792679332134e-15
6.103964818014007031e+13 2.272327792679332134e-15
6.111427502686350000e+13 2.272327792679332134e-15
6.118899311209206250e+13 2.243563896749798213e-15
6.126380254737359375e+13 2.222202670348463934e-15
6.133870344439228125e+13 2.206535716666280657e-15
6.141369591496896875e+13 2.194942189146503506e-15
6.148878007106112500e+13 2.180723089604114789e-15
6.156395602476307812e+13 2.177036417057934798e-15
6.163922388830632031e+13 2.174894713283377203e-15
6.171458377405944531e+13 2.173812053466825303e-15
6.179003579452842188e+13 2.173371543573278562e-15
6.186558006235688281e+13 2.173215527086177627e-15
6.194121669032607812e+13 2.173210975908914775e-15
6.201694579135513281e+13 2.173210975908914775e-15
6.209276747850133594e+13 2.173210975908914775e-15
6.216868186496010156e+13 2.173210975908914775e-15
6.224468906406525000e+13 2.173210975908914775e-15
6.232078918928914844e+13 2.145144239206455639e-15
6.239698235424300000e+13 2.124292009224767934e-15
6.247326867267679688e+13 2.108867920067611167e-15
6.254964825847960156e+13 2.097344904355683836e-15
6.262612122567980469e+13 2.089013360407015333e-15
6.270268768844514844e+13 2.079807853484490678e-15
6.277934776108290625e+13 2.077771411080312646e-15
6.285610155804023438e+13 2.076761288329705373e-15
6.293294919390410938e+13 2.076361577273172702e-15
6.300989078340159375e+13 2.076228727901423358e-15
6.308692644140010938e+13 2.076225942325386187e-15
6.316405628290742969e+13 2.076225942325386187e-15
6.324128042307193750e+13 2.076225942325386187e-15
6.331859897718285938e+13 2.076225942325386187e-15
6.339601206067032812e+13 2.076225942325386187e-15
6.347351978910556250e+13 2.048853232072818372e-15
6.355112227820118750e+13 2.028461625527680038e-15
6.362881964381121094e+13 2.013226456910408933e-15
6.370661200193126562e+13 2.001773014828815245e-15
6.378449946869892188e+13 1.993571058702235829e-15
6.386248216039359375e+13 1.984651504253407583e-15
6.394056019343691406e+13 1.982721673285647180e-15
6.401873368439292969e+13 1.981782916061280112e-15
6.409700274996807031e+13 1.981421818230852637e-15
6.417536750701151562e+13 1.981325174689378794e-15
6.425382807251532031e+13 1.981308317138455335e-15
6.433238456361455469e+13 1.981308317138455335e-15
6.441103709758745312e+13 1.981308317138455335e-15
6.448978579185572656e+13 1.981308317138455335e-15
6.456863076398457031e+13 1.981308317138455335e-15
6.464757213168292188e+13 1.981308317138455335e-15
6.472661001280368750e+13 1.934623734289283643e-15
6.480574452534378125e+13 1.919530847627110044e-15
6.488497578744441406e+13 1.908169895359891382e-15
6.496430391739128906e+13 1.900120075297255989e-15
6.504372903361464062e+13 1.894785810170310469e-15
6.512325125468947656e+13 1.889687018011653103e-15
6.520287069933592969e+13 1.888818799946970416e-15
6.528258748641911719e+13 1.888494866742952235e-15
6.536240173494955469e+13 1.888412956175716827e-15
6.544231356408321875e+13 1.888400934557579103e-15
6.552232309312182812e+13 1.888400934557579103e-15
6.560243044151292188e+13 1.888400934557579103e-15
6.568263572885001562e+13 1.888400934557579103e-15
6.576293907487297656e+13 1.888400934557579103e-15
6.584334059946797656e+13 1.888400934557579103e-15
6.592384042266771094e+13 1.842702756196106051e-15
6.600443866465175781e+13 1.827718087319540175e-15
6.608513544574654688e+13 1.816480925380496523e-15
6.616593088642557031e+13 1.808604776878028705e-15
6.624682510730975000e+13 1.803446879512276015e-15
6.632781822916735156e+13 1.798609198648719134e-15
6.640891037291430469e+13 1.797810905752331670e-15
6.649010165961449219e+13 1.797522638260922595e-15
6.657139221047965625e+13 1.797454119204676054e-15
6.665278214686978125e+13 1.797446010744318247e-15
6.673427159029330469e+13 1.797445714648289158e-15
6.681586066240710156e+13 1.797445714648289158e-15
6.689754948501683594e+13 1.797445714648289158e-15
6.697933818007713281e+13 1.797445714648289158e-15
6.706122686969166406e+13 1.797445714648289158e-15
6.714321567611337500e+13 1.771984639170241000e-15
6.722530472174473438e+13 1.737736034259954632e-15
6.730749412913780469e+13 1.726653172933804457e-15
6.738978402099450000e+13 1.718971070096615157e-15
6.747217452016677344e+13 1.714001257319340810e-15
6.755466574965675000e+13 1.709431008595091450e-15
6.763725783261689844e+13 1.708701496974221114e-15
6.771995089235036719e+13 1.708447105536776569e-15
6.780274505231093750e+13 1.708390421033981743e-15
6.788564043610335938e+13 1.708384767032591131e-15
6.796863716748356250e+13 1.708384726368373806e-15
6.805173537035871094e+13 1.708384726368373806e-15
6.813493516878742188e+13 1.708384726368373806e-15
6.821823668698013281e+13 1.708384726368373806e-15
6.830164004929899219e+13 1.708384726368373806e-15
6.838514538025823438e+13 1.683463369043904261e-15
6.846875280452439844e+13 1.649545245444576389e-15
6.855246244691635156e+13 1.638646144766459521e-15
6.863627443240555469e+13 1.631177154617626233e-15
6.872018888611637500e+13 1.626405835817242243e-15
6.880420593332603125e+13 1.623593378946067832e-15
6.888832569946496094e+13 1.621444967463991920e-15
6.897254831011690625e+13 1.621222282059282667e-15
6.905687389101926562e+13 1.621175977910737373e-15
6.914130256806303906e+13 1.621172274332126551e-15
6.922583446729317188e+13 1.621172274332126551e-15
6.931046971490875000e+13 1.621172274332126551e-15
6.939520843726313281e+13 1.621172274332126551e-15
6.948005076086408594e+13 1.621172274332126551e-15
6.956499681237420312e+13 1.621172274332126551e-15
6.965004671861079688e+13 1.596727705940684319e-15
6.973520060654622656e+13 1.577785167372892054e-15
6.982045860330821094e+13 1.552440413261072060e-15
6.990582083617977344e+13 1.545202150715991408e-15
6.999128743259954688e+13 1.540638340033346360e-15
7.007685852016210156e+13 1.537988517311263688e-15
7.016253422661789062e+13 1.536016358847496231e-15
7.024831467987354688e+13 1.535823106583179948e-15
7.033420000799216406e+13 1.535786023885632977e-15
7.042019033919334375e+13 1.535783714400174229e-15
7.050628580185343750e+13 1.535783714400174229e-15
7.059248652450581250e+13 1.535783714400174229e-15
7.067879263584095312e+13 1.535783714400174229e-15
7.076520426470660938e+13 1.535783714400174229e-15
7.085172154010818750e+13 1.535783714400174229e-15
7.093834459120873438e+13 1.511749810117374216e-15
7.102507354732917188e+13 1.492961841388539328e-15
7.111190853794865625e+13 1.468028853108138121e-15
7.119884969270454688e+13 1.461037328125913856e-15
7.128589714139267188e+13 1.456688547843608755e-15
7.137305101396768750e+13 1.454203090446716232e-15
7.146031144054298438e+13 1.452938426572680187e-15
7.154767855139107812e+13 1.452237017151301246e-15
7.163515247694379688e+13 1.452207921000914176e-15
7.172273334779240625e+13 1.452206594323146897e-15
7.181042129468775000e+13 1.452206594323146897e-15
7.189821644854071875e+13 1.452206594323146897e-15
7.198611894042207812e+13 1.452206594323146897e-15
7.207412890156287500e+13 1.452206594323146897e-15
7.216224646335468750e+13 1.452206594323146897e-15
7.225047175734964062e+13 1.428518798849421133e-15
7.233880491526073438e+13 1.409878039019615996e-15
7.242724606896195312e+13 1.385419988688774868e-15
7.251579535048860938e+13 1.378689409212539158e-15
7.260445289203732812e+13 1.374561522887389196e-15
7.269321882596640625e+13 1.372240671778062175e-15
7.278209328479604688e+13 1.371083539128254800e-15
7.287107640120831250e+13 1.370466969559525822e-15
7.296016830804754688e+13 1.370444659714889486e-15
7.304936913832057812e+13 1.370444014430208437e-15
7.313867902519678125e+13 1.370444014430208437e-15
7.322809810200829688e+13 1.370444014430208437e-15
7.331762650225042188e+13 1.370444014430208437e-15
7.340726435958151562e+13 1.370444014430208437e-15
7.349701180782339062e+13 1.370444014430208437e-15
7.358686898096154688e+13 1.347044983566084952e-15
7.367683601314518750e+13 1.328571855975655153e-15
7.376691303868757812e+13 1.314547299467763559e-15
7.385710019206623438e+13 1.298190339406110245e-15
7.394739760792300000e+13 1.294287238536974698e-15
7.403780542106434375e+13 1.292130466935781703e-15
7.412832376646164062e+13 1.291078547598527675e-15
7.421895277925118750e+13 1.290659106648773049e-15
7.430969259473446875e+13 1.290525116441027579e-15
7.440054334837854688e+13 1.290524861749206195e-15
7.449150517581595312e+13 1.290524861749206195e-15
7.458257821284506250e+13 1.290524861749206195e-15
7.467376259543037500e+13 1.290524861749206195e-15
7.476505845970253125e+13 1.290524861749206195e-15
7.485646594195856250e+13 1.290524861749206195e-15
7.494798517866229688e+13 1.267370903747815602e-15
7.503961630644426562e+13 1.249109489656171021e-15
7.513135946210203125e+13 1.235369071078830757e-15
7.522321478260054688e+13 1.219602853071973674e-15
7.531518240507209375e+13 1.215927935796196519e-15
7.540726246681662500e+13 1.213934361504598931e-15
7.549945510530200000e+13 1.212984672439743636e-15
7.559176045816414062e+13 1.212618567530963217e-15
7.568417866320715625e+13 1.212510243085389628e-15
7.577670985840381250e+13 1.212510200442460267e-15
7.586935418189535938e+13 1.212510200442460267e-15
7.596211177199206250e+13 1.212510200442460267e-15
7.605498276717320312e+13 1.212510200442460267e-15
7.614796730608751562e+13 1.212510200442460267e-15
7.624106552755307812e+13 1.212510200442460267e-15
7.633427757055773438e+13 1.189578255220626856e-15
7.642760357425934375e+13 1.171575661553938631e-15
7.652104367798576562e+13 1.158153332079056609e-15
7.661459802123528125e+13 1.148889840468608668e-15
7.670826674367676562e+13 1.139564390211409517e-15
7.680204998514971875e+13 1.137732050831905964e-15
7.689594788566470312e+13 1.136880842110041297e-15
7.698996058540345312e+13 1.136564743739323761e-15
7.708408822471906250e+13 1.136479013015427575e-15
7.717833094413620312e+13 1.136479013015427575e-15
7.727268888435143750e+13 1.136479013015427575e-15
7.736716218623326562e+13 1.136479013015427575e-15
7.746175099082235938e+13 1.136479013015427575e-15
7.755645543933203125e+13 1.136479013015427575e-15
7.765127567314800000e+13 1.136479013015427575e-15
7.774621183382896875e+13 1.113773397964585757e-15
7.784126406310673438e+13 1.096075259290808839e-15
7.793643250288631250e+13 1.083003081952104038e-15
7.803171729524618750e+13 1.074086860475296622e-15
7.812711858243865625e+13 1.065294189379127060e-15
7.822263650688984375e+13 1.063619952837095573e-15
7.831827121119998438e+13 1.062863078887966365e-15
7.841402283814378125e+13 1.062593543452914519e-15
7.850989153067035938e+13 1.062532232478863186e-15
7.860587743190362500e+13 1.062527373792350600e-15
7.870198068514259375e+13 1.062527373792350600e-15
7.879820143386135938e+13 1.062527373792350600e-15
7.889453982170942188e+13 1.062527373792350600e-15
7.899099599251200000e+13 1.062527373792350600e-15
7.908757009027007812e+13 1.062527373792350600e-15
7.918426225916064062e+13 1.040083796610351305e-15
7.928107264353714062e+13 1.022734001024333149e-15
7.937800138792931250e+13 1.010041943042566486e-15
7.947504863704365625e+13 1.001489740566156673e-15
7.957221453576365625e+13 9.962175202514771196e-16
7.966949922914987500e+13 9.917150306113786181e-16
7.976690286244015625e+13 9.910480896846007391e-16
7.986442558105007812e+13 9.908214181938654237e-16
7.996206753057287500e+13 9.907745625753534646e-16
8.005982885677981250e+13 9.907719260115135167e-16
8.015770970562034375e+13 9.907719260115135167e-16
8.025571022322248438e+13 9.907719260115135167e-16
8.035383055589273438e+13 9.907719260115135167e-16
8.045207085011656250e+13 9.907719260115135167e-16
8.055043125255856250e+13 9.907719260115135167e-16
8.064891191006257812e+13 9.686449865511616406e-16
8.074751296965193750e+13 9.516854008933870741e-16
8.084623457852989062e+13 9.394011272658116858e-16
8.094507688407948438e+13 9.312273793761108404e-16
8.104404003386400000e+13 9.262666671940519043e-16
8.114312417562718750e+13 9.221421134186546020e-16
8.124232945729340625e+13 9.215601535217741606e-16
8.134165602696779688e+13 9.213726457159038323e-16
8.144110403293667188e+13 9.213381350758991073e-16
8.154067362366759375e+13 9.213369817703033171e-16
8.164036494780957812e+13 9.213369817703033171e-16
8.174017815419353125e+13 9.213369817703033171e-16
8.184011339183217188e+13 9.213369817703033171e-16
8.194017080992043750e+13 9.213369817703033171e-16
8.204035055783576562e+13 9.213369817703033171e-16
8.214065278513809375e+13 9.213369817703033171e-16
8.224107764157025000e+13 8.830513169026407801e-16
8.234162527705820312e+13 8.711999659254143478e-16
8.244229584171114062e+13 8.634165490418897429e-16
8.254308948582178125e+13 8.587693403802642561e-16
8.264400635986667188e+13 8.550142047747512168e-16
8.274504661450623438e+13 8.545119615839727417e-16
8.284621040058509375e+13 8.543598020588285319e-16
8.294749786913239062e+13 8.543355910396647344e-16
8.304890917136182812e+13 8.543352628520787386e-16
8.315044445867195312e+13 8.543352628520787386e-16
8.325210388264654688e+13 8.543352628520787386e-16
8.335388759505460938e+13 8.543352628520787386e-16
8.345579574785065625e+13 8.543352628520787386e-16
8.355782849317512500e+13 8.543352628520787386e-16
8.365998598335434375e+13 8.543352628520787386e-16
8.376226837090087500e+13 8.169396310340527642e-16
8.386467580851384375e+13 8.055434182638654001e-16
8.396720844907893750e+13 7.981597495888820650e-16
8.406986644566885938e+13 7.938268015052877222e-16
8.417264995154334375e+13 7.915190040337868664e-16
8.427555912014968750e+13 7.900023879669431212e-16
8.437859410512262500e+13 7.898816952440984317e-16
8.448175506028471875e+13 7.898657305015456681e-16
8.458504213964676562e+13 7.898657182287458941e-16
8.468845549740768750e+13 7.898657182287458941e-16
8.479199528795493750e+13 7.898657182287458941e-16
8.489566166586484375e+13 7.898657182287458941e-16
8.499945478590264062e+13 7.898657182287458941e-16
8.510337480302270312e+13 7.898657182287458941e-16
8.520742187236904688e+13 7.898657182287458941e-16
8.531159614927517188e+13 7.690059643296397911e-16
8.541589778926454688e+13 7.425217604503672605e-16
8.552032694805089062e+13 7.355456718113761801e-16
8.562488378153817188e+13 7.315258801184639610e-16
8.572956844582093750e+13 7.294331276730639845e-16
8.583438109718476562e+13 7.281160424532110910e-16
8.593932189210610938e+13 7.280229025050036609e-16
8.604439098725276562e+13 7.280132901703799237e-16
8.614958853948423438e+13 7.280132901703799237e-16
8.625491470585156250e+13 7.280132901703799237e-16
8.636036964359793750e+13 7.280132901703799237e-16
8.646595351015879688e+13 7.280132901703799237e-16
8.657166646316203125e+13 7.280132901703799237e-16
8.667750866042817188e+13 7.280132901703799237e-16
8.678348025997089062e+13 7.280132901703799237e-16
8.688958141999684375e+13 7.076728835555254668e-16
8.699581229890620312e+13 6.822131424955103187e-16
8.710217305529284375e+13 6.756500689241876185e-16
8.720866384794443750e+13 6.719403143175589663e-16
8.731528483584281250e+13 6.700558519475242657e-16
8.742203617816428125e+13 6.692222019916914151e-16
8.752891803427962500e+13 6.688553626878481270e-16
8.763593056375448438e+13 6.688502589058675401e-16
8.774307392634970312e+13 6.688502589058675401e-16
8.785034828202132812e+13 6.688502589058675401e-16
8.795775379092096875e+13 6.688502589058675401e-16
8.806529061339614062e+13 6.688502589058675401e-16
8.817295890999032812e+13 6.688502589058675401e-16
8.828075884144326562e+13 6.688502589058675401e-16
8.838869056869118750e+13 6.688502589058675401e-16
8.849675425286726562e+13 6.490745834775864866e-16
8.860495005530148438e+13 6.346050580432625460e-16
8.871327813752109375e+13 6.185362939476382189e-16
8.882173866125096875e+13 6.151318677643914238e-16
8.893033178841354688e+13 6.134478356503909024e-16
8.903905768112925000e+13 6.127300244883303161e-16
8.914791650171682812e+13 6.124390734881201861e-16
8.925690841269339062e+13 6.124369187591663772e-16
8.936603357677467188e+13 6.124369187591663772e-16
8.947529215687553125e+13 6.124369187591663772e-16
8.958468431610984375e+13 6.124369187591663772e-16
8.969421021779090625e+13 6.124369187591663772e-16
8.980387002543185938e+13 6.124369187591663772e-16
8.991366390274556250e+13 6.124369187591663772e-16
9.002359201364506250e+13 6.124369187591663772e-16
9.013365452224392188e+13 5.932684318095370293e-16
9.024385159285623438e+13 5.793862727089365301e-16
9.035418338999695312e+13 5.642529630190815268e-16
9.046465007838232812e+13 5.611475805838029214e-16
9.057525182292987500e+13 5.596550526274105122e-16
9.068598878875867188e+13 5.590447042101948768e-16
9.079686114118985938e+13 5.588533208433199109e-16
9.090786904574656250e+13 5.588189816171361243e-16
9.101901266815425000e+13 5.588189816171361243e-16
9.113029217434114062e+13 5.588189816171361243e-16
9.124170773043818750e+13 5.588189816171361243e-16
9.135325950277948438e+13 5.588189816171361243e-16
9.146494765790257812e+13 5.588189816171361243e-16
9.157677236254853125e+13 5.588189816171361243e-16
9.168873378366218750e+13 5.588189816171361243e-16
9.180083208839271875e+13 5.402967181716141091e-16
9.191306744409346875e+13 5.270244787150292191e-16
9.202544001832240625e+13 5.128336917418214636e-16
9.213794997884248438e+13 5.100193038977919858e-16
9.225059749362160938e+13 5.087085261081607444e-16
9.236338273083307812e+13 5.081968458751113383e-16
9.247630585885592188e+13 5.080488823949523691e-16
9.258936704627485938e+13 5.080275643710723981e-16
9.270256646188082812e+13 5.080275643710723981e-16
9.281590427467100000e+13 5.080275643710723981e-16
9.292938065384940625e+13 5.080275643710723981e-16
9.304299576882671875e+13 5.080275643710723981e-16
9.315674978922076562e+13 5.080275643710723981e-16
9.327064288485689062e+13 5.080275643710723981e-16
9.338467522576792188e+13 5.080275643710723981e-16
9.349884698219457812e+13 4.901867916792876222e-16
9.361315832458581250e+13 4.775434061521308034e-16
9.372760942359889062e+13 4.692029051070973159e-16
9.384220045009967188e+13 4.617642635807918550e-16
9.395693157516307812e+13 4.606245802114900019e-16
9.407180297007304688e+13 4.602024688580834230e-16
9.418681480632292188e+13 4.600916585417456956e-16
9.430196725561587500e+13 4.600795261960764860e-16
9.441726048986482812e+13 4.600795261960764860e-16
9.453269468119287500e+13 4.600795261960764860e-16
9.464827000193375000e+13 4.600795261960764860e-16
9.476398662463167188e+13 4.600795261960764860e-16
9.487984472204185938e+13 4.600795261960764860e-16
9.499584446713084375e+13 4.600795261960764860e-16
9.511198603307653125e+13 4.600795261960764860e-16
9.522826959326850000e+13 4.429515068421376858e-16
9.534469532130848438e+13 4.309529368577407049e-16
9.546126339101032812e+13 4.231494009628093620e-16
9.557797397640037500e+13 4.163854617163553153e-16
9.569482725171785938e+13 4.154054991118625286e-16
9.581182339141490625e+13 4.150636227424726421e-16
9.592896257015692188e+13 4.149837475652895365e-16
9.604624496282303125e+13 4.149777919996518496e-16
9.616367074450598438e+13 4.149777919996518496e-16
9.628124009051259375e+13 4.149777919996518496e-16
9.639895317636418750e+13 4.149777919996518496e-16
9.651681017779650000e+13 4.149777919996518496e-16
9.663481127076015625e+13 4.149777919996518496e-16
9.675295663142100000e+13 4.149777919996518496e-16
9.687124643616015625e+13 4.149777919996518496e-16
9.698968086157434375e+13 3.985905764202564759e-16
9.710826008447637500e+13 3.872491353122791577e-16
9.722698428189507812e+13 3.799824054795376230e-16
9.734585363107568750e+13 3.758764433442537374e-16
9.746486830948031250e+13 3.730399925310264364e-16
9.758402849478787500e+13 3.727689649402628471e-16
9.770333436489459375e+13 3.727141678469638882e-16
9.782278609791406250e+13 3.727119439617713281e-16
9.794238387217789062e+13 3.727119439617713281e-16
9.806212786623546875e+13 3.727119439617713281e-16
9.818201825885454688e+13 3.727119439617713281e-16
9.830205522902154688e+13 3.727119439617713281e-16
9.842223895594160938e+13 3.727119439617713281e-16
9.854256961903890625e+13 3.727119439617713281e-16
9.866304739795718750e+13 3.727119439617713281e-16
9.878367247255964062e+13 3.570895583312331204e-16
9.890444502292937500e+13 3.464136645786274066e-16
9.902536522936984375e+13 3.396807664285814833e-16
9.914643327240471875e+13 3.359597007284930730e-16
9.926764933277846875e+13 3.335030068718499272e-16
9.938901359145657812e+13 3.332934616352362849e-16
9.951052622962571875e+13 3.332581582483356928e-16
9.963218742869407812e+13 3.332576841170876843e-16
9.975399737029173438e+13 3.332576841170876843e-16
9.987595623627071875e+13 3.332576841170876843e-16
9.999806420870535938e+13 3.332576841170876843e-16
1.001203214698927656e+14 3.332576841170876843e-16
1.002427282023526875e+14 3.332576841170876843e-16
1.003652845888283281e+14 3.332576841170876843e-16
1.004879908122859062e+14 3.332576841170876843e-16
1.006108470559156719e+14 3.184197004555793113e-16
1.007338535031318281e+14 3.084142569823367919e-16
1.008570103375725000e+14 3.022091479652847457e-16
1.009803177431006875e+14 2.988602424595412417e-16
1.011037759038041094e+14 2.973306022522069880e-16
1.012273850039952969e+14 2.965983840052407508e-16
1.013511452282123906e+14 2.965775262637451922e-16
1.014750567612191875e+14 2.965775224096810289e-16
1.015991197880050312e+14 2.965775224096810289e-16
1.017233344937857500e+14 2.965775224096810289e-16
1.018477010640036406e+14 2.965775224096810289e-16
1.019722196843273906e+14 2.965775224096810289e-16
1.020968905406529844e+14 2.965775224096810289e-16
1.022217138191036875e+14 2.965775224096810289e-16
1.023466897060300156e+14 2.965775224096810289e-16
1.024718183880106562e+14 2.825393000270871955e-16
1.025971000518523594e+14 2.732054702536681176e-16
1.027225348845899688e+14 2.675191949265192863e-16
1.028481230734873125e+14 2.645277116122579429e-16
1.029738648060371719e+14 2.632122887229240982e-16
1.030997602699612188e+14 2.626327484128091842e-16
1.032258096532109844e+14 2.626218941560997465e-16
1.033520131439677500e+14 2.626218941560997465e-16
1.034783709306425938e+14 2.626218941560997465e-16
1.036048832018772188e+14 2.626218941560997465e-16
1.037315501465439844e+14 2.626218941560997465e-16
1.038583719537458125e+14 2.626218941560997465e-16
1.039853488128172188e+14 2.626218941560997465e-16
1.041124809133241250e+14 2.626218941560997465e-16
1.042397684450639062e+14 2.626218941560997465e-16
1.043672115980663281e+14 2.626218941560997465e-16
1.044948105625934844e+14 2.407296618765897329e-16
1.046225655291397500e+14 2.355504408385346099e-16
1.047504766884327031e+14 2.328998961023658815e-16
1.048785442314331094e+14 2.317822073429505027e-16
1.050067683493349375e+14 2.313337904594070144e-16
1.051351492335662656e+14 2.313291432027892884e-16
1.052636870757888125e+14 2.313291432027892884e-16
1.053923820678989531e+14 2.313291432027892884e-16
1.055212344020276406e+14 2.313291432027892884e-16
1.056502442705404375e+14 2.313291432027892884e-16
1.057794118660384219e+14 2.313291432027892884e-16
1.059087373813580938e+14 2.313291432027892884e-16
1.060382210095714375e+14 2.313291432027892884e-16
1.061678629439867969e+14 2.313291432027892884e-16
1.062976633781488906e+14 2.313291432027892884e-16
1.064276225058386250e+14 2.109169162467713863e-16
1.065577405210742812e+14 2.062301817006441801e-16
1.066880176181112812e+14 2.039023851102696245e-16
1.068184539914422188e+14 2.029654058978832195e-16
1.069490498357978125e+14 2.026789387694407036e-16
1.070798053461468438e+14 2.026262082873513396e-16
1.072107207176961406e+14 2.026262082873513396e-16
1.073417961458915469e+14 2.026262082873513396e-16
1.074730318264178125e+14 2.026262082873513396e-16
1.076044279551986094e+14 2.026262082873513396e-16
1.077359847283975156e+14 2.026262082873513396e-16
1.078677023424178906e+14 2.026262082873513396e-16
1.079995809939028906e+14 2.026262082873513396e-16
1.081316208797364688e+14 2.026262082873513396e-16
1.082638221970432188e+14 2.026262082873513396e-16
1.083961851431884688e+14 1.910356356264108195e-16
1.085287099157791094e+14 1.794745931117106488e-16
1.086613967126636562e+14 1.774500191566741169e-16
1.087942457319322344e+14 1.766763526115701849e-16
1.089272571719174062e+14 1.764605807151549743e-16
1.090604312311942500e+14 1.764294348506566178e-16
1.091937681085802656e+14 1.764294348506566178e-16
1.093272680031364219e+14 1.764294348506566178e-16
1.094609311141669844e+14 1.764294348506566178e-16
1.095947576412195938e+14 1.764294348506566178e-16
1.097287477840861875e+14 1.764294348506566178e-16
1.098629017428029531e+14 1.764294348506566178e-16
1.099972197176503125e+14 1.764294348506566178e-16
1.101317019091538906e+14 1.764294348506566178e-16
1.102663485180844844e+14 1.764294348506566178e-16
1.104011597454579844e+14 1.656557838925266884e-16
1.105361357925364219e+14 1.551894308779229735e-16
1.106712768608278594e+14 1.534472482986942400e-16
1.108065831520863750e+14 1.528193238780657597e-16
1.109420548683130781e+14 1.526622700419417969e-16
1.110776922117560469e+14 1.526454751807284048e-16
1.112134953849102500e+14 1.526454751807284048e-16
1.113494645905186094e+14 1.526454751807284048e-16
1.114856000315718750e+14 1.526454751807284048e-16
1.116219019113086875e+14 1.526454751807284048e-16
1.117583704332164375e+14 1.526454751807284048e-16
1.118950058010313750e+14 1.526454751807284048e-16
1.120318082187384219e+14 1.526454751807284048e-16
1.121687778905722969e+14 1.526454751807284048e-16
1.123059150210173906e+14 1.526454751807284048e-16
1.124432198148077031e+14 1.426817026315014586e-16
1.125806924769280000e+14 1.332710780169962866e-16
1.127183332126135156e+14 1.317896295032414791e-16
1.128561422273502031e+14 1.312900626530171228e-16
1.129941197268754844e+14 1.311805520845186391e-16
1.131322659171783594e+14 1.311728922191084401e-16
1.132705810044993125e+14 1.311728922191084401e-16
1.134090651953313125e+14 1.311728922191084401e-16
1.135477186964198125e+14 1.311728922191084401e-16
1.136865417147626719e+14 1.311728922191084401e-16
1.138255344576111719e+14 1.311728922191084401e-16
1.139646971324699688e+14 1.311728922191084401e-16
1.141040299470970625e+14 1.311728922191084401e-16
1.142435331095048594e+14 1.311728922191084401e-16
1.143832068279600000e+14 1.311728922191084401e-16
1.145230513109834531e+14 1.220075140755791052e-16
1.146630667673514531e+14 1.165203106562506374e-16
1.148032534060955000e+14 1.123652377270858974e-16
1.149436114365022969e+14 1.119768811547390225e-16
1.150841410681147656e+14 1.119045717316159706e-16
1.152248425107320156e+14 1.119019923450965759e-16
1.153657159744093125e+14 1.119019923450965759e-16
1.155067616694590781e+14 1.119019923450965759e-16
1.156479798064508906e+14 1.119019923450965759e-16
1.157893705962113438e+14 1.119019923450965759e-16
1.159309342498252344e+14 1.119019923450965759e-16
1.160726709786353438e+14 1.119019923450965759e-16
1.162145809942425469e+14 1.119019923450965759e-16
1.163566645085068750e+14 1.119019923450965759e-16
1.164989217335469062e+14 1.119019923450965759e-16
1.166413528817409062e+14 1.035191185519216758e-16
1.167839581657267656e+14 9.860992137712357000e-17
1.169267377984020781e+14 9.505481002240061317e-17
1.170696919929249531e+14 9.476115286076965928e-17
1.172128209627142344e+14 9.471676038758535167e-17
1.173561249214492188e+14 9.471632598091360130e-17
1.174996040830709062e+14 9.471632598091360130e-17
1.176432586617817969e+14 9.471632598091360130e-17
1.177870888720459219e+14 9.471632598091360130e-17
1.179310949285899062e+14 9.471632598091360130e-17
1.180752770464028594e+14 9.471632598091360130e-17
1.182196354407363906e+14 9.471632598091360130e-17
1.183641703271056562e+14 9.471632598091360130e-17
1.185088819212892656e+14 9.471632598091360130e-17
1.186537704393292969e+14 9.471632598091360130e-17
1.187988360975323125e+14 8.709593029926024506e-17
1.189440791124693750e+14 8.273851251821724974e-17
1.190894997009758750e+14 8.056860805795858185e-17
1.192350980801527500e+14 7.951886469420614667e-17
1.193808744673663281e+14 7.949429687361986454e-17
1.195268290802483125e+14 7.949429635107291587e-17
1.196729621366968906e+14 7.949429635107291587e-17
1.198192738548766250e+14 7.949429635107291587e-17
1.199657644532184062e+14 7.949429635107291587e-17
1.201124341504206094e+14 7.949429635107291587e-17
1.202592831654489531e+14 7.949429635107291587e-17
1.204063117175364688e+14 7.949429635107291587e-17
1.205535200261846562e+14 7.949429635107291587e-17
1.207009083111633125e+14 7.949429635107291587e-17
1.208484767925106094e+14 7.949429635107291587e-17
1.209962256905340625e+14 7.261229479280934799e-17
1.211441552258105625e+14 6.877777789735249073e-17
1.212922656191862969e+14 6.693732909300140231e-17
1.214405570917778125e+14 6.612158470666440267e-17
1.215890298649720000e+14 6.610997124447270670e-17
1.217376841604260938e+14 6.610997124447270670e-17
1.218865202000686406e+14 6.610997124447270670e-17
1.220355382060995156e+14 6.610997124447270670e-17
1.221847384009899219e+14 6.610997124447270670e-17
1.223341210074833906e+14 6.610997124447270670e-17
1.224836862485957812e+14 6.610997124447270670e-17
1.226334343476152969e+14 6.610997124447270670e-17
1.227833655281034062e+14 6.610997124447270670e-17
1.229334800138950000e+14 6.610997124447270670e-17
1.230837780290981719e+14 6.610997124447270670e-17
1.232342597980954375e+14 5.993862048103949949e-17
1.233849255455436406e+14 5.659606312267403525e-17
1.235357754963738906e+14 5.505635176453857330e-17
1.236868098757926562e+14 5.453869612296755443e-17
1.238380289092818281e+14 5.443453609204085961e-17
1.239894328225984844e+14 5.443453609204085961e-17
1.241410218417761562e+14 5.443453609204085961e-17
1.242927961931247031e+14 5.443453609204085961e-17
1.244447561032302969e+14 5.443453609204085961e-17
1.245969017989565156e+14 5.443453609204085961e-17
1.247492335074442812e+14 5.443453609204085961e-17
1.249017514561118750e+14 5.443453609204085961e-17
1.250544558726559375e+14 5.443453609204085961e-17
1.252073469850515625e+14 5.443453609204085961e-17
1.253604250215521250e+14 5.443453609204085961e-17
1.255136902106904844e+14 4.894263164317057474e-17
1.256671427812788750e+14 4.605915744464360324e-17
1.258207829624089062e+14 4.479097626215076249e-17
1.259746109834526562e+14 4.439931768783069418e-17
1.261286270740626562e+14 4.433672257553513398e-17
1.262828314641717656e+14 4.433672257553513398e-17
1.264372243839943906e+14 4.433672257553513398e-17
1.265918060640264062e+14 4.433672257553513398e-17
1.267465767350450469e+14 4.433672257553513398e-17
1.269015366281101562e+14 4.433672257553513398e-17
1.270566859745640000e+14 4.433672257553513398e-17
1.272120250060313750e+14 4.433672257553513398e-17
1.273675539544205469e+14 4.433672257553513398e-17
1.275232730519233906e+14 4.433672257553513398e-17
1.276791825310152656e+14 4.433672257553513398e-17
1.278352826244560938e+14 3.948996704351598122e-17
1.279915735652904219e+14 3.703126295319132877e-17
1.281480555868472812e+14 3.600532720972011809e-17
1.283047289227413906e+14 3.571899500698665766e-17
1.284615938068730781e+14 3.568455303083265181e-17
1.286186504734282656e+14 3.568455303083265181e-17
1.287758991568796562e+14 3.568455303083265181e-17
1.289333400919861719e+14 3.568455303083265181e-17
1.290909735137940469e+14 3.568455303083265181e-17
1.292487996576370000e+14 3.568455303083265181e-17
1.294068187591359375e+14 3.568455303083265181e-17
1.295650310542003750e+14 3.568455303083265181e-17
1.297234367790281406e+14 3.568455303083265181e-17
1.298820361701054688e+14 3.568455303083265181e-17
1.300408294642081719e+14 3.568455303083265181e-17
1.301998168984014531e+14 3.144603093495642692e-17
1.303589987100400625e+14 2.937676621429752886e-17
1.305183751367691875e+14 2.856409674728468691e-17
1.306779464165246875e+14 2.836360288476303477e-17
1.308377127875329219e+14 2.834715228614514778e-17
1.309976744883117812e+14 2.834715228614514778e-17
1.311578317576709219e+14 2.834715228614514778e-17
1.313181848347114688e+14 2.834715228614514778e-17
1.314787339588272969e+14 2.834715228614514778e-17
1.316394793697049531e+14 2.834715228614514778e-17
1.318004213073236562e+14 2.834715228614514778e-17
1.319615600119564062e+14 2.834715228614514778e-17
1.321228957241699219e+14 2.834715228614514778e-17
1.322844286848246875e+14 2.834715228614514778e-17
1.324461591350760781e+14 2.834715228614514778e-17
1.326080873163742188e+14 2.834715228614514778e-17
1.327702134704641094e+14 2.296163623903727319e-17
1.329325378393867031e+14 2.233375688146880638e-17
1.330950606654788281e+14 2.220098623076136514e-17
1.332577821913732188e+14 2.219493279779295715e-17
1.334207026599996250e+14 2.219493279779295715e-17
1.335838223145848594e+14 2.219493279779295715e-17
1.337471413986526719e+14 2.219493279779295715e-17
1.339106601560249062e+14 2.219493279779295715e-17
1.340743788308215312e+14 2.219493279779295715e-17
1.342382976674606094e+14 2.219493279779295715e-17
1.344024169106593906e+14 2.219493279779295715e-17
1.345667368054343125e+14 2.219493279779295715e-17
1.347312575971010000e+14 2.219493279779295715e-17
1.348959795312753438e+14 2.219493279779295715e-17
1.350609028538735781e+14 2.219493279779295715e-17
1.352260278111121719e+14 1.765425923190167152e-17
1.353913546495090312e+14 1.718351885610157372e-17
1.355568836158834375e+14 1.710192859594726201e-17
1.357226149573560000e+14 1.710063758918814471e-17
1.358885489213499531e+14 1.710063758918814471e-17
1.360546857555909219e+14 1.710063758918814471e-17
1.362210257081070781e+14 1.710063758918814471e-17
1.363875690272302031e+14 1.710063758918814471e-17
1.365543159615956719e+14 1.710063758918814471e-17
1.367212667601424688e+14 1.710063758918814471e-17
1.368884216721143125e+14 1.710063758918814471e-17
1.370557809470596094e+14 1.710063758918814471e-17
1.372233448348315781e+14 1.710063758918814471e-17
1.373911135855891875e+14 1.710063758918814471e-17
1.375590874497972969e+14 1.710063758918814471e-17
1.377272666782265781e+14 1.444424114178229306e-17
1.378956515219547344e+14 1.298594892466876202e-17
1.380642422323663594e+14 1.294082347716051987e-17
1.382330390611530156e+14 1.294078907392687378e-17
1.384020422603144531e+14 1.294078907392687378e-17
1.385712520821583906e+14 1.294078907392687378e-17
1.387406687793007344e+14 1.294078907392687378e-17
1.389102926046665781e+14 1.294078907392687378e-17
1.390801238114902031e+14 1.294078907392687378e-17
1.392501626533152188e+14 1.294078907392687378e-17
1.394204093839954844e+14 1.294078907392687378e-17
1.395908642576952656e+14 1.294078907392687378e-17
1.397615275288892500e+14 1.294078907392687378e-17
1.399323994523634844e+14 1.294078907392687378e-17
1.401034802832156406e+14 1.294078907392687378e-17
1.402747702768548438e+14 1.072621569205346916e-17
1.404462696890028594e+14 9.618388848586455744e-18
1.406179787756941250e+14 9.597111003347221924e-18
1.407898977932756875e+14 9.597111003347221924e-18
1.409620269984083750e+14 9.597111003347221924e-18
1.411343666480668750e+14 9.597111003347221924e-18
1.413069169995395938e+14 9.597111003347221924e-18
1.414796783104299062e+14 9.597111003347221924e-18
1.416526508386561875e+14 9.597111003347221924e-18
1.418258348424516875e+14 9.597111003347221924e-18
1.419992305803658750e+14 9.597111003347221924e-18
1.421728383112639062e+14 9.597111003347221924e-18
1.423466582943276875e+14 9.597111003347221924e-18
1.425206907890560625e+14 9.597111003347221924e-18
1.426949360552647500e+14 9.597111003347221924e-18
1.428693943530874688e+14 7.780334976065319164e-18
1.430440659429760938e+14 6.964623958591183980e-18
1.432189510857003438e+14 6.956970445937094761e-18
1.433940500423493438e+14 6.956970445937094761e-18
1.435693630743313125e+14 6.956970445937094761e-18
1.437448904433735938e+14 6.956970445937094761e-18
1.439206324115241562e+14 6.956970445937094761e-18
1.440965892411511250e+14 6.956970445937094761e-18
1.442727611949430938e+14 6.956970445937094761e-18
1.444491485359101875e+14 6.956970445937094761e-18
1.446257515273840938e+14 6.956970445937094761e-18
1.448025704330180625e+14 6.956970445937094761e-18
1.449796055167881250e+14 6.956970445937094761e-18
1.451568570429929375e+14 6.956970445937094761e-18
1.453343252762539375e+14 6.956970445937094761e-18
1.455120104815165000e+14 5.493866574611991179e-18
1.456899129240500312e+14 5.006337524679536798e-18
1.458680328694475625e+14 4.913706608678960464e-18
1.460463705836275625e+14 4.913706608678960464e-18
1.462249263328334375e+14 4.913706608678960464e-18
1.464037003836336875e+14 4.913706608678960464e-18
1.465826930029231875e+14 4.913706608678960464e-18
1.467619044579231250e+14 4.913706608678960464e-18
1.469413350161808750e+14 4.913706608678960464e-18
1.471209849455714688e+14 4.913706608678960464e-18
1.473008545142973750e+14 4.913706608678960464e-18
1.474809439908885312e+14 4.913706608678960464e-18
1.476612536442036250e+14 4.913706608678960464e-18
1.478417837434300312e+14 4.913706608678960464e-18
1.480225345580838125e+14 4.913706608678960464e-18
1.482035063580109375e+14 3.760465687799015103e-18
1.483846994133874062e+14 3.416705959905273824e-18
1.485661139947189688e+14 3.368110766913631907e-18
1.487477503728425625e+14 3.368110766913631907e-18
1.489296088189263438e+14 3.368110766913631907e-18
1.491116896044693750e+14 3.368110766913631907e-18
1.492939930013032500e+14 3.368110766913631907e-18
1.494765192815919062e+14 3.368110766913631907e-18
1.496592687178314062e+14 3.368110766913631907e-18
1.498422415828516562e+14 3.368110766913631907e-18
1.500254381498159062e+14 3.368110766913631907e-18
1.502088586922210625e+14 3.368110766913631907e-18
1.503925034838988438e+14 3.368110766913631907e-18
1.505763727990156875e+14 3.368110766913631907e-18
1.507604669120728438e+14 3.368110766913631907e-18
1.509447860979075625e+14 2.481737163625277913e-18
1.511293306316930938e+14 2.251617835216105545e-18
1.513141007889388125e+14 2.229883716605024007e-18
1.514990968454911875e+14 2.229883716605024007e-18
1.516843190775340312e+14 2.229883716605024007e-18
1.518697677615884062e+14 2.229883716605024007e-18
1.520554431745137812e+14 2.229883716605024007e-18
1.522413455935082500e+14 2.229883716605024007e-18
1.524274752961081875e+14 2.229883716605024007e-18
1.526138325601899375e+14 2.229883716605024007e-18
1.528004176639694375e+14 2.229883716605024007e-18
1.529872308860022812e+14 2.229883716605024007e-18
1.531742725051852500e+14 2.229883716605024007e-18
1.533615428007559688e+14 2.229883716605024007e-18
1.535490420522930312e+14 2.229883716605024007e-18
1.537367705397173125e+14 1.568729424558656881e-18
1.539247285432918438e+14 1.424700020169380706e-18
1.541129163436220000e+14 1.417478307094328973e-18
1.543013342216565312e+14 1.417478307094328973e-18
1.544899824586877812e+14 1.417478307094328973e-18
1.546788613363514375e+14 1.417478307094328973e-18
1.548679711366281250e+14 1.417478307094328973e-18
1.550573121418430000e+14 1.417478307094328973e-18
1.552468846346661562e+14 1.417478307094328973e-18
1.554366888981135625e+14 1.417478307094328973e-18
1.556267252155473750e+14 1.417478307094328973e-18
1.558169938706755000e+14 1.417478307094328973e-18
1.560074951475533750e+14 1.417478307094328973e-18
1.561982293305836562e+14 1.417478307094328973e-18
1.563891967045161250e+14 1.417478307094328973e-18
1.565803975544493750e+14 9.418022434063796241e-19
1.567718321658304062e+14 8.594227954247127802e-19
1.569635008244548125e+14 8.581441246358991042e-19
1.571554038164681250e+14 8.581441246358991042e-19
1.573475414283652188e+14 8.581441246358991042e-19
1.575399139469916250e+14 8.581441246358991042e-19
1.577325216595435938e+14 8.581441246358991042e-19
1.579253648535680938e+14 8.581441246358991042e-19
1.581184438169639375e+14 8.581441246358991042e-19
1.583117588379821250e+14 8.581441246358991042e-19
1.585053102052254688e+14 8.581441246358991042e-19
1.586990982076501562e+14 8.581441246358991042e-19
1.588931231345656562e+14 8.581441246358991042e-19
1.590873852756346250e+14 8.581441246358991042e-19
1.592818849208744062e+14 8.581441246358991042e-19
1.594766223606568125e+14 5.306973145315511762e-19
1.596715978857082812e+14 4.891879173351961661e-19
1.598668117871111250e+14 4.891711281735678768e-19
1.600622643563035625e+14 4.891711281735678768e-19
1.602579558850796250e+14 4.891711281735678768e-19
1.604538866655905312e+14 4.891711281735678768e-19
1.606500569903447500e+14 4.891711281735678768e-19
1.608464671522078750e+14 4.891711281735678768e-19
1.610431174444040000e+14 4.891711281735678768e-19
1.612400081605157812e+14 4.891711281735678768e-19
1.614371395944841875e+14 4.891711281735678768e-19
1.616345120406102500e+14 4.891711281735678768e-19
1.618321257935546250e+14 4.891711281735678768e-19
1.620299811483378125e+14 4.891711281735678768e-19
1.622280784003415000e+14 4.891711281735678768e-19
1.624264178453085000e+14 2.758445257332341795e-19
1.626249997793426875e+14 2.585917328341157698e-19
1.628238244989104688e+14 2.585917328341157698e-19
1.630228923008406562e+14 2.585917328341157698e-19
1.632222034823245312e+14 2.585917328341157698e-19
1.634217583409172812e+14 2.585917328341157698e-19
1.636215571745376875e+14 2.585917328341157698e-19
1.638216002814684062e+14 2.585917328341157698e-19
1.640218879603572500e+14 2.585917328341157698e-19
1.642224205102171875e+14 2.585917328341157698e-19
1.644231982304261562e+14 2.585917328341157698e-19
1.646242214207287188e+14 2.585917328341157698e-19
1.648254903812359062e+14 2.585917328341157698e-19
1.650270054124250312e+14 2.585917328341157698e-19
1.652287668151414688e+14 2.585917328341157698e-19
1.654307748905981875e+14 1.290898641457743332e-19
1.656330299403760625e+14 1.239596828634436557e-19
1.658355322664251875e+14 1.239596828634436557e-19
1.660382821710647500e+14 1.239596828634436557e-19
1.662412799569830938e+14 1.239596828634436557e-19
1.664445259272390938e+14 1.239596828634436557e-19
1.666480203852621562e+14 1.239596828634436557e-19
1.668517636348522188e+14 1.239596828634436557e-19
1.670557559801810000e+14 1.239596828634436557e-19
1.672599977257923125e+14 1.239596828634436557e-19
1.674644891766015625e+14 1.239596828634436557e-19
1.676692306378976562e+14 1.239596828634436557e-19
1.678742224153426250e+14 1.239596828634436557e-19
1.680794648149716562e+14 1.239596828634436557e-19
1.682849581431947500e+14 1.239596828634436557e-19
1.684907027067964062e+14 1.239596828634436557e-19
1.686966988129357500e+14 5.172065639449627439e-20
1.689029467691478750e+14 5.172065639449627439e-20
1.691094468833440000e+14 5.172065639449627439e-20
1.693161994638110625e+14 5.172065639449627439e-20
1.695232048192136875e+14 5.172065639449627439e-20
1.697304632585936875e+14 5.172065639449627439e-20
1.699379750913702188e+14 5.172065639449627439e-20
1.701457406273413125e+14 5.172065639449627439e-20
1.703537601766837500e+14 5.172065639449627439e-20
1.705620340499529375e+14 5.172065639449627439e-20
1.707705625580845625e+14 5.172065639449627439e-20
1.709793460123943750e+14 5.172065639449627439e-20
1.711883847245783438e+14 5.172065639449627439e-20
1.713976790067140000e+14 5.172065639449627439e-20
1.716072291712602812e+14 5.172065639449627439e-20
1.718170355310578125e+14 1.722724531979444633e-20
1.720270983993300938e+14 1.722724531979444633e-20
1.722374180896836250e+14 1.722724531979444633e-20
1.724479949161077500e+14 1.722724531979444633e-20
1.726588291929762500e+14 1.722724531979444633e-20
1.728699212350472500e+14 1.722724531979444633e-20
1.730812713574632500e+14 1.722724531979444633e-20
1.732928798757525625e+14 1.722724531979444633e-20
1.735047471058287188e+14 1.722724531979444633e-20
1.737168733639919688e+14 1.722724531979444633e-20
1.739292589669292812e+14 1.722724531979444633e-20
1.741419042317142188e+14 1.722724531979444633e-20
1.743548094758085938e+14 1.722724531979444633e-20
1.745679750170622812e+14 1.722724531979444633e-20
1.747814011737133438e+14 1.722724531979444633e-20
1.749950882643892812e+14 3.818870328583762684e-21
1.752090366081072812e+14 3.818870328583762684e-21
1.754232465242740000e+14 3.818870328583762684e-21
1.756377183326871250e+14 3.818870328583762684e-21
1.758524523535352500e+14 3.818870328583762684e-21
1.760674489073980312e+14 3.818870328583762684e-21
1.762827083152475312e+14 3.818870328583762684e-21
1.764982308984482188e+14 3.818870328583762684e-21
1.767140169787569375e+14 3.818870328583762684e-21
1.769300668783244688e+14 3.818870328583762684e-21
1.771463809196953750e+14 3.818870328583762684e-21
1.773629594258081875e+14 3.818870328583762684e-21
1.775798027199966250e+14 3.818870328583762684e-21
1.777969111259897812e+14 3.818870328583762684e-21
1.780142849679120312e+14 3.818870328583762684e-21
1.782319245702845312e+14 3.285723947403665215e-22
1.784498302580251875e+14 3.285723947403665215e-22
1.786680023564485625e+14 3.285723947403665215e-22
1.788864411912676562e+14 3.285723947403665215e-22
1.791051470885935312e+14 3.285723947403665215e-22
1.793241203749354375e+14 3.285723947403665215e-22
1.795433613772023438e+14 3.285723947403665215e-22
1.797628704227030000e+14 3.285723947403665215e-22
1.799826478391456562e+14 3.285723947403665215e-22
1.802026939546398125e+14 3.285723947403665215e-22
1.804230090976961250e+14 3.285723947403665215e-22
1.806435935972263125e+14 3.285723947403665215e-22
1.808644477825447500e+14 3.285723947403665215e-22
1.810855719833685312e+14 3.285723947403665215e-22
1.813069665298171875e+14 3.285723947403665215e-22
1.815286317524145000e+14 0.000000000000000000e+00
1.817505679820882500e+14 0.000000000000000000e+00
1.819727755501703438e+14 0.000000000000000000e+00
1.821952547883983438e+14 0.000000000000000000e+00
1.824180060289152500e+14 0.000000000000000000e+00
1.826410296042697188e+14 0.000000000000000000e+00
1.828643258474175000e+14 0.000000000000000000e+00
1.830878950917214062e+14 0.000000000000000000e+00
1.833117376709512500e+14 0.000000000000000000e+00
1.835358539192855312e+14 0.000000000000000000e+00
1.837602441713112188e+14 0.000000000000000000e+00
1.839849087620238125e+14 0.000000000000000000e+00
1.842098480268290312e+14 0.000000000000000000e+00
1.844350623015425000e+14 0.000000000000000000e+00
1.846605519223900000e+14 0.000000000000000000e+00
1.848863172260088438e+14 0.000000000000000000e+00
1.851123585494479688e+14 0.000000000000000000e+00
1.853386762301677812e+14 0.000000000000000000e+00
1.855652706060418750e+14 0.000000000000000000e+00
1.857921420153568750e+14 0.000000000000000000e+00
1.860192907968125312e+14 0.000000000000000000e+00
1.862467172895230625e+14 0.000000000000000000e+00
1.864744218330175000e+14 0.000000000000000000e+00
1.867024047672392812e+14 0.000000000000000000e+00
1.869306664325480625e+14 0.000000000000000000e+00
1.871592071697196562e+14 0.000000000000000000e+00
1.873880273199458438e+14 0.000000000000000000e+00
1.876171272248362188e+14 0.000000000000000000e+00
1.878465072264179688e+14 0.000000000000000000e+00
1.880761676671359062e+14 0.000000000000000000e+00
1.883061088898540312e+14 0.000000000000000000e+00
1.885363312378555938e+14 0.000000000000000000e+00
1.887668350548429375e+14 0.000000000000000000e+00
1.889976206849391562e+14 0.000000000000000000e+00
1.892286884726881250e+14 0.000000000000000000e+00
1.894600387630543438e+14 0.000000000000000000e+00
1.896916719014246875e+14 0.000000000000000000e+00
1.899235882336081875e+14 0.000000000000000000e+00
1.901557881058362500e+14 0.000000000000000000e+00
1.903882718647640625e+14 0.000000000000000000e+00
1.906210398574705625e+14 0.000000000000000000e+00
1.908540924314585938e+14 0.000000000000000000e+00
1.910874299346563125e+14 0.000000000000000000e+00
1.913210527154173438e+14 0.000000000000000000e+00
1.915549611225205938e+14 0.000000000000000000e+00
1.917891555051721875e+14 0.000000000000000000e+00
1.920236362130042812e+14 0.000000000000000000e+00
1.922584035960771875e+14 0.000000000000000000e+00
1.924934580048792500e+14 0.000000000000000000e+00
1.927287997903266250e+14 0.000000000000000000e+00
1.929644293037651562e+14 0.000000000000000000e+00
1.932003468969701250e+14 0.000000000000000000e+00
1.934365529221465000e+14 0.000000000000000000e+00
1.936730477319302812e+14 0.000000000000000000e+00
1.939098316793886562e+14 0.000000000000000000e+00
1.941469051180198438e+14 0.000000000000000000e+00
1.943842684017549062e+14 0.000000000000000000e+00
1.946219218849575938e+14 0.000000000000000000e+00
1.948598659224242812e+14 0.000000000000000000e+00
1.950981008693857500e+14 0.000000000000000000e+00
1.953366270815070312e+14 0.000000000000000000e+00
1.955754449148874375e+14 0.000000000000000000e+00
1.958145547260622500e+14 0.000000000000000000e+00
1.960539568720026250e+14 0.000000000000000000e+00
1.962936517101155625e+14 0.000000000000000000e+00
1.965336395982456562e+14 0.000000000000000000e+00
1.967739208946748750e+14 0.000000000000000000e+00
1.970144959581228125e+14 0.000000000000000000e+00
1.972553651477480938e+14 0.000000000000000000e+00
1.974965288231484375e+14 0.000000000000000000e+00
1.977379873443607188e+14 0.000000000000000000e+00
1.979797410718625625e+14 0.000000000000000000e+00
1.982217903665721875e+14 0.000000000000000000e+00
1.984641355898486250e+14 0.000000000000000000e+00
1.987067771034932188e+14 0.000000000000000000e+00
1.989497152697496562e+14 0.000000000000000000e+00
1.991929504513039375e+14 0.000000000000000000e+00
1.994364830112860625e+14 0.000000000000000000e+00
1.996803133132700000e+14 0.000000000000000000e+00
1.999244417212735938e+14 0.000000000000000000e+00
2.001688685997603438e+14 0.000000000000000000e+00
2.004135943136393750e+14 0.000000000000000000e+00
2.006586192282653438e+14 0.000000000000000000e+00
2.009039437094400938e+14 0.000000000000000000e+00
2.011495681234128438e+14 0.000000000000000000e+00
2.013954928368799375e+14 0.000000000000000000e+00
2.016417182169865000e+14 0.000000000000000000e+00
2.018882446313267812e+14 0.000000000000000000e+00
2.021350724479436250e+14 0.000000000000000000e+00
2.023822020353305938e+14 0.000000000000000000e+00
2.026296337624316562e+14 0.000000000000000000e+00
2.028773679986413438e+14 0.000000000000000000e+00
2.031254051138063438e+14 0.000000000000000000e+00
2.033737454782255312e+14 0.000000000000000000e+00
2.036223894626499375e+14 0.000000000000000000e+00
2.038713374382844688e+14 0.000000000000000000e+00
2.041205897767877812e+14 0.000000000000000000e+00
2.043701468502724688e+14 0.000000000000000000e+00
2.046200090313065312e+14 0.000000000000000000e+00
2.048701766929135312e+14 0.000000000000000000e+00
2.051206502085724688e+14 0.000000000000000000e+00
2.053714299522195938e+14 0.000000000000000000e+00
2.056225162982483125e+14 0.000000000000000000e+00
2.058739096215091250e+14 0.000000000000000000e+00
2.061256102973114688e+14 0.000000000000000000e+00
2.063776187014236250e+14 0.000000000000000000e+00
2.066299352100726250e+14 0.000000000000000000e+00
2.068825601999462188e+14 0.000000000000000000e+00
2.071354940481925938e+14 0.000000000000000000e+00
2.073887371324203438e+14 0.000000000000000000e+00
2.076422898307005625e+14 0.000000000000000000e+00
2.078961525215663438e+14 0.000000000000000000e+00
2.081503255840130625e+14 0.000000000000000000e+00
2.084048093975001562e+14 0.000000000000000000e+00
2.086596043419507812e+14 0.000000000000000000e+00
2.089147107977521875e+14 0.000000000000000000e+00
2.091701291457571250e+14 0.000000000000000000e+00
2.094258597672840938e+14 0.000000000000000000e+00
2.096819030441170938e+14 0.000000000000000000e+00
2.099382593585075625e+14 0.000000000000000000e+00
2.101949290931742500e+14 0.000000000000000000e+00
2.104519126313031875e+14 0.000000000000000000e+00
2.107092103565495938e+14 0.000000000000000000e+00
2.109668226530376250e+14 0.000000000000000000e+00
2.112247499053604688e+14 0.000000000000000000e+00
2.114829924985822500e+14 0.000000000000000000e+00
2.117415508182377188e+14 0.000000000000000000e+00
2.120004252503324375e+14 0.000000000000000000e+00
2.122596161813447188e+14 0.000000000000000000e+00
2.125191239982245312e+14 0.000000000000000000e+00
2.127789490883955625e+14 0.000000000000000000e+00
2.130390918397551875e+14 0.000000000000000000e+00
2.132995526406744062e+14 0.000000000000000000e+00
2.135603318799995625e+14 0.000000000000000000e+00
2.138214299470525312e+14 0.000000000000000000e+00
2.140828472316304688e+14 0.000000000000000000e+00
2.143445841240077188e+14 0.000000000000000000e+00
2.146066410149358438e+14 0.000000000000000000e+00
2.148690182956434375e+14 0.000000000000000000e+00
2.151317163578380312e+14 0.000000000000000000e+00
2.153947355937061562e+14 0.000000000000000000e+00
2.156580763959130312e+14 0.000000000000000000e+00
2.159217391576048125e+14 0.000000000000000000e+00
2.161857242724080625e+14 0.000000000000000000e+00
2.164500321344301250e+14 0.000000000000000000e+00
2.167146631382607500e+14 0.000000000000000000e+00
2.169796176789721250e+14 0.000000000000000000e+00
2.172448961521188125e+14 0.000000000000000000e+00
2.175104989537395938e+14 0.000000000000000000e+00
2.177764264803575000e+14 0.000000000000000000e+00
2.180426791289796562e+14 0.000000000000000000e+00
2.183092572970992500e+14 0.000000000000000000e+00
2.185761613826953750e+14 0.000000000000000000e+00
2.188433917842331562e+14 0.000000000000000000e+00
2.191109489006654062e+14 0.000000000000000000e+00
2.193788331314328125e+14 0.000000000000000000e+00
2.196470448764636562e+14 0.000000000000000000e+00
2.199155845361759375e+14 0.000000000000000000e+00
2.201844525114770938e+14 0.000000000000000000e+00
2.204536492037641250e+14 0.000000000000000000e+00
2.207231750149253750e+14 0.000000000000000000e+00
2.209930303473406250e+14 0.000000000000000000e+00
2.212632156038809062e+14 0.000000000000000000e+00
2.215337311879103750e+14 0.000000000000000000e+00
2.218045775032864688e+14 0.000000000000000000e+00
2.220757549543596562e+14 0.000000000000000000e+00
2.223472639459754062e+14 0.000000000000000000e+00
2.226191048834741875e+14 0.000000000000000000e+00
2.228912781726913438e+14 0.000000000000000000e+00
2.231637842199590938e+14 0.000000000000000000e+00
2.234366234321063750e+14 0.000000000000000000e+00
2.237097962164589688e+14 0.000000000000000000e+00
2.239833029808411250e+14 0.000000000000000000e+00
2.242571441335758750e+14 0.000000000000000000e+00
2.245313200834847188e+14 0.000000000000000000e+00
2.248058312398896562e+14 0.000000000000000000e+00
2.250806780126131250e+14 0.000000000000000000e+00
2.253558608119779062e+14 0.000000000000000000e+00
2.256313800488092188e+14 0.000000000000000000e+00
2.259072361344344375e+14 0.000000000000000000e+00
2.261834294806831875e+14 0.000000000000000000e+00
2.264599604998892500e+14 0.000000000000000000e+00
2.267368296048906562e+14 0.000000000000000000e+00
2.270140372090292812e+14 0.000000000000000000e+00
2.272915837261531562e+14 0.000000000000000000e+00
2.275694695706163125e+14 0.000000000000000000e+00
2.278476951572786250e+14 0.000000000000000000e+00
2.281262609015078438e+14 0.000000000000000000e+00
2.284051672191795625e+14 0.000000000000000000e+00
2.286844145266771875e+14 0.000000000000000000e+00
2.289640032408938125e+14 0.000000000000000000e+00
2.292439337792322500e+14 0.000000000000000000e+00
2.295242065596049688e+14 0.000000000000000000e+00
2.298048220004360312e+14 0.000000000000000000e+00
2.300857805206610312e+14 0.000000000000000000e+00
2.303670825397270938e+14 0.000000000000000000e+00
2.306487284775949062e+14 0.000000000000000000e+00
2.309307187547385312e+14 0.000000000000000000e+00
2.312130537921453750e+14 0.000000000000000000e+00
2.314957340113183750e+14 0.000000000000000000e+00
2.317787598342756250e+14 0.000000000000000000e+00
2.320621316835505938e+14 0.000000000000000000e+00
2.323458499821940000e+14 0.000000000000000000e+00
2.326299151537738125e+14 0.000000000000000000e+00
2.329143276223750938e+14 0.000000000000000000e+00
2.331990878126020625e+14 0.000000000000000000e+00
2.334841961495782500e+14 0.000000000000000000e+00
2.337696530589460312e+14 0.000000000000000000e+00
2.340554589668691562e+14 0.000000000000000000e+00
2.343416143000315938e+14 0.000000000000000000e+00
2.346281194856394375e+14 0.000000000000000000e+00
2.349149749514213438e+14 0.000000000000000000e+00
2.352021811256280312e+14 0.000000000000000000e+00
2.354897384370345000e+14 0.000000000000000000e+00
2.357776473149401250e+14 0.000000000000000000e+00
2.360659081891682188e+14 0.000000000000000000e+00
2.363545214900685000e+14 0.000000000000000000e+00
2.366434876485166875e+14 0.000000000000000000e+00
2.369328070959146562e+14 0.000000000000000000e+00
2.372224802641924062e+14 0.000000000000000000e+00
2.375125075858079688e+14 0.000000000000000000e+00
2.378028894937474688e+14 0.000000000000000000e+00
2.380936264215270312e+14 0.000000000000000000e+00
2.383847188031928438e+14 0.000000000000000000e+00
2.386761670733210312e+14 0.000000000000000000e+00
2.389679716670197188e+14 0.000000000000000000e+00
2.392601330199290625e+14 0.000000000000000000e+00
2.395526515682210312e+14 0.000000000000000000e+00
2.398455277486015938e+14 0.000000000000000000e+00
2.401387619983107188e+14 0.000000000000000000e+00
2.404323547551220625e+14 0.000000000000000000e+00
2.407263064573454062e+14 0.000000000000000000e+00
2.410206175438262188e+14 0.000000000000000000e+00
2.413152884539459688e+14 0.000000000000000000e+00
2.416103196276238750e+14 0.000000000000000000e+00
2.419057115053171250e+14 0.000000000000000000e+00
2.422014645280205625e+14 0.000000000000000000e+00
2.424975791372690000e+14 0.000000000000000000e+00
2.427940557751370312e+14 0.000000000000000000e+00
2.430908948842390000e+14 0.000000000000000000e+00
2.433880969077311875e+14 0.000000000000000000e+00
2.436856622893115938e+14 0.000000000000000000e+00
2.439835914732199375e+14 0.000000000000000000e+00
2.442818849042399062e+14 0.000000000000000000e+00
2.445805430276988750e+14 0.000000000000000000e+00
2.448795662894679375e+14 0.000000000000000000e+00
2.451789551359641250e+14 0.000000000000000000e+00
2.454787100141501875e+14 0.000000000000000000e+00
2.457788313715346250e+14 0.000000000000000000e+00
2.460793196561737812e+14 0.000000000000000000e+00
2.463801753166718125e+14 0.000000000000000000e+00
2.466813988021805938e+14 0.000000000000000000e+00
2.469829905624017812e+14 0.000000000000000000e+00
2.472849510475870312e+14 0.000000000000000000e+00
2.475872807085375625e+14 0.000000000000000000e+00
2.478899799966065000e+14 0.000000000000000000e+00
2.481930493636988750e+14 0.000000000000000000e+00
2.484964892622714375e+14 0.000000000000000000e+00
2.488003001453348438e+14 0.000000000000000000e+00
2.491044824664535625e+14 0.000000000000000000e+00
2.494090366797459062e+14 0.000000000000000000e+00
2.497139632398861250e+14 0.000000000000000000e+00
2.500192626021043125e+14 0.000000000000000000e+00
2.503249352221864062e+14 0.000000000000000000e+00
2.506309815564763438e+14 0.000000000000000000e+00
2.509374020618760000e+14 0.000000000000000000e+00
2.512441971958450000e+14 0.000000000000000000e+00
2.515513674164031562e+14 0.000000000000000000e+00
2.518589131821302188e+14 0.000000000000000000e+00
2.521668349521657188e+14 0.000000000000000000e+00
2.524751331862114375e+14 0.000000000000000000e+00
2.527838083445311250e+14 0.000000000000000000e+00
2.530928608879504375e+14 0.000000000000000000e+00
2.534022912778592812e+14 0.000000000000000000e+00
2.537120999762116562e+14 0.000000000000000000e+00
2.540222874455255000e+14 0.000000000000000000e+00
2.543328541488850625e+14 0.000000000000000000e+00
2.546438005499407188e+14 0.000000000000000000e+00
2.549551271129089375e+14 0.000000000000000000e+00
2.552668343025745625e+14 0.000000000000000000e+00
2.555789225842905625e+14 0.000000000000000000e+00
2.558913924239782188e+14 0.000000000000000000e+00
2.562042442881290625e+14 0.000000000000000000e+00
2.565174786438051250e+14 0.000000000000000000e+00
2.568310959586385625e+14 0.000000000000000000e+00
2.571450967008340625e+14 0.000000000000000000e+00
2.574594813391688125e+14 0.000000000000000000e+00
2.577742503429921562e+14 0.000000000000000000e+00
2.580894041822282812e+14 0.000000000000000000e+00
2.584049433273758125e+14 0.000000000000000000e+00
2.587208682495076875e+14 0.000000000000000000e+00
2.590371794202740625e+14 0.000000000000000000e+00
2.593538773119004688e+14 0.000000000000000000e+00
2.596709623971906250e+14 0.000000000000000000e+00
2.599884351495264688e+14 0.000000000000000000e+00
2.603062960428675938e+14 0.000000000000000000e+00
2.606245455517541250e+14 0.000000000000000000e+00
2.609431841513062500e+14 0.000000000000000000e+00
2.612622123172241250e+14 0.000000000000000000e+00
2.615816305257905000e+14 0.000000000000000000e+00
2.619014392538703125e+14 0.000000000000000000e+00
2.622216389789107188e+14 0.000000000000000000e+00
2.625422301789435000e+14 0.000000000000000000e+00
2.628632133325846875e+14 0.000000000000000000e+00
2.631845889190347500e+14 0.000000000000000000e+00
2.635063574180809375e+14 0.000000000000000000e+00
2.638285193100969688e+14 0.000000000000000000e+00
2.641510750760430000e+14 0.000000000000000000e+00
2.644740251974682812e+14 0.000000000000000000e+00
2.647973701565104688e+14 0.000000000000000000e+00
2.651211104358960625e+14 0.000000000000000000e+00
2.654452465189425625e+14 0.000000000000000000e+00
2.657697788895582812e+14 0.000000000000000000e+00
2.660947080322424062e+14 0.000000000000000000e+00
2.664200344320872188e+14 0.000000000000000000e+00
2.667457585747780938e+14 0.000000000000000000e+00
2.670718809465935312e+14 0.000000000000000000e+00
2.673984020344071875e+14 0.000000000000000000e+00
2.677253223256879688e+14 0.000000000000000000e+00
2.680526423085000938e+14 0.000000000000000000e+00
2.683803624715051875e+14 0.000000000000000000e+00
2.687084833039622812e+14 0.000000000000000000e+00
2.690370052957279062e+14 0.000000000000000000e+00
2.693659289372580938e+14 0.000000000000000000e+00
2.696952547196087812e+14 0.000000000000000000e+00
2.700249831344351562e+14 0.000000000000000000e+00
2.703551146739945312e+14 0.000000000000000000e+00
2.706856498311459062e+14 0.000000000000000000e+00
2.710165890993501875e+14 0.000000000000000000e+00
2.713479329726722500e+14 0.000000000000000000e+00
2.716796819457811562e+14 0.000000000000000000e+00
2.720118365139497812e+14 0.000000000000000000e+00
2.723443971730574062e+14 0.000000000000000000e+00
2.726773644195896562e+14 0.000000000000000000e+00
2.730107387506381562e+14 0.000000000000000000e+00
2.733445206639032812e+14 0.000000000000000000e+00
2.736787106576937188e+14 0.000000000000000000e+00
2.740133092309267188e+14 0.000000000000000000e+00
2.743483168831302188e+14 0.000000000000000000e+00
2.746837341144429375e+14 0.000000000000000000e+00
2.750195614256142500e+14 0.000000000000000000e+00
2.753557993180065312e+14 0.000000000000000000e+00
2.756924482935950625e+14 0.000000000000000000e+00
2.760295088549681875e+14 0.000000000000000000e+00
2.763669815053293125e+14 0.000000000000000000e+00
2.767048667484972812e+14 0.000000000000000000e+00
2.770431650889059375e+14 0.000000000000000000e+00
2.773818770316066875e+14 0.000000000000000000e+00
2.777210030822684062e+14 0.000000000000000000e+00
2.780605437471774688e+14 0.000000000000000000e+00
2.784004995332399062e+14 0.000000000000000000e+00
2.787408709479816562e+14 0.000000000000000000e+00
2.790816584995481562e+14 0.000000000000000000e+00
2.794228626967070625e+14 0.000000000000000000e+00
2.797644840488480312e+14 0.000000000000000000e+00
2.801065230659825625e+14 0.000000000000000000e+00
2.804489802587466875e+14 0.000000000000000000e+00
2.807918561384005938e+14 0.000000000000000000e+00
2.811351512168287812e+14 0.000000000000000000e+00
2.814788660065423125e+14 0.000000000000000000e+00
2.818230010206790625e+14 0.000000000000000000e+00
2.821675567730031875e+14 0.000000000000000000e+00
2.825125337779079375e+14 0.000000000000000000e+00
2.828579325504154375e+14 0.000000000000000000e+00
2.832037536061766250e+14 0.000000000000000000e+00
2.835499974614736875e+14 0.000000000000000000e+00
2.838966646332201250e+14 0.000000000000000000e+00
2.842437556389604375e+14 0.000000000000000000e+00
2.845912709968726875e+14 0.000000000000000000e+00
2.849392112257686875e+14 0.000000000000000000e+00
2.852875768450934375e+14 0.000000000000000000e+00
2.856363683749281250e+14 0.000000000000000000e+00
2.859855863359894375e+14 0.000000000000000000e+00
2.863352312496302500e+14 0.000000000000000000e+00
2.866853036378415625e+14 0.000000000000000000e+00
2.870358040232518125e+14 0.000000000000000000e+00
2.873867329291289375e+14 0.000000000000000000e+00
2.877380908793807500e+14 0.000000000000000000e+00
2.880898783985548125e+14 0.000000000000000000e+00
2.884420960118407500e+14 0.000000000000000000e+00
2.887947442450702500e+14 0.000000000000000000e+00
2.891478236247171875e+14 0.000000000000000000e+00
2.895013346778998125e+14 0.000000000000000000e+00
2.898552779323808125e+14 0.000000000000000000e+00
2.902096539165673750e+14 0.000000000000000000e+00
2.905644631595135000e+14 0.000000000000000000e+00
2.909197061909200000e+14 0.000000000000000000e+00
2.912753835411345000e+14 0.000000000000000000e+00
2.916314957411537500e+14 0.000000000000000000e+00
2.919880433226239375e+14 0.000000000000000000e+00
2.923450268178401250e+14 0.000000000000000000e+00
2.927024467597491250e+14 0.000000000000000000e+00
2.930603036819493750e+14 0.000000000000000000e+00
2.934185981186908125e+14 0.000000000000000000e+00
2.937773306048772500e+14 0.000000000000000000e+00
2.941365016760666875e+14 0.000000000000000000e+00
2.944961118684709375e+14 0.000000000000000000e+00
2.948561617189582500e+14 0.000000000000000000e+00
2.952166517650531875e+14 0.000000000000000000e+00
2.955775825449366875e+14 0.000000000000000000e+00
2.959389545974486875e+14 0.000000000000000000e+00
2.963007684620876250e+14 0.000000000000000000e+00
2.966630246790106875e+14 0.000000000000000000e+00
2.970257237890365625e+14 0.000000000000000000e+00
2.973888663336450000e+14 0.000000000000000000e+00
2.977524528549768750e+14 0.000000000000000000e+00
2.981164838958367500e+14 0.000000000000000000e+00
2.984809599996928125e+14 0.000000000000000000e+00
2.988458817106768125e+14 0.000000000000000000e+00
2.992112495735867500e+14 0.000000000000000000e+00
2.995770641338865625e+14 0.000000000000000000e+00
2.999433259377062500e+14 0.000000000000000000e+00
3.003100355318443125e+14 0.000000000000000000e+00
3.006771934637678750e+14 0.000000000000000000e+00
3.010448002816124375e+14 0.000000000000000000e+00
3.014128565341845000e+14 0.000000000000000000e+00
3.017813627709617500e+14 0.000000000000000000e+00
3.021503195420924375e+14 0.000000000000000000e+00
3.025197273983985000e+14 0.000000000000000000e+00
3.028895868913754375e+14 0.000000000000000000e+00
3.032598985731917500e+14 0.000000000000000000e+00
3.036306629966923750e+14 0.000000000000000000e+00
3.040018807153976250e+14 0.000000000000000000e+00
3.043735522835041875e+14 0.000000000000000000e+00
3.047456782558868750e+14 0.000000000000000000e+00
3.051182591880988125e+14 0.000000000000000000e+00
3.054912956363718125e+14 0.000000000000000000e+00
3.058647881576183125e+14 0.000000000000000000e+00
3.062387373094316875e+14 0.000000000000000000e+00
3.066131436500862500e+14 0.000000000000000000e+00
3.069880077385396875e+14 0.000000000000000000e+00
3.073633301344330000e+14 0.000000000000000000e+00
3.077391113980905625e+14 0.000000000000000000e+00
3.081153520905227500e+14 0.000000000000000000e+00
3.084920527734256875e+14 0.000000000000000000e+00
3.088692140091814375e+14 0.000000000000000000e+00
3.092468363608605625e+14 0.000000000000000000e+00
3.096249203922220000e+14 0.000000000000000000e+00
3.100034666677128750e+14 0.000000000000000000e+00
3.103824757524715000e+14 0.000000000000000000e+00
3.107619482123271250e+14 0.000000000000000000e+00
3.111418846137997500e+14 0.000000000000000000e+00
3.115222855241030000e+14 0.000000000000000000e+00
3.119031515111438750e+14 0.000000000000000000e+00
3.122844831435230000e+14 0.000000000000000000e+00
3.126662809905368125e+14 0.000000000000000000e+00
3.130485456221780000e+14 0.000000000000000000e+00
3.134312776091349375e+14 0.000000000000000000e+00
3.138144775227949375e+14 0.000000000000000000e+00
3.141981459352437500e+14 0.000000000000000000e+00
3.145822834192655625e+14 0.000000000000000000e+00
3.149668905483459375e+14 0.000000000000000000e+00
3.153519678966713750e+14 0.000000000000000000e+00
3.157375160391296250e+14 0.000000000000000000e+00
3.161235355513124375e+14 0.000000000000000000e+00
3.165100270095140625e+14 0.000000000000000000e+00
3.168969909907343125e+14 0.000000000000000000e+00
3.172844280726783125e+14 0.000000000000000000e+00
3.176723388337566875e+14 0.000000000000000000e+00
3.180607238530880000e+14 0.000000000000000000e+00
3.184495837104990625e+14 0.000000000000000000e+00
3.188389189865243750e+14 0.000000000000000000e+00
3.192287302624093750e+14 0.000000000000000000e+00
3.196190181201100625e+14 0.000000000000000000e+00
3.200097831422928750e+14 0.000000000000000000e+00
3.204010259123376875e+14 0.000000000000000000e+00
3.207927470143375625e+14 0.000000000000000000e+00
3.211849470330988125e+14 0.000000000000000000e+00
3.215776265541435000e+14 0.000000000000000000e+00
3.219707861637096250e+14 0.000000000000000000e+00
3.223644264487511250e+14 0.000000000000000000e+00
3.227585479969403125e+14 0.000000000000000000e+00
3.231531513966680000e+14 0.000000000000000000e+00
3.235482372370435000e+14 0.000000000000000000e+00
3.239438061078971875e+14 0.000000000000000000e+00
3.243398585997807500e+14 0.000000000000000000e+00
3.247363953039667500e+14 0.000000000000000000e+00
3.251334168124516875e+14 0.000000000000000000e+00
3.255309237179558125e+14 0.000000000000000000e+00
3.259289166139231250e+14 0.000000000000000000e+00
3.263273960945240000e+14 0.000000000000000000e+00
3.267263627546553750e+14 0.000000000000000000e+00
3.271258171899403750e+14 0.000000000000000000e+00
3.275257599967316250e+14 0.000000000000000000e+00
3.279261917721104375e+14 0.000000000000000000e+00
3.283271131138874375e+14 0.000000000000000000e+00
3.287285246206049375e+14 0.000000000000000000e+00
3.291304268915371875e+14 0.000000000000000000e+00
3.295328205266899375e+14 0.000000000000000000e+00
3.299357061268036875e+14 0.000000000000000000e+00
3.303390842933531875e+14 0.000000000000000000e+00
3.307429556285477500e+14 0.000000000000000000e+00
3.311473207353338125e+14 0.000000000000000000e+00
3.315521802173950625e+14 0.000000000000000000e+00
3.319575346791521875e+14 0.000000000000000000e+00
3.323633847257658125e+14 0.000000000000000000e+00
3.327697309631365000e+14 0.000000000000000000e+00
3.331765739979046250e+14 0.000000000000000000e+00
3.335839144374530625e+14 0.000000000000000000e+00
3.339917528899074375e+14 0.000000000000000000e+00
3.344000899641357500e+14 0.000000000000000000e+00
3.348089262697515625e+14 0.000000000000000000e+00
3.352182624171135625e+14 0.000000000000000000e+00
3.356280990173257500e+14 0.000000000000000000e+00
3.360384366822403125e+14 0.000000000000000000e+00
3.364492760244573750e+14 0.000000000000000000e+00
3.368606176573250625e+14 0.000000000000000000e+00
3.372724621949423750e+14 0.000000000000000000e+00
3.376848102521591875e+14 0.000000000000000000e+00
3.380976624445760000e+14 0.000000000000000000e+00
3.385110193885468750e+14 0.000000000000000000e+00
3.389248817011796250e+14 0.000000000000000000e+00
3.393392500003354375e+14 0.000000000000000000e+00
3.397541249046318125e+14 0.000000000000000000e+00
3.401695070334426875e+14 0.000000000000000000e+00
3.405853970068981875e+14 0.000000000000000000e+00
3.410017954458875625e+14 0.000000000000000000e+00
3.414187029720593750e+14 0.000000000000000000e+00
3.418361202078208125e+14 0.000000000000000000e+00
3.422540477763415000e+14 0.000000000000000000e+00
3.426724863015525625e+14 0.000000000000000000e+00
3.430914364081471875e+14 0.000000000000000000e+00
3.435108987215830625e+14 0.000000000000000000e+00
3.439308738680827500e+14 0.000000000000000000e+00
3.443513624746333750e+14 0.000000000000000000e+00
3.447723651689897500e+14 0.000000000000000000e+00
3.451938825796738750e+14 0.000000000000000000e+00
3.456159153359753750e+14 0.000000000000000000e+00
3.460384640679543125e+14 0.000000000000000000e+00
3.464615294064408750e+14 0.000000000000000000e+00
3.468851119830356250e+14 0.000000000000000000e+00
3.473092124301122500e+14 0.000000000000000000e+00
3.477338313808177500e+14 0.000000000000000000e+00
3.481589694690718750e+14 0.000000000000000000e+00
3.485846273295706250e+14 0.000000000000000000e+00
3.490108055977860625e+14 0.000000000000000000e+00
3.494375049099659375e+14 0.000000000000000000e+00
3.498647259031374375e+14 0.000000000000000000e+00
3.502924692151050000e+14 0.000000000000000000e+00
3.507207354844541250e+14 0.000000000000000000e+00
3.511495253505507500e+14 0.000000000000000000e+00
3.515788394535416875e+14 0.000000000000000000e+00
3.520086784343575000e+14 0.000000000000000000e+00
3.524390429347120000e+14 0.000000000000000000e+00
3.528699335971027500e+14 0.000000000000000000e+00
3.533013510648140000e+14 0.000000000000000000e+00
3.537332959819161875e+14 0.000000000000000000e+00
3.541657689932663125e+14 0.000000000000000000e+00
3.545987707445108125e+14 0.000000000000000000e+00
3.550323018820854375e+14 0.000000000000000000e+00
3.554663630532151875e+14 0.000000000000000000e+00
3.559009549059176250e+14 0.000000000000000000e+00
3.563360780890022500e+14 0.000000000000000000e+00
3.567717332520710000e+14 0.000000000000000000e+00
3.572079210455209375e+14 0.000000000000000000e+00
3.576446421205443750e+14 0.000000000000000000e+00
3.580818971291286250e+14 0.000000000000000000e+00
3.585196867240592500e+14 0.000000000000000000e+00
3.589580115589199375e+14 0.000000000000000000e+00
3.593968722880921875e+14 0.000000000000000000e+00
3.598362695667588750e+14 0.000000000000000000e+00
3.602762040509036875e+14 0.000000000000000000e+00
3.607166763973113750e+14 0.000000000000000000e+00
3.611576872635707500e+14 0.000000000000000000e+00
3.615992373080744375e+14 0.000000000000000000e+00
3.620413271900191250e+14 0.000000000000000000e+00
3.624839575694083125e+14 0.000000000000000000e+00
3.629271291070525625e+14 0.000000000000000000e+00
3.633708424645692500e+14 0.000000000000000000e+00
3.638150983043856875e+14 0.000000000000000000e+00
3.642598972897391250e+14 0.000000000000000000e+00
3.647052400846764375e+14 0.000000000000000000e+00
3.651511273540576250e+14 0.000000000000000000e+00
3.655975597635555000e+14 0.000000000000000000e+00
3.660445379796556250e+14 0.000000000000000000e+00
3.664920626696593750e+14 0.000000000000000000e+00
3.669401345016841875e+14 0.000000000000000000e+00
3.673887541446631250e+14 0.000000000000000000e+00
3.678379222683481875e+14 0.000000000000000000e+00
3.682876395433101250e+14 0.000000000000000000e+00
3.687379066409386250e+14 0.000000000000000000e+00
3.691887242334450625e+14 0.000000000000000000e+00
3.696400929938629375e+14 0.000000000000000000e+00
3.700920135960472500e+14 0.000000000000000000e+00
3.705444867146781875e+14 0.000000000000000000e+00
3.709975130252605000e+14 0.000000000000000000e+00
3.714510932041239375e+14 0.000000000000000000e+00
3.719052279284261875e+14 0.000000000000000000e+00
3.723599178761528750e+14 0.000000000000000000e+00
3.728151637261172500e+14 0.000000000000000000e+00
3.732709661579636875e+14 0.000000000000000000e+00
3.737273258521676250e+14 0.000000000000000000e+00
3.741842434900350625e+14 0.000000000000000000e+00
3.746417197537062500e+14 0.000000000000000000e+00
3.750997553261553750e+14 0.000000000000000000e+00
3.755583508911906250e+14 0.000000000000000000e+00
3.760175071334571250e+14 0.000000000000000000e+00
3.764772247384371875e+14 0.000000000000000000e+00
3.769375043924500000e+14 0.000000000000000000e+00
3.773983467826550625e+14 0.000000000000000000e+00
3.778597525970518125e+14 0.000000000000000000e+00
3.783217225244798750e+14 0.000000000000000000e+00
3.787842572546221875e+14 0.000000000000000000e+00
3.792473574780046875e+14 0.000000000000000000e+00
3.797110238859966250e+14 0.000000000000000000e+00
3.801752571708136250e+14 0.000000000000000000e+00
3.806400580255175000e+14 0.000000000000000000e+00
3.811054271440163125e+14 0.000000000000000000e+00
3.815713652210676250e+14 0.000000000000000000e+00
3.820378729522785000e+14 0.000000000000000000e+00
3.825049510341051875e+14 0.000000000000000000e+00
3.829726001638566250e+14 0.000000000000000000e+00
3.834408210396943125e+14 0.000000000000000000e+00
3.839096143606319375e+14 0.000000000000000000e+00
3.843789808265393750e+14 0.000000000000000000e+00
3.848489211381417500e+14 0.000000000000000000e+00
3.853194359970200000e+14 0.000000000000000000e+00
3.857905261056137500e+14 0.000000000000000000e+00
3.862621921672216875e+14 0.000000000000000000e+00
3.867344348860010000e+14 0.000000000000000000e+00
3.872072549669713750e+14 0.000000000000000000e+00
3.876806531160128750e+14 0.000000000000000000e+00
3.881546300398697500e+14 0.000000000000000000e+00
3.886291864461503750e+14 0.000000000000000000e+00
3.891043230433270000e+14 0.000000000000000000e+00
3.895800405407392500e+14 0.000000000000000000e+00
3.900563396485939375e+14 0.000000000000000000e+00
3.905332210779651250e+14 0.000000000000000000e+00
3.910106855407973125e+14 0.000000000000000000e+00
3.914887337499053750e+14 0.000000000000000000e+00
3.919673664189745000e+14 0.000000000000000000e+00
3.924465842625638125e+14 0.000000000000000000e+00
3.929263879961058750e+14 0.000000000000000000e+00
3.934067783359066250e+14 0.000000000000000000e+00
3.938877559991492500e+14 0.000000000000000000e+00
3.943693217038935000e+14 0.000000000000000000e+00
3.948514761690759375e+14 0.000000000000000000e+00
3.953342201145133125e+14 0.000000000000000000e+00
3.958175542609023750e+14 0.000000000000000000e+00
3.963014793298198750e+14 0.000000000000000000e+00
3.967859960437258750e+14 0.000000000000000000e+00
3.972711051259636250e+14 0.000000000000000000e+00
3.977568073007597500e+14 0.000000000000000000e+00
3.982431032932273750e+14 0.000000000000000000e+00
3.987299938293661875e+14 0.000000000000000000e+00
3.992174796360622500e+14 0.000000000000000000e+00
3.997055614410915625e+14 0.000000000000000000e+00
4.001942399731198125e+14 0.000000000000000000e+00
4.006835159617025000e+14 0.000000000000000000e+00
4.011733901372880625e+14 0.000000000000000000e+00
4.016638632312181875e+14 0.000000000000000000e+00
4.021549359757274375e+14 0.000000000000000000e+00
4.026466091039466875e+14 0.000000000000000000e+00
4.031388833499033125e+14 0.000000000000000000e+00
4.036317594485207500e+14 0.000000000000000000e+00
4.041252381356223125e+14 0.000000000000000000e+00
4.046193201479307500e+14 0.000000000000000000e+00
4.051140062230684375e+14 0.000000000000000000e+00
4.056092970995607500e+14 0.000000000000000000e+00
4.061051935168360625e+14 0.000000000000000000e+00
4.066016962152252500e+14 0.000000000000000000e+00
4.070988059359660000e+14 0.000000000000000000e+00
4.075965234212018750e+14 0.000000000000000000e+00
4.080948494139826875e+14 0.000000000000000000e+00
4.085937846582678750e+14 0.000000000000000000e+00
4.090933298989265000e+14 0.000000000000000000e+00
4.095934858817370000e+14 0.000000000000000000e+00
4.100942533533909375e+14 0.000000000000000000e+00
4.105956330614926875e+14 0.000000000000000000e+00
4.110976257545593125e+14 0.000000000000000000e+00
4.116002321820245000e+14 0.000000000000000000e+00
4.121034530942380625e+14 0.000000000000000000e+00
4.126072892424658750e+14 0.000000000000000000e+00
4.131117413788935625e+14 0.000000000000000000e+00
4.136168102566265625e+14 0.000000000000000000e+00
4.141224966296895625e+14 0.000000000000000000e+00
4.146288012530305000e+14 0.000000000000000000e+00
4.151357248825203125e+14 0.000000000000000000e+00
4.156432682749527500e+14 0.000000000000000000e+00
4.161514321880480625e+14 0.000000000000000000e+00
4.166602173804529375e+14 0.000000000000000000e+00
4.171696246117403750e+14 0.000000000000000000e+00
4.176796546424131250e+14 0.000000000000000000e+00
4.181903082339039375e+14 0.000000000000000000e+00
4.187015861485750000e+14 0.000000000000000000e+00
4.192134891497219375e+14 0.000000000000000000e+00
4.197260180015736875e+14 0.000000000000000000e+00
4.202391734692919375e+14 0.000000000000000000e+00
4.207529563189755000e+14 0.000000000000000000e+00
4.212673673176596250e+14 0.000000000000000000e+00
4.217824072333161250e+14 0.000000000000000000e+00
4.222980768348568750e+14 0.000000000000000000e+00
4.228143768921340000e+14 0.000000000000000000e+00
4.233313081759395000e+14 0.000000000000000000e+00
4.238488714580088750e+14 0.000000000000000000e+00
4.243670675110214375e+14 0.000000000000000000e+00
4.248858971085996875e+14 0.000000000000000000e+00
4.254053610253131875e+14 0.000000000000000000e+00
4.259254600366786875e+14 0.000000000000000000e+00
4.264461949191597500e+14 0.000000000000000000e+00
4.269675664501706875e+14 0.000000000000000000e+00
4.274895754080748750e+14 0.000000000000000000e+00
4.280122225721885625e+14 0.000000000000000000e+00
4.285355087227805625e+14 0.000000000000000000e+00
4.290594346410725625e+14 0.000000000000000000e+00
4.295840011092426875e+14 0.000000000000000000e+00
4.301092089104252500e+14 0.000000000000000000e+00
4.306350588287106250e+14 0.000000000000000000e+00
4.311615516491493125e+14 0.000000000000000000e+00
4.316886881577515000e+14 0.000000000000000000e+00
4.322164691414871250e+14 0.000000000000000000e+00
4.327448953882894375e+14 0.000000000000000000e+00
4.332739676870551250e+14 0.000000000000000000e+00
4.338036868276440625e+14 0.000000000000000000e+00
4.343340536008831250e+14 0.000000000000000000e+00
4.348650687985660000e+14 0.000000000000000000e+00
4.353967332134530000e+14 0.000000000000000000e+00
4.359290476392752500e+14 0.000000000000000000e+00
4.364620128707341250e+14 0.000000000000000000e+00
4.369956297035012500e+14 0.000000000000000000e+00
4.375298989342223750e+14 0.000000000000000000e+00
4.380648213605173750e+14 0.000000000000000000e+00
4.386003977809796875e+14 0.000000000000000000e+00
4.391366289951806875e+14 0.000000000000000000e+00
4.396735158036691875e+14 0.000000000000000000e+00
4.402110590079714375e+14 0.000000000000000000e+00
4.407492594105948750e+14 0.000000000000000000e+00
4.412881178150283750e+14 0.000000000000000000e+00
4.418276350257414375e+14 0.000000000000000000e+00
4.423678118481886250e+14 0.000000000000000000e+00
4.429086490888093125e+14 0.000000000000000000e+00
4.434501475550273125e+14 0.000000000000000000e+00
4.439923080552550625e+14 0.000000000000000000e+00
4.445351313988933750e+14 0.000000000000000000e+00
4.450786183963312500e+14 0.000000000000000000e+00
4.456227698589496875e+14 0.000000000000000000e+00
4.461675865991219375e+14 0.000000000000000000e+00
4.467130694302128750e+14 0.000000000000000000e+00
4.472592191665832500e+14 0.000000000000000000e+00
4.478060366235894375e+14 0.000000000000000000e+00
4.483535226175832500e+14 0.000000000000000000e+00
4.489016779659160000e+14 0.000000000000000000e+00
4.494505034869382500e+14 0.000000000000000000e+00
